[    4260ms] [WARNING] [GPT] PubAdsService.enableSingleRequest is deprecated, use googletag.setConfig({singleRequest: ...}) instead.
https://goo.gle/gpt-message#170 @ https://securepubads.g.doubleclick.net/pagead/managed/js/gpt/m202606260101/pubads_impl.js?cb=31099460:18
[    4396ms] [WARNING] [GPT] Div ID passed to googletag.display() does not match any defined slots: bsa-zone_1745515015929-0_123456.
https://goo.gle/gpt-message#26 @ https://securepubads.g.doubleclick.net/pagead/managed/js/gpt/m202606260101/pubads_impl.js?cb=31099460:18
[    4666ms] [WARNING] [GPT] Slot.getTargeting is deprecated, use Slot.getConfig('targeting') instead.
https://goo.gle/gpt-message#201 @ https://securepubads.g.doubleclick.net/pagead/managed/js/gpt/m202606260101/pubads_impl.js?cb=31099460:18
[    5581ms] [ERROR] Failed to load resource: the server responded with a status of 400 () @ https://s.seedtag.com/c/hb/bid:0
[   14303ms] [ERROR] Failed to load resource: net::ERR_SOCKET_NOT_CONNECTED @ https://match.sharethrough.com/sync/v1?source_id=UiRtTsXAfjmfSDAKnR1FjWsu&source_user_id=MR9OBV26-1I-763S:0
[   14303ms] [ERROR] Failed to load resource: net::ERR_SOCKET_NOT_CONNECTED @ https://match.sharethrough.com/sync/v1?source_id=UiRtTsXAfjmfSDAKnR1FjWsu&source_user_id=MR9OBV26-1I-763S:0
[   14303ms] [ERROR] Failed to load resource: net::ERR_SOCKET_NOT_CONNECTED @ https://match.sharethrough.com/sync/v1?source_id=UiRtTsXAfjmfSDAKnR1FjWsu&source_user_id=MR9OBV26-1I-763S:0
[   18596ms] [ERROR] Attestation check for Shared Storage on https://www.googleadservices.com failed. @ https://www.googleadservices.com/pagead/managed/js/activeview/current/reach_worklet.html:0
[   18799ms] [ERROR] Attestation check for Shared Storage on https://www.googleadservices.com failed. @ https://www.googleadservices.com/pagead/managed/js/activeview/current/reach_worklet.html:0
[   19802ms] [ERROR] Failed to load resource: the server responded with a status of 424 (Failed Dependency) @ https://t.adx.opera.com/pub/sync?pubid=pub10101531197440&gdpr=1&gdpr_consent=:0
[   20064ms] [ERROR] Failed to load resource: net::ERR_NAME_NOT_RESOLVED @ https://cs.lkqd.net/cs?partnerId=59&partnerUserId=CAESEHJlOXjDHEx9OjGTi0oIuyg&gdpr=0&google_cver=1:0
[   20076ms] [ERROR] Failed to load resource: net::ERR_NAME_NOT_RESOLVED @ https://cs.lkqd.net/cs?partnerId=59&redirect=https%3A%2F%2Fcm.g.doubleclick.net%2Fpixel%3Fgoogle_nid%3Dlkqd_dbm%26google_hm%3D%24%24rawlkqduserid%7Cbase64%24%24:0
[   20501ms] [ERROR] Failed to load resource: net::ERR_SOCKET_NOT_CONNECTED @ https://csync.loopme.me/?pubid=11537&gdpr=${GDPR}&gdpr_consent=${GDPR_CONSENT_109}&redirect=https%3A%2F%2Fcm.g.doubleclick.net%2Fpixel%3Fgoogle_nid%3Dloopme_eb_%26google_hm%3D{viewer_token}&google_gid=CAESENIasOELs1nsGH7Uiw38rxM&google_cver=1&google_push=AXcoOmR-YEiYEs2Eu6H4a0iU8G52-uIddi3AX5yGaJFEkfyPgwXP2dqaCZRVgariPZbLl1HFnRLy9SYrQ5JeiD0Z8rjnspppbMgCgAGe64t--QikfJcfaqYxEw2CNvgqjA8h9z6OTsjESwXUJpM8B4Wd44R8:0
[   20503ms] [ERROR] Failed to load resource: net::ERR_SOCKET_NOT_CONNECTED @ https://csync.loopme.me/?pubid=11537&gdpr=${GDPR}&gdpr_consent=${GDPR_CONSENT_109}&redirect=https%3A%2F%2Fcm.g.doubleclick.net%2Fpixel%3Fgoogle_nid%3Dloopme_eb_%26google_hm%3D{viewer_token}&google_gid=CAESENIasOELs1nsGH7Uiw38rxM&google_cver=1&google_push=AXcoOmSRuoh-o38PnWW8yWdXnrCyDtZk-6ohpha0x6xv_2ZPfe0AxjQuL0HS1fENsNxlRH2fb2Wei_SMjMDfTTJobX7yn-b-G6lv_3yEF1jU3EOYymchmf9QxME2dbSZBEYc6nI1JwapB29qZK-jeu1OeBx0tA:0
[   14303ms] [ERROR] Failed to load resource: net::ERR_SOCKET_NOT_CONNECTED @ https://match.sharethrough.com/sync/v1?source_id=UiRtTsXAfjmfSDAKnR1FjWsu&source_user_id=MR9OBV26-1I-763S:0
[   21885ms] [ERROR] Failed to load resource: the server responded with a status of 404 (Not Found) @ https://b1sync.zemanta.com/usersync/ogury/?gdpr=0&gdpr_consent=&cb=https%3A%2F%2Fms-cookie-sync.presage.io%2Fuser-sync%3Foutbrain_id%3D__ZUID__:0
[   22860ms] [ERROR] Failed to load resource: net::ERR_SOCKET_NOT_CONNECTED @ https://sync.go.sonobi.com/us.gif?nw=zt&nuid=1917759426150941384:0
[   25766ms] [ERROR] Attestation check for Shared Storage on https://www.googleadservices.com failed. @ https://www.googleadservices.com/pagead/managed/js/activeview/current/reach_worklet.html:0
[   26257ms] [ERROR] Failed to load resource: net::ERR_SOCKET_NOT_CONNECTED @ https://sync.targeting.unrulymedia.com/csync/RX-9ec1288d-a6be-4e05-a575-925bfbfcec30-005?redir=https%3A%2F%2Fcm.g.doubleclick.net%2Fpixel%3Fgoogle_nid%3Dr1%26google_push%3DAXcoOmRNlE-vVpX33yR7zzgBGCeYPM9q5JaB-BTpkNrvbWQWEJKvVEcbYIRXgqE7Xe-VHNV8T6mJ6Bcln217WNriiFIRlGV9TtG5F1lvDcV8spKI9QkyMb_oUNan9Z_Us67f_kYEACTtcmemNYAb5AhYOfyY%26google_hm%3DBZ7BKI2mvk4FpXWSW_v87DA:0
[   26260ms] [ERROR] Failed to load resource: net::ERR_SOCKET_NOT_CONNECTED @ https://sync.targeting.unrulymedia.com/csync/RX-9ec1288d-a6be-4e05-a575-925bfbfcec30-005?redir=https%3A%2F%2Fsync.kueezrtb.com%2Fapi%2Fcookie%3FpartnerId%3Dkueez-r1%26userId%3DRX-9ec1288d-a6be-4e05-a575-925bfbfcec30-005:0
[   26437ms] [ERROR] Failed to load resource: net::ERR_SOCKET_NOT_CONNECTED @ https://sync.targeting.unrulymedia.com/csync/RX-9ec1288d-a6be-4e05-a575-925bfbfcec30-005?redir=https%3A%2F%2Fms-cookie-sync.presage.io%2Fuser-sync%3Fnexxen_id%3DRX-9ec1288d-a6be-4e05-a575-925bfbfcec30-005:0
[   19802ms] [ERROR] Failed to load resource: the server responded with a status of 424 (Failed Dependency) @ https://t.adx.opera.com/pub/sync?pubid=pub10101531197440&gdpr=1&gdpr_consent=:0
[   26825ms] [ERROR] Failed to load resource: net::ERR_CONNECTION_CLOSED @ https://pxl.iqm.com/i/ck/equativ?cid=SMART_USER_ID&redir=https%3A%2F%2Frtb-csync.smartadserver.com%2Fredir%2F%3Fissi%3D1%26partnerid%3D154%26partneruserid%3D%7BIQM_COOKIE%7D&gdpr=0&gdpr_consent=:0
[   29349ms] [ERROR] Failed to load resource: net::ERR_NAME_NOT_RESOLVED @ https://cs.iqzone.com/6f0476ca45e1d6b67e3ee8d57532a022.gif?redir=https%3A%2F%2Fsync.cootlogix.com%2Fapi%2Fcookie%3FpartnerId%3Diqzone%26gdpr%3D0%26gdpr_consent%3D%26us_privacy%3D%26userId%3D%5BUID%5D&gdpr=0&gdpr_consent=&ccpa=:0
[   29364ms] [ERROR] Failed to load resource: net::ERR_CONNECTION_CLOSED @ https://pxl.iqm.com/i/ck/equativ?cid=SMART_USER_ID&redir=https%3A%2F%2Frtb-csync.smartadserver.com%2Fredir%2F%3Fissi%3D1%26partnerid%3D154%26partneruserid%3D%7BIQM_COOKIE%7D:0
[   14303ms] [ERROR] Failed to load resource: net::ERR_SOCKET_NOT_CONNECTED @ https://match.sharethrough.com/sync/v1?source_id=UiRtTsXAfjmfSDAKnR1FjWsu&source_user_id=MR9OBV26-1I-763S:0
[   14303ms] [ERROR] Failed to load resource: net::ERR_SOCKET_NOT_CONNECTED @ https://match.sharethrough.com/sync/v1?source_id=UiRtTsXAfjmfSDAKnR1FjWsu&source_user_id=MR9OBV26-1I-763S:0
[   26825ms] [ERROR] Failed to load resource: net::ERR_CONNECTION_CLOSED @ https://pxl.iqm.com/i/ck/equativ?cid=SMART_USER_ID&redir=https%3A%2F%2Frtb-csync.smartadserver.com%2Fredir%2F%3Fissi%3D1%26partnerid%3D154%26partneruserid%3D%7BIQM_COOKIE%7D&gdpr=0&gdpr_consent=:0
[   29364ms] [ERROR] Failed to load resource: net::ERR_CONNECTION_CLOSED @ https://pxl.iqm.com/i/ck/equativ?cid=SMART_USER_ID&redir=https%3A%2F%2Frtb-csync.smartadserver.com%2Fredir%2F%3Fissi%3D1%26partnerid%3D154%26partneruserid%3D%7BIQM_COOKIE%7D:0
[   19802ms] [ERROR] Failed to load resource: the server responded with a status of 424 (Failed Dependency) @ https://t.adx.opera.com/pub/sync?pubid=pub10101531197440&gdpr=1&gdpr_consent=:0
[   26825ms] [ERROR] Failed to load resource: net::ERR_CONNECTION_CLOSED @ https://pxl.iqm.com/i/ck/equativ?cid=SMART_USER_ID&redir=https%3A%2F%2Frtb-csync.smartadserver.com%2Fredir%2F%3Fissi%3D1%26partnerid%3D154%26partneruserid%3D%7BIQM_COOKIE%7D&gdpr=0&gdpr_consent=:0
[   29364ms] [ERROR] Failed to load resource: net::ERR_CONNECTION_CLOSED @ https://pxl.iqm.com/i/ck/equativ?cid=SMART_USER_ID&redir=https%3A%2F%2Frtb-csync.smartadserver.com%2Fredir%2F%3Fissi%3D1%26partnerid%3D154%26partneruserid%3D%7BIQM_COOKIE%7D:0
[   33774ms] [ERROR] Failed to load resource: the server responded with a status of 424 (Failed Dependency) @ https://t.adx.opera.com/pub/sync?pubid=pub10101531197440&gdpr=1&gdpr_consent=:0
[   19802ms] [ERROR] Failed to load resource: the server responded with a status of 424 (Failed Dependency) @ https://t.adx.opera.com/pub/sync?pubid=pub10101531197440&gdpr=1&gdpr_consent=:0
[   33774ms] [ERROR] Failed to load resource: the server responded with a status of 424 (Failed Dependency) @ https://t.adx.opera.com/pub/sync?pubid=pub10101531197440&gdpr=1&gdpr_consent=:0
[   19802ms] [ERROR] Failed to load resource: the server responded with a status of 424 (Failed Dependency) @ https://t.adx.opera.com/pub/sync?pubid=pub10101531197440&gdpr=1&gdpr_consent=:0
[   33774ms] [ERROR] Failed to load resource: the server responded with a status of 424 (Failed Dependency) @ https://t.adx.opera.com/pub/sync?pubid=pub10101531197440&gdpr=1&gdpr_consent=:0
[   36445ms] [ERROR] Failed to load resource: the server responded with a status of 404 () @ https://id5-sync.com/k/1364.gif?TruAudienceID=E1:g7PL70NHu_82qp-y7G0NmMium4SF83l6IWA7FbzjWc2oHtSjV2UzvuldxErwfbptyihDnT6cmYcFPL-eSLwXhXy2To9-033BLyWKXnz_xHI:0
[   18596ms] [ERROR] Attestation check for Shared Storage on https://www.googleadservices.com failed. @ https://www.googleadservices.com/pagead/managed/js/activeview/current/reach_worklet.html:0
[   18799ms] [ERROR] Attestation check for Shared Storage on https://www.googleadservices.com failed. @ https://www.googleadservices.com/pagead/managed/js/activeview/current/reach_worklet.html:0
[   25766ms] [ERROR] Attestation check for Shared Storage on https://www.googleadservices.com failed. @ https://www.googleadservices.com/pagead/managed/js/activeview/current/reach_worklet.html:0
[   37662ms] [ERROR] Failed to load resource: the server responded with a status of 404 () @ https://cs.admanmedia.com/c899400112bd5b9243b3993d9a074653.gif?puid=[UID]&redir=https%3A%2F%2Fcsync.smilewanted.com%2Fset_partner_userid_get%2Fillumin%2F%5BUID%5D&gdpr=0&gdpr_consent=:0
[   38155ms] [ERROR] Attestation check for Shared Storage on https://www.googleadservices.com failed. @ https://www.googleadservices.com/pagead/managed/js/activeview/current/reach_worklet.html:0
[   38221ms] [ERROR] Failed to load resource: the server responded with a status of 404 () @ https://id5-sync.com/k/155.gif?puid=AABgjU7UmCEAAAFLIJ7i4g&id5AccountNum=155&numCascadesAllowed=9&gdpr=0:0
[   14303ms] [ERROR] Failed to load resource: net::ERR_SOCKET_NOT_CONNECTED @ https://match.sharethrough.com/sync/v1?source_id=UiRtTsXAfjmfSDAKnR1FjWsu&source_user_id=MR9OBV26-1I-763S:0
[   20064ms] [ERROR] Failed to load resource: net::ERR_NAME_NOT_RESOLVED @ https://cs.lkqd.net/cs?partnerId=59&partnerUserId=CAESEHJlOXjDHEx9OjGTi0oIuyg&gdpr=0&google_cver=1:0
[   20076ms] [ERROR] Failed to load resource: net::ERR_NAME_NOT_RESOLVED @ https://cs.lkqd.net/cs?partnerId=59&redirect=https%3A%2F%2Fcm.g.doubleclick.net%2Fpixel%3Fgoogle_nid%3Dlkqd_dbm%26google_hm%3D%24%24rawlkqduserid%7Cbase64%24%24:0
[   40525ms] [ERROR] Failed to load resource: net::ERR_CONNECTION_RESET @ https://pxl.iqm.com/i/ck/equativ?cid=SMART_USER_ID&redir=https%3A%2F%2Frtb-csync.smartadserver.com%2Fredir%2F%3Fissi%3D1%26partnerid%3D154%26partneruserid%3D%7BIQM_COOKIE%7D&gdpr=0&gdpr_consent=:0
[   26825ms] [ERROR] Failed to load resource: net::ERR_CONNECTION_CLOSED @ https://pxl.iqm.com/i/ck/equativ?cid=SMART_USER_ID&redir=https%3A%2F%2Frtb-csync.smartadserver.com%2Fredir%2F%3Fissi%3D1%26partnerid%3D154%26partneruserid%3D%7BIQM_COOKIE%7D&gdpr=0&gdpr_consent=:0
[   29364ms] [ERROR] Failed to load resource: net::ERR_CONNECTION_CLOSED @ https://pxl.iqm.com/i/ck/equativ?cid=SMART_USER_ID&redir=https%3A%2F%2Frtb-csync.smartadserver.com%2Fredir%2F%3Fissi%3D1%26partnerid%3D154%26partneruserid%3D%7BIQM_COOKIE%7D:0
[   38221ms] [ERROR] Failed to load resource: the server responded with a status of 404 () @ https://id5-sync.com/k/155.gif?puid=AABgjU7UmCEAAAFLIJ7i4g&id5AccountNum=155&numCascadesAllowed=9&gdpr=0:0
[   40525ms] [ERROR] Failed to load resource: net::ERR_CONNECTION_RESET @ https://pxl.iqm.com/i/ck/equativ?cid=SMART_USER_ID&redir=https%3A%2F%2Frtb-csync.smartadserver.com%2Fredir%2F%3Fissi%3D1%26partnerid%3D154%26partneruserid%3D%7BIQM_COOKIE%7D&gdpr=0&gdpr_consent=:0
[   19802ms] [ERROR] Failed to load resource: the server responded with a status of 424 (Failed Dependency) @ https://t.adx.opera.com/pub/sync?pubid=pub10101531197440&gdpr=1&gdpr_consent=:0
[   33774ms] [ERROR] Failed to load resource: the server responded with a status of 424 (Failed Dependency) @ https://t.adx.opera.com/pub/sync?pubid=pub10101531197440&gdpr=1&gdpr_consent=:0
[   42302ms] [ERROR] Failed to load resource: the server responded with a status of 424 (Failed Dependency) @ https://t.adx.opera.com/pub/sync?pubid=pub10101531197440&gdpr=1&gdpr_consent=:0
[   42690ms] [ERROR] Failed to load resource: net::ERR_SOCKET_NOT_CONNECTED @ https://dsp-2.presage.io/sync?bidswitch_ssp_id=brave&bsw_custom_parameter=996b0401-d5c2-4c38-a61f-8ae85f5d65ed&gdpr=0&gdpr_consent=:0
[   42752ms] [ERROR] Failed to load resource: net::ERR_SOCKET_NOT_CONNECTED @ https://ssp.wp.pl/v1/sync/smart/uid?redirect=https%3A%2F%2Frtb-csync.smartadserver.com%2Fredir%2F%3Fissi%3D1%26partnerid%3D55:0
[   19802ms] [ERROR] Failed to load resource: the server responded with a status of 424 (Failed Dependency) @ https://t.adx.opera.com/pub/sync?pubid=pub10101531197440&gdpr=1&gdpr_consent=:0
[   33774ms] [ERROR] Failed to load resource: the server responded with a status of 424 (Failed Dependency) @ https://t.adx.opera.com/pub/sync?pubid=pub10101531197440&gdpr=1&gdpr_consent=:0
[   42302ms] [ERROR] Failed to load resource: the server responded with a status of 424 (Failed Dependency) @ https://t.adx.opera.com/pub/sync?pubid=pub10101531197440&gdpr=1&gdpr_consent=:0
[   43811ms] [ERROR] Failed to load resource: the server responded with a status of 424 (Failed Dependency) @ https://t.adx.opera.com/pub/sync?pubid=pub10101531197440&gdpr=1&gdpr_consent=:0
[   43867ms] [ERROR] Failed to load resource: net::ERR_SOCKET_NOT_CONNECTED @ https://ssp-sync.criteo.com/user-sync/redirect?profile=342&gdpr_consent=&gdpr=0&gpp=&gpp_sid=&redir=https%3A%2F%2Fsync.richaudience.com%2F0c90fc1c188056486dbb210f25023b8a%2F%3Fgdpr%3D0%26euconsent%3D%26uid%3D${CRITEO_USER_ID}:0
[   43868ms] [ERROR] Failed to load resource: net::ERR_SOCKET_NOT_CONNECTED @ https://ssp-sync.criteo.com/user-sync/redirect?gdpr=0&gdpr_consent=&profile=342&redir=https%3A%2F%2Fcs-server-s2s.yellowblue.io%2Fcs%3Ffwrd%3D1%26aid%3D11614%26id%3D%24%7BCRITEO_USER_ID%7D:0
[   43906ms] [ERROR] Failed to load resource: net::ERR_SOCKET_NOT_CONNECTED @ https://b1sync.outbrain.com/usersync/openx?puid=4989ee83-3b0c-463a-bcf5-dbb54d5c18d6&cb=https%3A%2F%2Fus-u.openx.net%2Fw%2F1.0%2Fsd%3Fid%3D560843120%26val%3D__ZUID__:0
[   44163ms] [ERROR] Failed to load resource: net::ERR_SOCKET_NOT_CONNECTED @ https://ow.pubmatic.com/setuid?bidder=amx&uid=bb372e18-e7d8-491f-9726-00e40a8d71a0&gdpr=0&us_privacy=1---:0
[   44717ms] [ERROR] Failed to load resource: net::ERR_SOCKET_NOT_CONNECTED @ https://pixel.tapad.com/idsync/ex/push?partner_id=2922&partner_url=https%3A%2F%2Fid5-sync.com%2Fc%2F286%2F108%2F8%2F2.gif%3Fpuid%3D%24%7BTA_DEVICE_ID%7D%26gdpr%3D0%26gdpr_consent%3D&gdpr=0&gdpr_consent=:0
[   44718ms] [ERROR] Failed to load resource: net::ERR_SOCKET_NOT_CONNECTED @ https://pixel.tapad.com/idsync/ex/push?partner_id=2922&partner_url=https%3A%2F%2Fid5-sync.com%2Fc%2F441%2F108%2F2%2F8.gif%3Fpuid%3D%24%7BTA_DEVICE_ID%7D%26gdpr%3D0%26gdpr_consent%3D&gdpr=0&gdpr_consent=:0
[   44719ms] [ERROR] Failed to load resource: net::ERR_SOCKET_NOT_CONNECTED @ https://pixel.tapad.com/idsync/ex/receive?partner_id=1955&partner_device_id=643ae739-8b83-4a3f-a127-dfa15dc007a1:0
[   44789ms] [ERROR] Failed to load resource: net::ERR_CONNECTION_CLOSED @ https://csync.loopme.me/?gdpr=0&gdpr_consent=&pubid=11362&redirect=https%3A%2F%2Fcs-server-s2s.yellowblue.io%2Fcs%3Ffwrd%3D1%26aid%3D11571%26id%3D%7Bdevice_id%7D:0
[   46942ms] [ERROR] Failed to load resource: net::ERR_CONNECTION_RESET @ https://trace.us.rtbwise.com/api/v1/cookie/sync?partner=criteo&cb=https%3a%2f%2fssp-sync.criteo.com%2fuser-sync%2fmatch%3fp%3dX6m3D19KT0wlMkZBQjZKNzNydVdub1N6dm10bndEek9kWVk4bkRyOGtLd2trR2lNdU0lM0Q%26u%3d%24%7bUSER_ID%7d:0
[   47863ms] [ERROR] Failed to load resource: the server responded with a status of 404 () @ https://id5-sync.com/k/1364.gif?TruAudienceID=E1:g7PL70NHu_82qp-y7G0NmMium4SF83l6IWA7FbzjWc2oHtSjV2UzvuldxErwfbptyihDnT6cmYcFPL-eSLwXhXy2To9-033BLyWKXnz_xHI:0
[   47867ms] [ERROR] Failed to load resource: net::ERR_SOCKET_NOT_CONNECTED @ https://googleads4.g.doubleclick.net/pcs/view?xai=AKAOjsvLyqYmRzwquCeWQnH8Iy_vMA8LngMHKykDeZjClyq2UMNtL0SwvD8piDv7t80ppDC2Dnm7agqrxmrRi_cZ2I2sZFuHZoPmPp90GV5SxaFGG-NPqZbi9Vdq60AHdXgJQGRW_yTddVv3mCE4iZ3zEsmvETyAkrwM6b3FOR_BJMlPgGAom77XNYsTKMcqh8uuJOZN0SRB5KR31OC9PLNo8MRV8UlF-z-PObpXW6fInR6wuSFd83uYbZhZD6SXHmMeWFpfQprT6xyjgBFYhaUpC8XtOt8B-08_QHUTZT1-qf2L5BOxj95uWcwopE1hwwEL1x37hGeHb2r6uQwjLV6T89ryF-ioP0beTYC8KmHvH76M_9nYxQzyNFlkb6oTAETkHzH3POvf0ED3TOyMW6A1o0LncTAs0g_iX2H2kP52kcMIo4Dmqr5k2LofloOk5Z91GoVNR5ig-K-K2IwJlbyd7tA4LeI_MPyLE-Mc0ZsFfDRbMOKgK4ZFCKzG8Z76E3RsbYSOM6MWJQF6hqWYdiRXF9B8rHSCO6o4_pg6catBBkqqfPUR_2UsivMD4En_br6wkVf-WOTMecyvQ6DlqT8-Rw-aH9lshDcg1S5BINnbM5mKro7tBCoJkWXLq6aUVPN19-7StuYPDE4nUlLbpn6cSx0xkGWaYfvVyuH5v7fReE5iDW2QIbiaczfP7zAKYr5QJWoilsSfpe_kbovgnUJrNSX2dP0LB9q4N-PFqq7-HwOR4YAFgcqJzTnMb7hFx8FNpavSzP2M16dI61qHyafXjTUbBirz3P-sJGCvQLJUBnqOfmBNNzd_5AbxLjGVkf1S5Lw1-ChVNzJENdgRUTtM7ff3XSYlAQTe0K6aSvtot6iuNebm6RnbrQm3itVJvzZmz6CGHVXI_BXIYgwWdAzQKxiaZjUjhobieLinLLY-GOPHTXUs7AZwHB8n9knAcJN7wHFTYeOMKQjzRZSQCDtFp3nFzcAutxt5LVdnBP8IsnZBJECY9gHDXdghCtE7Tkz1uW3UBQj7MrKy07hLA8xtHX6U4x0dhi1_bcAU4GZj_GROhBHIjq4Pd0npIGRM-qM-w8ab92n5Ow0Z4U12YnTEVe64TldZESatP-vDAXqLJohtXPXe-ZbPOS7p2pPca7EhjrHtBb3w4EvCa8SsvvIrPCRPabvpMopd1tTDN7IxwxxuP28rcec7U2pfG6Exdr9FNWXuSyAhqsZ8U2jz5j95rBK04o4-u1XH-Abp1MvEWzwL834wujU4TQTaK5Eo5Rk-ZGG-DlrH2OcLgydpe5Qc8aW4wrU9ZUg8DPmpTVToU_vX4OReKTxIbBKBfWwiiwQhFDsCYndT6I9yTvVPPcvso0nflEVujqCszAtFvqXdZ5Pa7WKAw6r30pk7tLpi8rCj_acNBl6I6qOE02Ena9L1TZTjLt6Es8xlB8mTQG4p55WiQVSIMqcgZFmRc3xLC_d9GUVTITm65a4XWjsSjKQYpVkV0NulNdtoIo0-qqS7H4KCXvVYn2uaFa33r6ckUK_e-64KIHwg7CoFp6T0QjykYn3LTSTi4HRYgvWtjMTidYLMhk3HVbhCQMbZ8ep-skpGSuWibS3rjpulIGw&sai=AMfl-YQEU_bFnFwRciIGfFwF68KacvSN-Hnwc_g8gF6QXAVeVNI4inBsO5Foc9wHHgdQj8DrElFoZj7aRuz-xiT0d1Rm_0MsUG6YcMGwt6pf-ITkI4Law3UzLAFtsGh6e_3OpGnpqhCPPRABS1Y7OaIWGLDY9UvopQ8BaCzgMerJvYSWFoZFo5ONmv4e5qrBHhgFLKsFduwg4T0xF8YBnv-AMWOIUDKTKbs3kIFcJK93pMpCjglqIYSk5RKe3aHpy12vlO4e_XbcmWn_QlKXyjHgGdwLUeCMusY1d63w9NT2YEEReRm0JxMTlN7DIwWv7BkEbBX35etY1zzv4125YagZUqsaF72tUrLhzUaq5tgj5KlQ5jBxBVDXROoLDSfohvHKnrsstfOwAh1sSKXhZsVIf96kpCh1mhVRnITmyhemGBzDW2eUetOKh9ITBH4S7qAnY6dd52_a1PX_kPFtV1qqTnEZNokza5KU2PMuh0l77ybpn4NpC-Qht4-L_gRudfVtEU-8MwgGfZg96FkWRh0tIM77MEeXyGqd08L6EY4pP7nr6TXKqE1TZAPqhtbSExdMFS-Qi7_miiJtyjpEBqpkRalrB3G3mUHpDtxO-nhv3qljtLeabAVdTZOnn5Khr60C3PevpM4sKg1vTRhz3o38H_EklS0clN2pQeEbpS0i5VQk5zbcojXfLEQkmaO35_zdqWCz1cYFvEhBVqOvkzig4UDha6oUKQsjOQ6dTqptN2udoCEmWPIhrd89kU-PiPSy9Ju4p21aDKxM_OIoPvkfmO_uqY5GgS24UGe4Lxq-CJp-COERr1M9h6I3NTI2X1XvZ8rxUxBi06XP8YKtK6U-VJLW0sBAdyEdhbIUMSBiKTZRIXkgyQeacmXL4Y4nvvDdkqK60uiiIuHPHyEg1kXMoYenlh_tw832PczTWxn044QmKyTLT_1zsHwFGkGv4CPDtebmeEicAUG5naspWo8EBgYdjPg-Vw6JnkIVnq9UmaOnvs_lhQ&sig=Cg0ArKJSzMV16aN9qCxoEAE&uach_m=%5BUACH%5D&pr=60:0.409492&cry=1&fbs_aeid=%5Bgw_fbsaeid%5D&urlfix=1&omid=0&rm=1&ctpt=8293&cbvp=1&cstd=8284&cisv=r20260706.82422&uach=WyJtYWNPUyIsIjEyLjcuNiIsIng4NiIsIiIsIjE0OS4wLjc4MjcuMjAxIixudWxsLDAsbnVsbCwiNjQiLFtbIkdvb2dsZSBDaHJvbWUiLCIxNDkuMC43ODI3LjIwMSJdLFsiQ2hyb21pdW0iLCIxNDkuMC43ODI3LjIwMSJdLFsiTm90KUE7QnJhbmQiLCIyNC4wLjAuMCJdXSwwXQ..&arae=1&ftch=1&adurl=:0
[   49502ms] TypeError: Failed to fetch
    at Z (<anonymous>:1:36191)
    at <anonymous>:1:34903
    at <anonymous>:1:27130
    at Pc (<anonymous>:1:27027)
    at Oc (<anonymous>:1:26985)
    at <anonymous>:1:26860
    at <anonymous>:1:27323
    at <anonymous>:1:27130
    at Pc (<anonymous>:1:27027)
    at Oc (<anonymous>:1:26985)
[   14303ms] [ERROR] Failed to load resource: net::ERR_SOCKET_NOT_CONNECTED @ https://match.sharethrough.com/sync/v1?source_id=UiRtTsXAfjmfSDAKnR1FjWsu&source_user_id=MR9OBV26-1I-763S:0
[   14303ms] [ERROR] Failed to load resource: net::ERR_SOCKET_NOT_CONNECTED @ https://match.sharethrough.com/sync/v1?source_id=UiRtTsXAfjmfSDAKnR1FjWsu&source_user_id=MR9OBV26-1I-763S:0
[   14303ms] [ERROR] Failed to load resource: net::ERR_SOCKET_NOT_CONNECTED @ https://match.sharethrough.com/sync/v1?source_id=UiRtTsXAfjmfSDAKnR1FjWsu&source_user_id=MR9OBV26-1I-763S:0
[   14303ms] [ERROR] Failed to load resource: net::ERR_SOCKET_NOT_CONNECTED @ https://match.sharethrough.com/sync/v1?source_id=UiRtTsXAfjmfSDAKnR1FjWsu&source_user_id=MR9OBV26-1I-763S:0
[   14303ms] [ERROR] Failed to load resource: net::ERR_SOCKET_NOT_CONNECTED @ https://match.sharethrough.com/sync/v1?source_id=UiRtTsXAfjmfSDAKnR1FjWsu&source_user_id=MR9OBV26-1I-763S:0
[   14303ms] [ERROR] Failed to load resource: net::ERR_SOCKET_NOT_CONNECTED @ https://match.sharethrough.com/sync/v1?source_id=UiRtTsXAfjmfSDAKnR1FjWsu&source_user_id=MR9OBV26-1I-763S:0
[   43868ms] [ERROR] Failed to load resource: net::ERR_SOCKET_NOT_CONNECTED @ https://ssp-sync.criteo.com/user-sync/redirect?gdpr=0&gdpr_consent=&profile=342&redir=https%3A%2F%2Fcs-server-s2s.yellowblue.io%2Fcs%3Ffwrd%3D1%26aid%3D11614%26id%3D%24%7BCRITEO_USER_ID%7D:0
[   44789ms] [ERROR] Failed to load resource: net::ERR_CONNECTION_CLOSED @ https://csync.loopme.me/?gdpr=0&gdpr_consent=&pubid=11362&redirect=https%3A%2F%2Fcs-server-s2s.yellowblue.io%2Fcs%3Ffwrd%3D1%26aid%3D11571%26id%3D%7Bdevice_id%7D:0
[   50288ms] [ERROR] Failed to load resource: net::ERR_SOCKET_NOT_CONNECTED @ https://simage2.pubmatic.com/AdServer/Pug?vcode=bz0yJnR5cGU9MSZjb2RlPTI4NDkmdGw9MTI5NjAw&piggybackCookie=a5f9791e-7a3a-4f47-8301-bca5683dd762&gdpr=0&gdpr_consent=:0
[   50288ms] [ERROR] Failed to load resource: net::ERR_SOCKET_NOT_CONNECTED @ https://pixel.onaudience.com/?partner=214&mapped=C3298E6A-FDDD-4476-B791-E393289B5F10&gdpr=0&gdpr_consent=&us_privacy=1---&gpp=&gpp_sid=:0
[   50288ms] [ERROR] Failed to load resource: net::ERR_SOCKET_NOT_CONNECTED @ https://pippio.com/api/sync?pid=5324&it=1&iv=ba685f52e8aa853b7539962bd4dec1b670ced71b89f814b833f79064a0dbd985791426b5417dce21&_=2:0
[   50289ms] [ERROR] Failed to load resource: net::ERR_SOCKET_NOT_CONNECTED @ https://pixel.tapad.com/idsync/ex/receive?partner_id=3371&partner_device_id=C3298E6A-FDDD-4476-B791-E393289B5F10:0
[   50492ms] [ERROR] Failed to load resource: net::ERR_SOCKET_NOT_CONNECTED @ https://visitor-risecode.omnitagjs.com/visitor/bsync?name=risecode&uid=40a3c28f9ffc73ee86df2bac2d2bb390&url=https%3A%2F%2Fcs-server-s2s.yellowblue.io%2Fcs%3Ffwrd%3D1%26fwrd%3D1%26aid%3D11609%26id%3D%5BBUYER_ID%5D:0
[   50288ms] [ERROR] Failed to load resource: net::ERR_SOCKET_NOT_CONNECTED @ https://simage2.pubmatic.com/AdServer/Pug?vcode=bz0yJnR5cGU9MSZjb2RlPTI4NDkmdGw9MTI5NjAw&piggybackCookie=a5f9791e-7a3a-4f47-8301-bca5683dd762&gdpr=0&gdpr_consent=:0
[   50288ms] [ERROR] Failed to load resource: net::ERR_SOCKET_NOT_CONNECTED @ https://pixel.onaudience.com/?partner=214&mapped=C3298E6A-FDDD-4476-B791-E393289B5F10&gdpr=0&gdpr_consent=&us_privacy=1---&gpp=&gpp_sid=:0
[   50288ms] [ERROR] Failed to load resource: net::ERR_SOCKET_NOT_CONNECTED @ https://pippio.com/api/sync?pid=5324&it=1&iv=ba685f52e8aa853b7539962bd4dec1b670ced71b89f814b833f79064a0dbd985791426b5417dce21&_=2:0
[   50289ms] [ERROR] Failed to load resource: net::ERR_SOCKET_NOT_CONNECTED @ https://pixel.tapad.com/idsync/ex/receive?partner_id=3371&partner_device_id=C3298E6A-FDDD-4476-B791-E393289B5F10:0
[   50288ms] [ERROR] Failed to load resource: net::ERR_SOCKET_NOT_CONNECTED @ https://simage2.pubmatic.com/AdServer/Pug?vcode=bz0yJnR5cGU9MSZjb2RlPTI4NDkmdGw9MTI5NjAw&piggybackCookie=a5f9791e-7a3a-4f47-8301-bca5683dd762&gdpr=0&gdpr_consent=:0
[   50288ms] [ERROR] Failed to load resource: net::ERR_SOCKET_NOT_CONNECTED @ https://pixel.onaudience.com/?partner=214&mapped=C3298E6A-FDDD-4476-B791-E393289B5F10&gdpr=0&gdpr_consent=&us_privacy=1---&gpp=&gpp_sid=:0
[   50288ms] [ERROR] Failed to load resource: net::ERR_SOCKET_NOT_CONNECTED @ https://pippio.com/api/sync?pid=5324&it=1&iv=ba685f52e8aa853b7539962bd4dec1b670ced71b89f814b833f79064a0dbd985791426b5417dce21&_=2:0
[   50289ms] [ERROR] Failed to load resource: net::ERR_SOCKET_NOT_CONNECTED @ https://pixel.tapad.com/idsync/ex/receive?partner_id=3371&partner_device_id=C3298E6A-FDDD-4476-B791-E393289B5F10:0
[   50535ms] [ERROR] Failed to load resource: net::ERR_SOCKET_NOT_CONNECTED @ https://simage4.pubmatic.com/AdServer/SPug?partnerID=161102&gdpr=0&gdpr_consent=&us_privacy=1---&gpp=&gpp_sid=:0
[   50745ms] [ERROR] Failed to load resource: net::ERR_CONNECTION_CLOSED @ https://pxl.iqm.com/i/ck/equativ?cid=SMART_USER_ID&redir=https%3A%2F%2Frtb-csync.smartadserver.com%2Fredir%2F%3Fissi%3D1%26partnerid%3D154%26partneruserid%3D%7BIQM_COOKIE%7D&gdpr=0&gdpr_consent=:0
[   20064ms] [ERROR] Failed to load resource: net::ERR_NAME_NOT_RESOLVED @ https://cs.lkqd.net/cs?partnerId=59&partnerUserId=CAESEHJlOXjDHEx9OjGTi0oIuyg&gdpr=0&google_cver=1:0
[   20076ms] [ERROR] Failed to load resource: net::ERR_NAME_NOT_RESOLVED @ https://cs.lkqd.net/cs?partnerId=59&redirect=https%3A%2F%2Fcm.g.doubleclick.net%2Fpixel%3Fgoogle_nid%3Dlkqd_dbm%26google_hm%3D%24%24rawlkqduserid%7Cbase64%24%24:0
[   51327ms] [ERROR] Failed to load resource: the server responded with a status of 404 () @ https://id5-sync.com/k/1364.gif?TruAudienceID=E1:g7PL70NHu_82qp-y7G0NmMium4SF83l6IWA7FbzjWc2oHtSjV2UzvuldxErwfbptyihDnT6cmYcFPL-eSLwXhXy2To9-033BLyWKXnz_xHI:0
[   54099ms] [ERROR] Failed to load resource: net::ERR_CONNECTION_CLOSED @ https://pxl.iqm.com/i/ck/equativ?cid=SMART_USER_ID&redir=https%3A%2F%2Frtb-csync.smartadserver.com%2Fredir%2F%3Fissi%3D1%26partnerid%3D154%26partneruserid%3D%7BIQM_COOKIE%7D&gdpr=0&gdpr_consent=:0
[   20501ms] [ERROR] Failed to load resource: net::ERR_SOCKET_NOT_CONNECTED @ https://csync.loopme.me/?pubid=11537&gdpr=${GDPR}&gdpr_consent=${GDPR_CONSENT_109}&redirect=https%3A%2F%2Fcm.g.doubleclick.net%2Fpixel%3Fgoogle_nid%3Dloopme_eb_%26google_hm%3D{viewer_token}&google_gid=CAESENIasOELs1nsGH7Uiw38rxM&google_cver=1&google_push=AXcoOmR-YEiYEs2Eu6H4a0iU8G52-uIddi3AX5yGaJFEkfyPgwXP2dqaCZRVgariPZbLl1HFnRLy9SYrQ5JeiD0Z8rjnspppbMgCgAGe64t--QikfJcfaqYxEw2CNvgqjA8h9z6OTsjESwXUJpM8B4Wd44R8:0
[   20503ms] [ERROR] Failed to load resource: net::ERR_SOCKET_NOT_CONNECTED @ https://csync.loopme.me/?pubid=11537&gdpr=${GDPR}&gdpr_consent=${GDPR_CONSENT_109}&redirect=https%3A%2F%2Fcm.g.doubleclick.net%2Fpixel%3Fgoogle_nid%3Dloopme_eb_%26google_hm%3D{viewer_token}&google_gid=CAESENIasOELs1nsGH7Uiw38rxM&google_cver=1&google_push=AXcoOmSRuoh-o38PnWW8yWdXnrCyDtZk-6ohpha0x6xv_2ZPfe0AxjQuL0HS1fENsNxlRH2fb2Wei_SMjMDfTTJobX7yn-b-G6lv_3yEF1jU3EOYymchmf9QxME2dbSZBEYc6nI1JwapB29qZK-jeu1OeBx0tA:0
[   26257ms] [ERROR] Failed to load resource: net::ERR_SOCKET_NOT_CONNECTED @ https://sync.targeting.unrulymedia.com/csync/RX-9ec1288d-a6be-4e05-a575-925bfbfcec30-005?redir=https%3A%2F%2Fcm.g.doubleclick.net%2Fpixel%3Fgoogle_nid%3Dr1%26google_push%3DAXcoOmRNlE-vVpX33yR7zzgBGCeYPM9q5JaB-BTpkNrvbWQWEJKvVEcbYIRXgqE7Xe-VHNV8T6mJ6Bcln217WNriiFIRlGV9TtG5F1lvDcV8spKI9QkyMb_oUNan9Z_Us67f_kYEACTtcmemNYAb5AhYOfyY%26google_hm%3DBZ7BKI2mvk4FpXWSW_v87DA:0
[   55052ms] [ERROR] Failed to load resource: net::ERR_SOCKET_NOT_CONNECTED @ https://s.richaudience.com/err/?ec=6&ev=4500&pla=MP_cV3Pkv8Sr0&int=PREBID&pltfm=&node=&dm=colordesigner.io:0
[   29349ms] [ERROR] Failed to load resource: net::ERR_NAME_NOT_RESOLVED @ https://cs.iqzone.com/6f0476ca45e1d6b67e3ee8d57532a022.gif?redir=https%3A%2F%2Fsync.cootlogix.com%2Fapi%2Fcookie%3FpartnerId%3Diqzone%26gdpr%3D0%26gdpr_consent%3D%26us_privacy%3D%26userId%3D%5BUID%5D&gdpr=0&gdpr_consent=&ccpa=:0
[   43906ms] [ERROR] Failed to load resource: net::ERR_SOCKET_NOT_CONNECTED @ https://b1sync.outbrain.com/usersync/openx?puid=4989ee83-3b0c-463a-bcf5-dbb54d5c18d6&cb=https%3A%2F%2Fus-u.openx.net%2Fw%2F1.0%2Fsd%3Fid%3D560843120%26val%3D__ZUID__:0
[   44719ms] [ERROR] Failed to load resource: net::ERR_SOCKET_NOT_CONNECTED @ https://pixel.tapad.com/idsync/ex/receive?partner_id=1955&partner_device_id=643ae739-8b83-4a3f-a127-dfa15dc007a1:0
[   51327ms] [ERROR] Failed to load resource: the server responded with a status of 404 () @ https://id5-sync.com/k/1364.gif?TruAudienceID=E1:g7PL70NHu_82qp-y7G0NmMium4SF83l6IWA7FbzjWc2oHtSjV2UzvuldxErwfbptyihDnT6cmYcFPL-eSLwXhXy2To9-033BLyWKXnz_xHI:0
[   19802ms] [ERROR] Failed to load resource: the server responded with a status of 424 (Failed Dependency) @ https://t.adx.opera.com/pub/sync?pubid=pub10101531197440&gdpr=1&gdpr_consent=:0
[   33774ms] [ERROR] Failed to load resource: the server responded with a status of 424 (Failed Dependency) @ https://t.adx.opera.com/pub/sync?pubid=pub10101531197440&gdpr=1&gdpr_consent=:0
[   42302ms] [ERROR] Failed to load resource: the server responded with a status of 424 (Failed Dependency) @ https://t.adx.opera.com/pub/sync?pubid=pub10101531197440&gdpr=1&gdpr_consent=:0
[   43811ms] [ERROR] Failed to load resource: the server responded with a status of 424 (Failed Dependency) @ https://t.adx.opera.com/pub/sync?pubid=pub10101531197440&gdpr=1&gdpr_consent=:0
[   56492ms] [ERROR] Failed to load resource: net::ERR_SOCKET_NOT_CONNECTED @ https://sync.visx.net/v1/sync?partner_id=89714532&redir=https%3A%2F%2Frtb-csync.smartadserver.com%2Fredir%2F%3Fissi%3D1%26partnerid%3D164%26partneruserid%3D%24{UUID}%26gdpr%3D%24{GDPR}%26gdpr_consent%3D%24{GDPR_CONSENT_45}:0
[   56493ms] [ERROR] Failed to load resource: net::ERR_SOCKET_NOT_CONNECTED @ https://sync.visx.net/v1/sync?partner_id=89714532&redir=https%3A%2F%2Frtb-csync.smartadserver.com%2Fredir%2F%3Fissi%3D1%26partnerid%3D164%26partneruserid%3D%24{UUID}%26gdpr%3D%24{GDPR}%26gdpr_consent%3D%24{GDPR_CONSENT_45}&gdpr=0&gdpr_consent=:0
[   19802ms] [ERROR] Failed to load resource: the server responded with a status of 424 (Failed Dependency) @ https://t.adx.opera.com/pub/sync?pubid=pub10101531197440&gdpr=1&gdpr_consent=:0
[   33774ms] [ERROR] Failed to load resource: the server responded with a status of 424 (Failed Dependency) @ https://t.adx.opera.com/pub/sync?pubid=pub10101531197440&gdpr=1&gdpr_consent=:0
[   42302ms] [ERROR] Failed to load resource: the server responded with a status of 424 (Failed Dependency) @ https://t.adx.opera.com/pub/sync?pubid=pub10101531197440&gdpr=1&gdpr_consent=:0
[   43811ms] [ERROR] Failed to load resource: the server responded with a status of 424 (Failed Dependency) @ https://t.adx.opera.com/pub/sync?pubid=pub10101531197440&gdpr=1&gdpr_consent=:0
[   56943ms] [ERROR] Failed to load resource: net::ERR_SOCKET_NOT_CONNECTED @ https://i.ctnsnet.com/int/cm?exc=25&redir=https%3A%2F%2Frtb-csync.smartadserver.com%2Fredir%3Fissi%3D1%26partnerid%3D169%26partneruserid%3DPARTNER_USER_ID:0
[   56945ms] [ERROR] Failed to load resource: net::ERR_SOCKET_NOT_CONNECTED @ https://i.ctnsnet.com/int/cm?exc=25&redir=https%3A%2F%2Frtb-csync.smartadserver.com%2Fredir%3Fissi%3D1%26partnerid%3D169%26partneruserid%3DPARTNER_USER_ID&gdpr=0&gdpr_consent=:0
[   57767ms] [ERROR] Failed to load resource: net::ERR_CONNECTION_CLOSED @ https://hb.trustedstack.com/cksync.php?cs=61&type=apm&gdpr=0&gdpr_consent=&us_privacy=&ovsid=bb372e18-e7d8-491f-9726-00e40a8d71a0:0
[   14303ms] [ERROR] Failed to load resource: net::ERR_SOCKET_NOT_CONNECTED @ https://match.sharethrough.com/sync/v1?source_id=UiRtTsXAfjmfSDAKnR1FjWsu&source_user_id=MR9OBV26-1I-763S:0
[   14303ms] [ERROR] Failed to load resource: net::ERR_SOCKET_NOT_CONNECTED @ https://match.sharethrough.com/sync/v1?source_id=UiRtTsXAfjmfSDAKnR1FjWsu&source_user_id=MR9OBV26-1I-763S:0
[   14303ms] [ERROR] Failed to load resource: net::ERR_SOCKET_NOT_CONNECTED @ https://match.sharethrough.com/sync/v1?source_id=UiRtTsXAfjmfSDAKnR1FjWsu&source_user_id=MR9OBV26-1I-763S:0
[   14303ms] [ERROR] Failed to load resource: net::ERR_SOCKET_NOT_CONNECTED @ https://match.sharethrough.com/sync/v1?source_id=UiRtTsXAfjmfSDAKnR1FjWsu&source_user_id=MR9OBV26-1I-763S:0
[   14303ms] [ERROR] Failed to load resource: net::ERR_SOCKET_NOT_CONNECTED @ https://match.sharethrough.com/sync/v1?source_id=UiRtTsXAfjmfSDAKnR1FjWsu&source_user_id=MR9OBV26-1I-763S:0
[   14303ms] [ERROR] Failed to load resource: net::ERR_SOCKET_NOT_CONNECTED @ https://match.sharethrough.com/sync/v1?source_id=UiRtTsXAfjmfSDAKnR1FjWsu&source_user_id=MR9OBV26-1I-763S:0
[   58109ms] [ERROR] Failed to load resource: net::ERR_SOCKET_NOT_CONNECTED @ https://go.mediagotechnology.com/cs/equativ:0
[   58110ms] [ERROR] Failed to load resource: net::ERR_SOCKET_NOT_CONNECTED @ https://go.mediagotechnology.com/cs/equativ?gdpr=0&gdpr_consent=:0
[   58118ms] [ERROR] Failed to load resource: net::ERR_SOCKET_NOT_CONNECTED @ https://ade.googlesyndication.com/ddm/activity/dc_oe=ChMI5KGlm_K-lQMVN7ymBB3tgRRaEAAYACDKr9Z3QhMIwqPxlvK-lQMVjnUIBB3r2gl0;dc_eps=AHas8cA7qVvWmsWthxCNh1GFI-9t11czZDiINGONMwAqIb6Uu0wCUyeaXIlxw1muBspYqE1lUkwwiMr4dRjrwAq4oF4;met=1;&timestamp=1783369824331;eid1=871060;ecn1=1;etm1=0;eid2=2;ecn2=1;etm2=10;:0
[   58119ms] [ERROR] Failed to load resource: net::ERR_SOCKET_NOT_CONNECTED @ https://ade.googlesyndication.com/ddm/activity/dc_oe=ChMI5KGlm_K-lQMVN7ymBB3tgRRaEAAYACDKr9Z3QhMIwqPxlvK-lQMVjnUIBB3r2gl0;dc_eps=AHas8cA7qVvWmsWthxCNh1GFI-9t11czZDiINGONMwAqIb6Uu0wCUyeaXIlxw1muBspYqE1lUkwwiMr4dRjrwAq4oF4;met=1;&timestamp=1783369834331;eid1=2;ecn1=0;etm1=10;:0
[   37662ms] [ERROR] Failed to load resource: the server responded with a status of 404 () @ https://cs.admanmedia.com/c899400112bd5b9243b3993d9a074653.gif?puid=[UID]&redir=https%3A%2F%2Fcsync.smilewanted.com%2Fset_partner_userid_get%2Fillumin%2F%5BUID%5D&gdpr=0&gdpr_consent=:0
[   58286ms] [ERROR] Failed to load resource: the server responded with a status of 404 () @ https://cs.admanmedia.com/292deb7c3c2bf25073c04bb900f3a44a.gif??gdpr=&gdpr_consent=&us_privacy=&redir=https%3A%2F%2Fcookies.nextmillmedia.com%2Fsetuid%3Fbidder%3Dadmanmedia%26nmuid%3D%26gdpr%3D%26gdpr_consent%3D%26us_privacy%3D%26uid%3D%5BUID%5D:0
[   59363ms] [TIMEEND] a: 0.02490234375 ms @ https://static.adsafeprotected.com/sca.17.6.4.js:31
[   50288ms] [ERROR] Failed to load resource: net::ERR_SOCKET_NOT_CONNECTED @ https://simage2.pubmatic.com/AdServer/Pug?vcode=bz0yJnR5cGU9MSZjb2RlPTI4NDkmdGw9MTI5NjAw&piggybackCookie=a5f9791e-7a3a-4f47-8301-bca5683dd762&gdpr=0&gdpr_consent=:0
[   50288ms] [ERROR] Failed to load resource: net::ERR_SOCKET_NOT_CONNECTED @ https://pixel.onaudience.com/?partner=214&mapped=C3298E6A-FDDD-4476-B791-E393289B5F10&gdpr=0&gdpr_consent=&us_privacy=1---&gpp=&gpp_sid=:0
[   50288ms] [ERROR] Failed to load resource: net::ERR_SOCKET_NOT_CONNECTED @ https://pippio.com/api/sync?pid=5324&it=1&iv=ba685f52e8aa853b7539962bd4dec1b670ced71b89f814b833f79064a0dbd985791426b5417dce21&_=2:0
[   50289ms] [ERROR] Failed to load resource: net::ERR_SOCKET_NOT_CONNECTED @ https://pixel.tapad.com/idsync/ex/receive?partner_id=3371&partner_device_id=C3298E6A-FDDD-4476-B791-E393289B5F10:0
[   50535ms] [ERROR] Failed to load resource: net::ERR_SOCKET_NOT_CONNECTED @ https://simage4.pubmatic.com/AdServer/SPug?partnerID=161102&gdpr=0&gdpr_consent=&us_privacy=1---&gpp=&gpp_sid=:0
[   50288ms] [ERROR] Failed to load resource: net::ERR_SOCKET_NOT_CONNECTED @ https://simage2.pubmatic.com/AdServer/Pug?vcode=bz0yJnR5cGU9MSZjb2RlPTI4NDkmdGw9MTI5NjAw&piggybackCookie=a5f9791e-7a3a-4f47-8301-bca5683dd762&gdpr=0&gdpr_consent=:0
[   50288ms] [ERROR] Failed to load resource: net::ERR_SOCKET_NOT_CONNECTED @ https://pixel.onaudience.com/?partner=214&mapped=C3298E6A-FDDD-4476-B791-E393289B5F10&gdpr=0&gdpr_consent=&us_privacy=1---&gpp=&gpp_sid=:0
[   50288ms] [ERROR] Failed to load resource: net::ERR_SOCKET_NOT_CONNECTED @ https://pippio.com/api/sync?pid=5324&it=1&iv=ba685f52e8aa853b7539962bd4dec1b670ced71b89f814b833f79064a0dbd985791426b5417dce21&_=2:0
[   50289ms] [ERROR] Failed to load resource: net::ERR_SOCKET_NOT_CONNECTED @ https://pixel.tapad.com/idsync/ex/receive?partner_id=3371&partner_device_id=C3298E6A-FDDD-4476-B791-E393289B5F10:0
[   50535ms] [ERROR] Failed to load resource: net::ERR_SOCKET_NOT_CONNECTED @ https://simage4.pubmatic.com/AdServer/SPug?partnerID=161102&gdpr=0&gdpr_consent=&us_privacy=1---&gpp=&gpp_sid=:0
[   50288ms] [ERROR] Failed to load resource: net::ERR_SOCKET_NOT_CONNECTED @ https://simage2.pubmatic.com/AdServer/Pug?vcode=bz0yJnR5cGU9MSZjb2RlPTI4NDkmdGw9MTI5NjAw&piggybackCookie=a5f9791e-7a3a-4f47-8301-bca5683dd762&gdpr=0&gdpr_consent=:0
[   50288ms] [ERROR] Failed to load resource: net::ERR_SOCKET_NOT_CONNECTED @ https://pixel.onaudience.com/?partner=214&mapped=C3298E6A-FDDD-4476-B791-E393289B5F10&gdpr=0&gdpr_consent=&us_privacy=1---&gpp=&gpp_sid=:0
[   50288ms] [ERROR] Failed to load resource: net::ERR_SOCKET_NOT_CONNECTED @ https://pippio.com/api/sync?pid=5324&it=1&iv=ba685f52e8aa853b7539962bd4dec1b670ced71b89f814b833f79064a0dbd985791426b5417dce21&_=2:0
[   50289ms] [ERROR] Failed to load resource: net::ERR_SOCKET_NOT_CONNECTED @ https://pixel.tapad.com/idsync/ex/receive?partner_id=3371&partner_device_id=C3298E6A-FDDD-4476-B791-E393289B5F10:0
[   50535ms] [ERROR] Failed to load resource: net::ERR_SOCKET_NOT_CONNECTED @ https://simage4.pubmatic.com/AdServer/SPug?partnerID=161102&gdpr=0&gdpr_consent=&us_privacy=1---&gpp=&gpp_sid=:0
[   19802ms] [ERROR] Failed to load resource: the server responded with a status of 424 (Failed Dependency) @ https://t.adx.opera.com/pub/sync?pubid=pub10101531197440&gdpr=1&gdpr_consent=:0
[   33774ms] [ERROR] Failed to load resource: the server responded with a status of 424 (Failed Dependency) @ https://t.adx.opera.com/pub/sync?pubid=pub10101531197440&gdpr=1&gdpr_consent=:0
[   42302ms] [ERROR] Failed to load resource: the server responded with a status of 424 (Failed Dependency) @ https://t.adx.opera.com/pub/sync?pubid=pub10101531197440&gdpr=1&gdpr_consent=:0
[   43811ms] [ERROR] Failed to load resource: the server responded with a status of 424 (Failed Dependency) @ https://t.adx.opera.com/pub/sync?pubid=pub10101531197440&gdpr=1&gdpr_consent=:0
[   60376ms] [ERROR] Failed to load resource: net::ERR_SOCKET_NOT_CONNECTED @ https://b1sync.outbrain.com/usersync/inmobi/?puid=ID5-3-289a0f86-7041-4719-8747-4e6a92ab3e77&cb=https%3A%2F%2Fsync.inmobi.com%2Fsetuid%3FbidderID%3D164%26dspUserId%3D__UID__&gdpr=0&gdpr_consent=&us_privacy=:0
[   60386ms] [ERROR] Failed to load resource: net::ERR_SOCKET_NOT_CONNECTED @ https://tracker-shr.ortb.net/sync?id=1&uid=ID5-3-289a0f86-7041-4719-8747-4e6a92ab3e77:0
[   43906ms] [ERROR] Failed to load resource: net::ERR_SOCKET_NOT_CONNECTED @ https://b1sync.outbrain.com/usersync/openx?puid=4989ee83-3b0c-463a-bcf5-dbb54d5c18d6&cb=https%3A%2F%2Fus-u.openx.net%2Fw%2F1.0%2Fsd%3Fid%3D560843120%26val%3D__ZUID__:0
[   44719ms] [ERROR] Failed to load resource: net::ERR_SOCKET_NOT_CONNECTED @ https://pixel.tapad.com/idsync/ex/receive?partner_id=1955&partner_device_id=643ae739-8b83-4a3f-a127-dfa15dc007a1:0
[   51327ms] [ERROR] Failed to load resource: the server responded with a status of 404 () @ https://id5-sync.com/k/1364.gif?TruAudienceID=E1:g7PL70NHu_82qp-y7G0NmMium4SF83l6IWA7FbzjWc2oHtSjV2UzvuldxErwfbptyihDnT6cmYcFPL-eSLwXhXy2To9-033BLyWKXnz_xHI:0
[   19802ms] [ERROR] Failed to load resource: the server responded with a status of 424 (Failed Dependency) @ https://t.adx.opera.com/pub/sync?pubid=pub10101531197440&gdpr=1&gdpr_consent=:0
[   33774ms] [ERROR] Failed to load resource: the server responded with a status of 424 (Failed Dependency) @ https://t.adx.opera.com/pub/sync?pubid=pub10101531197440&gdpr=1&gdpr_consent=:0
[   42302ms] [ERROR] Failed to load resource: the server responded with a status of 424 (Failed Dependency) @ https://t.adx.opera.com/pub/sync?pubid=pub10101531197440&gdpr=1&gdpr_consent=:0
[   43811ms] [ERROR] Failed to load resource: the server responded with a status of 424 (Failed Dependency) @ https://t.adx.opera.com/pub/sync?pubid=pub10101531197440&gdpr=1&gdpr_consent=:0
[   65956ms] [ERROR] Failed to load resource: net::ERR_SOCKET_NOT_CONNECTED @ https://sync.visx.net/v1/sync?partner_id=89714532&redir=https%3A%2F%2Frtb-csync.smartadserver.com%2Fredir%2F%3Fissi%3D1%26partnerid%3D164%26partneruserid%3D%24{UUID}%26gdpr%3D%24{GDPR}%26gdpr_consent%3D%24{GDPR_CONSENT_45}&gdpr=0&gdpr_consent=:0
[   14303ms] [ERROR] Failed to load resource: net::ERR_SOCKET_NOT_CONNECTED @ https://match.sharethrough.com/sync/v1?source_id=UiRtTsXAfjmfSDAKnR1FjWsu&source_user_id=MR9OBV26-1I-763S:0
[   43868ms] [ERROR] Failed to load resource: net::ERR_SOCKET_NOT_CONNECTED @ https://ssp-sync.criteo.com/user-sync/redirect?gdpr=0&gdpr_consent=&profile=342&redir=https%3A%2F%2Fcs-server-s2s.yellowblue.io%2Fcs%3Ffwrd%3D1%26aid%3D11614%26id%3D%24%7BCRITEO_USER_ID%7D:0
[   44789ms] [ERROR] Failed to load resource: net::ERR_CONNECTION_CLOSED @ https://csync.loopme.me/?gdpr=0&gdpr_consent=&pubid=11362&redirect=https%3A%2F%2Fcs-server-s2s.yellowblue.io%2Fcs%3Ffwrd%3D1%26aid%3D11571%26id%3D%7Bdevice_id%7D:0
[   50492ms] [ERROR] Failed to load resource: net::ERR_SOCKET_NOT_CONNECTED @ https://visitor-risecode.omnitagjs.com/visitor/bsync?name=risecode&uid=40a3c28f9ffc73ee86df2bac2d2bb390&url=https%3A%2F%2Fcs-server-s2s.yellowblue.io%2Fcs%3Ffwrd%3D1%26fwrd%3D1%26aid%3D11609%26id%3D%5BBUYER_ID%5D:0
[   43867ms] [ERROR] Failed to load resource: net::ERR_SOCKET_NOT_CONNECTED @ https://ssp-sync.criteo.com/user-sync/redirect?profile=342&gdpr_consent=&gdpr=0&gpp=&gpp_sid=&redir=https%3A%2F%2Fsync.richaudience.com%2F0c90fc1c188056486dbb210f25023b8a%2F%3Fgdpr%3D0%26euconsent%3D%26uid%3D${CRITEO_USER_ID}:0
[   44717ms] [ERROR] Failed to load resource: net::ERR_SOCKET_NOT_CONNECTED @ https://pixel.tapad.com/idsync/ex/push?partner_id=2922&partner_url=https%3A%2F%2Fid5-sync.com%2Fc%2F286%2F108%2F8%2F2.gif%3Fpuid%3D%24%7BTA_DEVICE_ID%7D%26gdpr%3D0%26gdpr_consent%3D&gdpr=0&gdpr_consent=:0
[   50288ms] [ERROR] Failed to load resource: net::ERR_SOCKET_NOT_CONNECTED @ https://simage2.pubmatic.com/AdServer/Pug?vcode=bz0yJnR5cGU9MSZjb2RlPTI4NDkmdGw9MTI5NjAw&piggybackCookie=a5f9791e-7a3a-4f47-8301-bca5683dd762&gdpr=0&gdpr_consent=:0
[   50288ms] [ERROR] Failed to load resource: net::ERR_SOCKET_NOT_CONNECTED @ https://pixel.onaudience.com/?partner=214&mapped=C3298E6A-FDDD-4476-B791-E393289B5F10&gdpr=0&gdpr_consent=&us_privacy=1---&gpp=&gpp_sid=:0
[   50288ms] [ERROR] Failed to load resource: net::ERR_SOCKET_NOT_CONNECTED @ https://pippio.com/api/sync?pid=5324&it=1&iv=ba685f52e8aa853b7539962bd4dec1b670ced71b89f814b833f79064a0dbd985791426b5417dce21&_=2:0
[   50289ms] [ERROR] Failed to load resource: net::ERR_SOCKET_NOT_CONNECTED @ https://pixel.tapad.com/idsync/ex/receive?partner_id=3371&partner_device_id=C3298E6A-FDDD-4476-B791-E393289B5F10:0
[   50535ms] [ERROR] Failed to load resource: net::ERR_SOCKET_NOT_CONNECTED @ https://simage4.pubmatic.com/AdServer/SPug?partnerID=161102&gdpr=0&gdpr_consent=&us_privacy=1---&gpp=&gpp_sid=:0
[   19802ms] [ERROR] Failed to load resource: the server responded with a status of 424 (Failed Dependency) @ https://t.adx.opera.com/pub/sync?pubid=pub10101531197440&gdpr=1&gdpr_consent=:0
[   33774ms] [ERROR] Failed to load resource: the server responded with a status of 424 (Failed Dependency) @ https://t.adx.opera.com/pub/sync?pubid=pub10101531197440&gdpr=1&gdpr_consent=:0
[   42302ms] [ERROR] Failed to load resource: the server responded with a status of 424 (Failed Dependency) @ https://t.adx.opera.com/pub/sync?pubid=pub10101531197440&gdpr=1&gdpr_consent=:0
[   43811ms] [ERROR] Failed to load resource: the server responded with a status of 424 (Failed Dependency) @ https://t.adx.opera.com/pub/sync?pubid=pub10101531197440&gdpr=1&gdpr_consent=:0
[   20064ms] [ERROR] Failed to load resource: net::ERR_NAME_NOT_RESOLVED @ https://cs.lkqd.net/cs?partnerId=59&partnerUserId=CAESEHJlOXjDHEx9OjGTi0oIuyg&gdpr=0&google_cver=1:0
[   20076ms] [ERROR] Failed to load resource: net::ERR_NAME_NOT_RESOLVED @ https://cs.lkqd.net/cs?partnerId=59&redirect=https%3A%2F%2Fcm.g.doubleclick.net%2Fpixel%3Fgoogle_nid%3Dlkqd_dbm%26google_hm%3D%24%24rawlkqduserid%7Cbase64%24%24:0
[   71243ms] [ERROR] Failed to load resource: net::ERR_NAME_NOT_RESOLVED @ https://cs.iqzone.com/570908b7e92df631fee32098aa272f7b.gif?puid=QdR0%2FWpMEHY8GoBeQBj8AQ%3D%3D&gdpr=&gdpr_consent=&ccpa=&coppa=&redir=https%3A%2F%2Fssc-cms.33across.com%2Fps%2F%3Fxi%3D145%26ts%3D1783369847282.6%26us_privacy%3D%26xu%3D%5BUID%5D%26gpp_sid%3D%26gpp%3D:0
[   14303ms] [ERROR] Failed to load resource: net::ERR_SOCKET_NOT_CONNECTED @ https://match.sharethrough.com/sync/v1?source_id=UiRtTsXAfjmfSDAKnR1FjWsu&source_user_id=MR9OBV26-1I-763S:0
[   14303ms] [ERROR] Failed to load resource: net::ERR_SOCKET_NOT_CONNECTED @ https://match.sharethrough.com/sync/v1?source_id=UiRtTsXAfjmfSDAKnR1FjWsu&source_user_id=MR9OBV26-1I-763S:0
[   14303ms] [ERROR] Failed to load resource: net::ERR_SOCKET_NOT_CONNECTED @ https://match.sharethrough.com/sync/v1?source_id=UiRtTsXAfjmfSDAKnR1FjWsu&source_user_id=MR9OBV26-1I-763S:0
[   29349ms] [ERROR] Failed to load resource: net::ERR_NAME_NOT_RESOLVED @ https://cs.iqzone.com/6f0476ca45e1d6b67e3ee8d57532a022.gif?redir=https%3A%2F%2Fsync.cootlogix.com%2Fapi%2Fcookie%3FpartnerId%3Diqzone%26gdpr%3D0%26gdpr_consent%3D%26us_privacy%3D%26userId%3D%5BUID%5D&gdpr=0&gdpr_consent=&ccpa=:0
[   71243ms] [ERROR] Failed to load resource: net::ERR_NAME_NOT_RESOLVED @ https://cs.iqzone.com/570908b7e92df631fee32098aa272f7b.gif?puid=QdR0%2FWpMEHY8GoBeQBj8AQ%3D%3D&gdpr=&gdpr_consent=&ccpa=&coppa=&redir=https%3A%2F%2Fssc-cms.33across.com%2Fps%2F%3Fxi%3D145%26ts%3D1783369847282.6%26us_privacy%3D%26xu%3D%5BUID%5D%26gpp_sid%3D%26gpp%3D:0
[   75215ms] [ERROR] Failed to load resource: net::ERR_SOCKET_NOT_CONNECTED @ https://i.w55c.net/ping_match.gif?ei=OPENX&rurl=https%3A%2F%2Fus-u.openx.net%2Fw%2F1.0%2Fsd%3Fid%3D537072979%26val%3D_wfivefivec_&gdpr=0&gdpr_consent=%5BUSER_CONSENT%5D:0
[   29349ms] [ERROR] Failed to load resource: net::ERR_NAME_NOT_RESOLVED @ https://cs.iqzone.com/6f0476ca45e1d6b67e3ee8d57532a022.gif?redir=https%3A%2F%2Fsync.cootlogix.com%2Fapi%2Fcookie%3FpartnerId%3Diqzone%26gdpr%3D0%26gdpr_consent%3D%26us_privacy%3D%26userId%3D%5BUID%5D&gdpr=0&gdpr_consent=&ccpa=:0
[   29349ms] [ERROR] Failed to load resource: net::ERR_NAME_NOT_RESOLVED @ https://cs.iqzone.com/6f0476ca45e1d6b67e3ee8d57532a022.gif?redir=https%3A%2F%2Fsync.cootlogix.com%2Fapi%2Fcookie%3FpartnerId%3Diqzone%26gdpr%3D0%26gdpr_consent%3D%26us_privacy%3D%26userId%3D%5BUID%5D&gdpr=0&gdpr_consent=&ccpa=:0
[   29349ms] [ERROR] Failed to load resource: net::ERR_NAME_NOT_RESOLVED @ https://cs.iqzone.com/6f0476ca45e1d6b67e3ee8d57532a022.gif?redir=https%3A%2F%2Fsync.cootlogix.com%2Fapi%2Fcookie%3FpartnerId%3Diqzone%26gdpr%3D0%26gdpr_consent%3D%26us_privacy%3D%26userId%3D%5BUID%5D&gdpr=0&gdpr_consent=&ccpa=:0
[   14303ms] [ERROR] Failed to load resource: net::ERR_SOCKET_NOT_CONNECTED @ https://match.sharethrough.com/sync/v1?source_id=UiRtTsXAfjmfSDAKnR1FjWsu&source_user_id=MR9OBV26-1I-763S:0
[   43868ms] [ERROR] Failed to load resource: net::ERR_SOCKET_NOT_CONNECTED @ https://ssp-sync.criteo.com/user-sync/redirect?gdpr=0&gdpr_consent=&profile=342&redir=https%3A%2F%2Fcs-server-s2s.yellowblue.io%2Fcs%3Ffwrd%3D1%26aid%3D11614%26id%3D%24%7BCRITEO_USER_ID%7D:0
[   44789ms] [ERROR] Failed to load resource: net::ERR_CONNECTION_CLOSED @ https://csync.loopme.me/?gdpr=0&gdpr_consent=&pubid=11362&redirect=https%3A%2F%2Fcs-server-s2s.yellowblue.io%2Fcs%3Ffwrd%3D1%26aid%3D11571%26id%3D%7Bdevice_id%7D:0
[   50492ms] [ERROR] Failed to load resource: net::ERR_SOCKET_NOT_CONNECTED @ https://visitor-risecode.omnitagjs.com/visitor/bsync?name=risecode&uid=40a3c28f9ffc73ee86df2bac2d2bb390&url=https%3A%2F%2Fcs-server-s2s.yellowblue.io%2Fcs%3Ffwrd%3D1%26fwrd%3D1%26aid%3D11609%26id%3D%5BBUYER_ID%5D:0
[   14303ms] [ERROR] Failed to load resource: net::ERR_SOCKET_NOT_CONNECTED @ https://match.sharethrough.com/sync/v1?source_id=UiRtTsXAfjmfSDAKnR1FjWsu&source_user_id=MR9OBV26-1I-763S:0
[   14303ms] [ERROR] Failed to load resource: net::ERR_SOCKET_NOT_CONNECTED @ https://match.sharethrough.com/sync/v1?source_id=UiRtTsXAfjmfSDAKnR1FjWsu&source_user_id=MR9OBV26-1I-763S:0
[   29349ms] [ERROR] Failed to load resource: net::ERR_NAME_NOT_RESOLVED @ https://cs.iqzone.com/6f0476ca45e1d6b67e3ee8d57532a022.gif?redir=https%3A%2F%2Fsync.cootlogix.com%2Fapi%2Fcookie%3FpartnerId%3Diqzone%26gdpr%3D0%26gdpr_consent%3D%26us_privacy%3D%26userId%3D%5BUID%5D&gdpr=0&gdpr_consent=&ccpa=:0
[   37662ms] [ERROR] Failed to load resource: the server responded with a status of 404 () @ https://cs.admanmedia.com/c899400112bd5b9243b3993d9a074653.gif?puid=[UID]&redir=https%3A%2F%2Fcsync.smilewanted.com%2Fset_partner_userid_get%2Fillumin%2F%5BUID%5D&gdpr=0&gdpr_consent=:0
[   58286ms] [ERROR] Failed to load resource: the server responded with a status of 404 () @ https://cs.admanmedia.com/292deb7c3c2bf25073c04bb900f3a44a.gif??gdpr=&gdpr_consent=&us_privacy=&redir=https%3A%2F%2Fcookies.nextmillmedia.com%2Fsetuid%3Fbidder%3Dadmanmedia%26nmuid%3D%26gdpr%3D%26gdpr_consent%3D%26us_privacy%3D%26uid%3D%5BUID%5D:0
[   80473ms] [ERROR] Failed to load resource: the server responded with a status of 404 () @ https://cs.admanmedia.com/292deb7c3c2bf25073c04bb900f3a44a.gif??gdpr=&gdpr_consent=&us_privacy=&redir=https%3A%2F%2Fcookies.nextmillmedia.com%2Fsetuid%3Fbidder%3Dadmanmedia%26nmuid%3D6243b3ad-977c-49d4-bbda-4e129f1ea043%26gdpr%3D%26gdpr_consent%3D%26us_privacy%3D%26uid%3D%5BUID%5D:0
[   81165ms] [ERROR] Failed to load resource: net::ERR_NAME_NOT_RESOLVED @ https://usermatch.krxd.net/um/v2?partner=tapad:0
[   81743ms] [ERROR] Failed to load resource: net::ERR_NAME_NOT_RESOLVED @ https://cs.iqzone.com/6f0476ca45e1d6b67e3ee8d57532a022.gif?redir=https%3A%2F%2Fsync.cootlogix.com%2Fapi%2Fcookie%3FpartnerId%3Diqzone%26gdpr%3D%26gdpr_consent%3D%26us_privacy%3D%26userId%3D%5BUID%5D&gdpr=&gdpr_consent=&ccpa=:0
[   81749ms] [ERROR] Failed to load resource: net::ERR_SOCKET_NOT_CONNECTED @ https://dis.criteo.com/dis/usersync.aspx?r=3&p=4&cp=pubmaticUS&cu=1&gdpr=0&gdpr_consent=&us_privacy=1---&gpp=&gpp_sid=&url=https%3A%2F%2Fsimage4.pubmatic.com%2FAdServer%2FSPug%3FpartnerID%3D173010%26test%3Dctest%26partnerUID%3Duid%3A%40%40CRITEO_USERID%40%40:0
[   81757ms] [ERROR] Failed to load resource: net::ERR_SOCKET_NOT_CONNECTED @ https://s.richaudience.com/err/?ec=6&ev=4500&pla=MP_cV3Pkv8Sr0&int=PREBID&pltfm=&node=&dm=colordesigner.io:0
[   50288ms] [ERROR] Failed to load resource: net::ERR_SOCKET_NOT_CONNECTED @ https://simage2.pubmatic.com/AdServer/Pug?vcode=bz0yJnR5cGU9MSZjb2RlPTI4NDkmdGw9MTI5NjAw&piggybackCookie=a5f9791e-7a3a-4f47-8301-bca5683dd762&gdpr=0&gdpr_consent=:0
[   50288ms] [ERROR] Failed to load resource: net::ERR_SOCKET_NOT_CONNECTED @ https://pixel.onaudience.com/?partner=214&mapped=C3298E6A-FDDD-4476-B791-E393289B5F10&gdpr=0&gdpr_consent=&us_privacy=1---&gpp=&gpp_sid=:0
[   50288ms] [ERROR] Failed to load resource: net::ERR_SOCKET_NOT_CONNECTED @ https://pippio.com/api/sync?pid=5324&it=1&iv=ba685f52e8aa853b7539962bd4dec1b670ced71b89f814b833f79064a0dbd985791426b5417dce21&_=2:0
[   50289ms] [ERROR] Failed to load resource: net::ERR_SOCKET_NOT_CONNECTED @ https://pixel.tapad.com/idsync/ex/receive?partner_id=3371&partner_device_id=C3298E6A-FDDD-4476-B791-E393289B5F10:0
[   50535ms] [ERROR] Failed to load resource: net::ERR_SOCKET_NOT_CONNECTED @ https://simage4.pubmatic.com/AdServer/SPug?partnerID=161102&gdpr=0&gdpr_consent=&us_privacy=1---&gpp=&gpp_sid=:0
[   81749ms] [ERROR] Failed to load resource: net::ERR_SOCKET_NOT_CONNECTED @ https://dis.criteo.com/dis/usersync.aspx?r=3&p=4&cp=pubmaticUS&cu=1&gdpr=0&gdpr_consent=&us_privacy=1---&gpp=&gpp_sid=&url=https%3A%2F%2Fsimage4.pubmatic.com%2FAdServer%2FSPug%3FpartnerID%3D173010%26test%3Dctest%26partnerUID%3Duid%3A%40%40CRITEO_USERID%40%40:0
[   14303ms] [ERROR] Failed to load resource: net::ERR_SOCKET_NOT_CONNECTED @ https://match.sharethrough.com/sync/v1?source_id=UiRtTsXAfjmfSDAKnR1FjWsu&source_user_id=MR9OBV26-1I-763S:0
[   14303ms] [ERROR] Failed to load resource: net::ERR_SOCKET_NOT_CONNECTED @ https://match.sharethrough.com/sync/v1?source_id=UiRtTsXAfjmfSDAKnR1FjWsu&source_user_id=MR9OBV26-1I-763S:0
[   82901ms] [ERROR] Failed to load resource: net::ERR_CERT_COMMON_NAME_INVALID @ https://cs.openwebmedia.org/cs?aid=40017&id=RX-9ec1288d-a6be-4e05-a575-925bfbfcec30-005:0
[   21885ms] [ERROR] Failed to load resource: the server responded with a status of 404 (Not Found) @ https://b1sync.zemanta.com/usersync/ogury/?gdpr=0&gdpr_consent=&cb=https%3A%2F%2Fms-cookie-sync.presage.io%2Fuser-sync%3Foutbrain_id%3D__ZUID__:0
[   42690ms] [ERROR] Failed to load resource: net::ERR_SOCKET_NOT_CONNECTED @ https://dsp-2.presage.io/sync?bidswitch_ssp_id=brave&bsw_custom_parameter=996b0401-d5c2-4c38-a61f-8ae85f5d65ed&gdpr=0&gdpr_consent=:0
[   44163ms] [ERROR] Failed to load resource: net::ERR_SOCKET_NOT_CONNECTED @ https://ow.pubmatic.com/setuid?bidder=amx&uid=bb372e18-e7d8-491f-9726-00e40a8d71a0&gdpr=0&us_privacy=1---:0
[   43868ms] [ERROR] Failed to load resource: net::ERR_SOCKET_NOT_CONNECTED @ https://ssp-sync.criteo.com/user-sync/redirect?gdpr=0&gdpr_consent=&profile=342&redir=https%3A%2F%2Fcs-server-s2s.yellowblue.io%2Fcs%3Ffwrd%3D1%26aid%3D11614%26id%3D%24%7BCRITEO_USER_ID%7D:0
[   44789ms] [ERROR] Failed to load resource: net::ERR_CONNECTION_CLOSED @ https://csync.loopme.me/?gdpr=0&gdpr_consent=&pubid=11362&redirect=https%3A%2F%2Fcs-server-s2s.yellowblue.io%2Fcs%3Ffwrd%3D1%26aid%3D11571%26id%3D%7Bdevice_id%7D:0
[   50492ms] [ERROR] Failed to load resource: net::ERR_SOCKET_NOT_CONNECTED @ https://visitor-risecode.omnitagjs.com/visitor/bsync?name=risecode&uid=40a3c28f9ffc73ee86df2bac2d2bb390&url=https%3A%2F%2Fcs-server-s2s.yellowblue.io%2Fcs%3Ffwrd%3D1%26fwrd%3D1%26aid%3D11609%26id%3D%5BBUYER_ID%5D:0
[   26260ms] [ERROR] Failed to load resource: net::ERR_SOCKET_NOT_CONNECTED @ https://sync.targeting.unrulymedia.com/csync/RX-9ec1288d-a6be-4e05-a575-925bfbfcec30-005?redir=https%3A%2F%2Fsync.kueezrtb.com%2Fapi%2Fcookie%3FpartnerId%3Dkueez-r1%26userId%3DRX-9ec1288d-a6be-4e05-a575-925bfbfcec30-005:0
[   43906ms] [ERROR] Failed to load resource: net::ERR_SOCKET_NOT_CONNECTED @ https://b1sync.outbrain.com/usersync/openx?puid=4989ee83-3b0c-463a-bcf5-dbb54d5c18d6&cb=https%3A%2F%2Fus-u.openx.net%2Fw%2F1.0%2Fsd%3Fid%3D560843120%26val%3D__ZUID__:0
[   44719ms] [ERROR] Failed to load resource: net::ERR_SOCKET_NOT_CONNECTED @ https://pixel.tapad.com/idsync/ex/receive?partner_id=1955&partner_device_id=643ae739-8b83-4a3f-a127-dfa15dc007a1:0
[   51327ms] [ERROR] Failed to load resource: the server responded with a status of 404 () @ https://id5-sync.com/k/1364.gif?TruAudienceID=E1:g7PL70NHu_82qp-y7G0NmMium4SF83l6IWA7FbzjWc2oHtSjV2UzvuldxErwfbptyihDnT6cmYcFPL-eSLwXhXy2To9-033BLyWKXnz_xHI:0
[   75215ms] [ERROR] Failed to load resource: net::ERR_SOCKET_NOT_CONNECTED @ https://i.w55c.net/ping_match.gif?ei=OPENX&rurl=https%3A%2F%2Fus-u.openx.net%2Fw%2F1.0%2Fsd%3Fid%3D537072979%26val%3D_wfivefivec_&gdpr=0&gdpr_consent=%5BUSER_CONSENT%5D:0
[   19802ms] [ERROR] Failed to load resource: the server responded with a status of 424 (Failed Dependency) @ https://t.adx.opera.com/pub/sync?pubid=pub10101531197440&gdpr=1&gdpr_consent=:0
[   33774ms] [ERROR] Failed to load resource: the server responded with a status of 424 (Failed Dependency) @ https://t.adx.opera.com/pub/sync?pubid=pub10101531197440&gdpr=1&gdpr_consent=:0
[   42302ms] [ERROR] Failed to load resource: the server responded with a status of 424 (Failed Dependency) @ https://t.adx.opera.com/pub/sync?pubid=pub10101531197440&gdpr=1&gdpr_consent=:0
[   43811ms] [ERROR] Failed to load resource: the server responded with a status of 424 (Failed Dependency) @ https://t.adx.opera.com/pub/sync?pubid=pub10101531197440&gdpr=1&gdpr_consent=:0
[   50288ms] [ERROR] Failed to load resource: net::ERR_SOCKET_NOT_CONNECTED @ https://simage2.pubmatic.com/AdServer/Pug?vcode=bz0yJnR5cGU9MSZjb2RlPTI4NDkmdGw9MTI5NjAw&piggybackCookie=a5f9791e-7a3a-4f47-8301-bca5683dd762&gdpr=0&gdpr_consent=:0
[   50288ms] [ERROR] Failed to load resource: net::ERR_SOCKET_NOT_CONNECTED @ https://pixel.onaudience.com/?partner=214&mapped=C3298E6A-FDDD-4476-B791-E393289B5F10&gdpr=0&gdpr_consent=&us_privacy=1---&gpp=&gpp_sid=:0
[   50288ms] [ERROR] Failed to load resource: net::ERR_SOCKET_NOT_CONNECTED @ https://pippio.com/api/sync?pid=5324&it=1&iv=ba685f52e8aa853b7539962bd4dec1b670ced71b89f814b833f79064a0dbd985791426b5417dce21&_=2:0
[   50289ms] [ERROR] Failed to load resource: net::ERR_SOCKET_NOT_CONNECTED @ https://pixel.tapad.com/idsync/ex/receive?partner_id=3371&partner_device_id=C3298E6A-FDDD-4476-B791-E393289B5F10:0
[   50535ms] [ERROR] Failed to load resource: net::ERR_SOCKET_NOT_CONNECTED @ https://simage4.pubmatic.com/AdServer/SPug?partnerID=161102&gdpr=0&gdpr_consent=&us_privacy=1---&gpp=&gpp_sid=:0
[   81749ms] [ERROR] Failed to load resource: net::ERR_SOCKET_NOT_CONNECTED @ https://dis.criteo.com/dis/usersync.aspx?r=3&p=4&cp=pubmaticUS&cu=1&gdpr=0&gdpr_consent=&us_privacy=1---&gpp=&gpp_sid=&url=https%3A%2F%2Fsimage4.pubmatic.com%2FAdServer%2FSPug%3FpartnerID%3D173010%26test%3Dctest%26partnerUID%3Duid%3A%40%40CRITEO_USERID%40%40:0
[   50288ms] [ERROR] Failed to load resource: net::ERR_SOCKET_NOT_CONNECTED @ https://simage2.pubmatic.com/AdServer/Pug?vcode=bz0yJnR5cGU9MSZjb2RlPTI4NDkmdGw9MTI5NjAw&piggybackCookie=a5f9791e-7a3a-4f47-8301-bca5683dd762&gdpr=0&gdpr_consent=:0
[   50288ms] [ERROR] Failed to load resource: net::ERR_SOCKET_NOT_CONNECTED @ https://pixel.onaudience.com/?partner=214&mapped=C3298E6A-FDDD-4476-B791-E393289B5F10&gdpr=0&gdpr_consent=&us_privacy=1---&gpp=&gpp_sid=:0
[   50288ms] [ERROR] Failed to load resource: net::ERR_SOCKET_NOT_CONNECTED @ https://pippio.com/api/sync?pid=5324&it=1&iv=ba685f52e8aa853b7539962bd4dec1b670ced71b89f814b833f79064a0dbd985791426b5417dce21&_=2:0
[   50289ms] [ERROR] Failed to load resource: net::ERR_SOCKET_NOT_CONNECTED @ https://pixel.tapad.com/idsync/ex/receive?partner_id=3371&partner_device_id=C3298E6A-FDDD-4476-B791-E393289B5F10:0
[   50535ms] [ERROR] Failed to load resource: net::ERR_SOCKET_NOT_CONNECTED @ https://simage4.pubmatic.com/AdServer/SPug?partnerID=161102&gdpr=0&gdpr_consent=&us_privacy=1---&gpp=&gpp_sid=:0
[   81749ms] [ERROR] Failed to load resource: net::ERR_SOCKET_NOT_CONNECTED @ https://dis.criteo.com/dis/usersync.aspx?r=3&p=4&cp=pubmaticUS&cu=1&gdpr=0&gdpr_consent=&us_privacy=1---&gpp=&gpp_sid=&url=https%3A%2F%2Fsimage4.pubmatic.com%2FAdServer%2FSPug%3FpartnerID%3D173010%26test%3Dctest%26partnerUID%3Duid%3A%40%40CRITEO_USERID%40%40:0
[   14303ms] [ERROR] Failed to load resource: net::ERR_SOCKET_NOT_CONNECTED @ https://match.sharethrough.com/sync/v1?source_id=UiRtTsXAfjmfSDAKnR1FjWsu&source_user_id=MR9OBV26-1I-763S:0
[   43906ms] [ERROR] Failed to load resource: net::ERR_SOCKET_NOT_CONNECTED @ https://b1sync.outbrain.com/usersync/openx?puid=4989ee83-3b0c-463a-bcf5-dbb54d5c18d6&cb=https%3A%2F%2Fus-u.openx.net%2Fw%2F1.0%2Fsd%3Fid%3D560843120%26val%3D__ZUID__:0
[   44719ms] [ERROR] Failed to load resource: net::ERR_SOCKET_NOT_CONNECTED @ https://pixel.tapad.com/idsync/ex/receive?partner_id=1955&partner_device_id=643ae739-8b83-4a3f-a127-dfa15dc007a1:0
[   51327ms] [ERROR] Failed to load resource: the server responded with a status of 404 () @ https://id5-sync.com/k/1364.gif?TruAudienceID=E1:g7PL70NHu_82qp-y7G0NmMium4SF83l6IWA7FbzjWc2oHtSjV2UzvuldxErwfbptyihDnT6cmYcFPL-eSLwXhXy2To9-033BLyWKXnz_xHI:0
[   75215ms] [ERROR] Failed to load resource: net::ERR_SOCKET_NOT_CONNECTED @ https://i.w55c.net/ping_match.gif?ei=OPENX&rurl=https%3A%2F%2Fus-u.openx.net%2Fw%2F1.0%2Fsd%3Fid%3D537072979%26val%3D_wfivefivec_&gdpr=0&gdpr_consent=%5BUSER_CONSENT%5D:0
[   26437ms] [ERROR] Failed to load resource: net::ERR_SOCKET_NOT_CONNECTED @ https://sync.targeting.unrulymedia.com/csync/RX-9ec1288d-a6be-4e05-a575-925bfbfcec30-005?redir=https%3A%2F%2Fms-cookie-sync.presage.io%2Fuser-sync%3Fnexxen_id%3DRX-9ec1288d-a6be-4e05-a575-925bfbfcec30-005:0
[   14303ms] [ERROR] Failed to load resource: net::ERR_SOCKET_NOT_CONNECTED @ https://match.sharethrough.com/sync/v1?source_id=UiRtTsXAfjmfSDAKnR1FjWsu&source_user_id=MR9OBV26-1I-763S:0
[   71243ms] [ERROR] Failed to load resource: net::ERR_NAME_NOT_RESOLVED @ https://cs.iqzone.com/570908b7e92df631fee32098aa272f7b.gif?puid=QdR0%2FWpMEHY8GoBeQBj8AQ%3D%3D&gdpr=&gdpr_consent=&ccpa=&coppa=&redir=https%3A%2F%2Fssc-cms.33across.com%2Fps%2F%3Fxi%3D145%26ts%3D1783369847282.6%26us_privacy%3D%26xu%3D%5BUID%5D%26gpp_sid%3D%26gpp%3D:0
[   81165ms] [ERROR] Failed to load resource: net::ERR_NAME_NOT_RESOLVED @ https://usermatch.krxd.net/um/v2?partner=tapad:0
[   29349ms] [ERROR] Failed to load resource: net::ERR_NAME_NOT_RESOLVED @ https://cs.iqzone.com/6f0476ca45e1d6b67e3ee8d57532a022.gif?redir=https%3A%2F%2Fsync.cootlogix.com%2Fapi%2Fcookie%3FpartnerId%3Diqzone%26gdpr%3D0%26gdpr_consent%3D%26us_privacy%3D%26userId%3D%5BUID%5D&gdpr=0&gdpr_consent=&ccpa=:0
[   81743ms] [ERROR] Failed to load resource: net::ERR_NAME_NOT_RESOLVED @ https://cs.iqzone.com/6f0476ca45e1d6b67e3ee8d57532a022.gif?redir=https%3A%2F%2Fsync.cootlogix.com%2Fapi%2Fcookie%3FpartnerId%3Diqzone%26gdpr%3D%26gdpr_consent%3D%26us_privacy%3D%26userId%3D%5BUID%5D&gdpr=&gdpr_consent=&ccpa=:0
[   21885ms] [ERROR] Failed to load resource: the server responded with a status of 404 (Not Found) @ https://b1sync.zemanta.com/usersync/ogury/?gdpr=0&gdpr_consent=&cb=https%3A%2F%2Fms-cookie-sync.presage.io%2Fuser-sync%3Foutbrain_id%3D__ZUID__:0
[   42690ms] [ERROR] Failed to load resource: net::ERR_SOCKET_NOT_CONNECTED @ https://dsp-2.presage.io/sync?bidswitch_ssp_id=brave&bsw_custom_parameter=996b0401-d5c2-4c38-a61f-8ae85f5d65ed&gdpr=0&gdpr_consent=:0
[   43868ms] [ERROR] Failed to load resource: net::ERR_SOCKET_NOT_CONNECTED @ https://ssp-sync.criteo.com/user-sync/redirect?gdpr=0&gdpr_consent=&profile=342&redir=https%3A%2F%2Fcs-server-s2s.yellowblue.io%2Fcs%3Ffwrd%3D1%26aid%3D11614%26id%3D%24%7BCRITEO_USER_ID%7D:0
[   44789ms] [ERROR] Failed to load resource: net::ERR_CONNECTION_CLOSED @ https://csync.loopme.me/?gdpr=0&gdpr_consent=&pubid=11362&redirect=https%3A%2F%2Fcs-server-s2s.yellowblue.io%2Fcs%3Ffwrd%3D1%26aid%3D11571%26id%3D%7Bdevice_id%7D:0
[   50492ms] [ERROR] Failed to load resource: net::ERR_SOCKET_NOT_CONNECTED @ https://visitor-risecode.omnitagjs.com/visitor/bsync?name=risecode&uid=40a3c28f9ffc73ee86df2bac2d2bb390&url=https%3A%2F%2Fcs-server-s2s.yellowblue.io%2Fcs%3Ffwrd%3D1%26fwrd%3D1%26aid%3D11609%26id%3D%5BBUYER_ID%5D:0
[   43868ms] [ERROR] Failed to load resource: net::ERR_SOCKET_NOT_CONNECTED @ https://ssp-sync.criteo.com/user-sync/redirect?gdpr=0&gdpr_consent=&profile=342&redir=https%3A%2F%2Fcs-server-s2s.yellowblue.io%2Fcs%3Ffwrd%3D1%26aid%3D11614%26id%3D%24%7BCRITEO_USER_ID%7D:0
[   44789ms] [ERROR] Failed to load resource: net::ERR_CONNECTION_CLOSED @ https://csync.loopme.me/?gdpr=0&gdpr_consent=&pubid=11362&redirect=https%3A%2F%2Fcs-server-s2s.yellowblue.io%2Fcs%3Ffwrd%3D1%26aid%3D11571%26id%3D%7Bdevice_id%7D:0
[   50492ms] [ERROR] Failed to load resource: net::ERR_SOCKET_NOT_CONNECTED @ https://visitor-risecode.omnitagjs.com/visitor/bsync?name=risecode&uid=40a3c28f9ffc73ee86df2bac2d2bb390&url=https%3A%2F%2Fcs-server-s2s.yellowblue.io%2Fcs%3Ffwrd%3D1%26fwrd%3D1%26aid%3D11609%26id%3D%5BBUYER_ID%5D:0
[   29349ms] [ERROR] Failed to load resource: net::ERR_NAME_NOT_RESOLVED @ https://cs.iqzone.com/6f0476ca45e1d6b67e3ee8d57532a022.gif?redir=https%3A%2F%2Fsync.cootlogix.com%2Fapi%2Fcookie%3FpartnerId%3Diqzone%26gdpr%3D0%26gdpr_consent%3D%26us_privacy%3D%26userId%3D%5BUID%5D&gdpr=0&gdpr_consent=&ccpa=:0
[   81743ms] [ERROR] Failed to load resource: net::ERR_NAME_NOT_RESOLVED @ https://cs.iqzone.com/6f0476ca45e1d6b67e3ee8d57532a022.gif?redir=https%3A%2F%2Fsync.cootlogix.com%2Fapi%2Fcookie%3FpartnerId%3Diqzone%26gdpr%3D%26gdpr_consent%3D%26us_privacy%3D%26userId%3D%5BUID%5D&gdpr=&gdpr_consent=&ccpa=:0
[   43868ms] [ERROR] Failed to load resource: net::ERR_SOCKET_NOT_CONNECTED @ https://ssp-sync.criteo.com/user-sync/redirect?gdpr=0&gdpr_consent=&profile=342&redir=https%3A%2F%2Fcs-server-s2s.yellowblue.io%2Fcs%3Ffwrd%3D1%26aid%3D11614%26id%3D%24%7BCRITEO_USER_ID%7D:0
[   44789ms] [ERROR] Failed to load resource: net::ERR_CONNECTION_CLOSED @ https://csync.loopme.me/?gdpr=0&gdpr_consent=&pubid=11362&redirect=https%3A%2F%2Fcs-server-s2s.yellowblue.io%2Fcs%3Ffwrd%3D1%26aid%3D11571%26id%3D%7Bdevice_id%7D:0
[   50492ms] [ERROR] Failed to load resource: net::ERR_SOCKET_NOT_CONNECTED @ https://visitor-risecode.omnitagjs.com/visitor/bsync?name=risecode&uid=40a3c28f9ffc73ee86df2bac2d2bb390&url=https%3A%2F%2Fcs-server-s2s.yellowblue.io%2Fcs%3Ffwrd%3D1%26fwrd%3D1%26aid%3D11609%26id%3D%5BBUYER_ID%5D:0
[   85031ms] [ERROR] Failed to load resource: the server responded with a status of 404 (Not Found) @ https://b1sync.zemanta.com/usersync/ogury/?gdpr=0&gdpr_consent=&cb=https%3A%2F%2Fms-cookie-sync.presage.io%2Fuser-sync%3Foutbrain_id%3D__ZUID__:0
[   20501ms] [ERROR] Failed to load resource: net::ERR_SOCKET_NOT_CONNECTED @ https://csync.loopme.me/?pubid=11537&gdpr=${GDPR}&gdpr_consent=${GDPR_CONSENT_109}&redirect=https%3A%2F%2Fcm.g.doubleclick.net%2Fpixel%3Fgoogle_nid%3Dloopme_eb_%26google_hm%3D{viewer_token}&google_gid=CAESENIasOELs1nsGH7Uiw38rxM&google_cver=1&google_push=AXcoOmR-YEiYEs2Eu6H4a0iU8G52-uIddi3AX5yGaJFEkfyPgwXP2dqaCZRVgariPZbLl1HFnRLy9SYrQ5JeiD0Z8rjnspppbMgCgAGe64t--QikfJcfaqYxEw2CNvgqjA8h9z6OTsjESwXUJpM8B4Wd44R8:0
[   20503ms] [ERROR] Failed to load resource: net::ERR_SOCKET_NOT_CONNECTED @ https://csync.loopme.me/?pubid=11537&gdpr=${GDPR}&gdpr_consent=${GDPR_CONSENT_109}&redirect=https%3A%2F%2Fcm.g.doubleclick.net%2Fpixel%3Fgoogle_nid%3Dloopme_eb_%26google_hm%3D{viewer_token}&google_gid=CAESENIasOELs1nsGH7Uiw38rxM&google_cver=1&google_push=AXcoOmSRuoh-o38PnWW8yWdXnrCyDtZk-6ohpha0x6xv_2ZPfe0AxjQuL0HS1fENsNxlRH2fb2Wei_SMjMDfTTJobX7yn-b-G6lv_3yEF1jU3EOYymchmf9QxME2dbSZBEYc6nI1JwapB29qZK-jeu1OeBx0tA:0
[   26257ms] [ERROR] Failed to load resource: net::ERR_SOCKET_NOT_CONNECTED @ https://sync.targeting.unrulymedia.com/csync/RX-9ec1288d-a6be-4e05-a575-925bfbfcec30-005?redir=https%3A%2F%2Fcm.g.doubleclick.net%2Fpixel%3Fgoogle_nid%3Dr1%26google_push%3DAXcoOmRNlE-vVpX33yR7zzgBGCeYPM9q5JaB-BTpkNrvbWQWEJKvVEcbYIRXgqE7Xe-VHNV8T6mJ6Bcln217WNriiFIRlGV9TtG5F1lvDcV8spKI9QkyMb_oUNan9Z_Us67f_kYEACTtcmemNYAb5AhYOfyY%26google_hm%3DBZ7BKI2mvk4FpXWSW_v87DA:0
[   43868ms] [ERROR] Failed to load resource: net::ERR_SOCKET_NOT_CONNECTED @ https://ssp-sync.criteo.com/user-sync/redirect?gdpr=0&gdpr_consent=&profile=342&redir=https%3A%2F%2Fcs-server-s2s.yellowblue.io%2Fcs%3Ffwrd%3D1%26aid%3D11614%26id%3D%24%7BCRITEO_USER_ID%7D:0
[   44789ms] [ERROR] Failed to load resource: net::ERR_CONNECTION_CLOSED @ https://csync.loopme.me/?gdpr=0&gdpr_consent=&pubid=11362&redirect=https%3A%2F%2Fcs-server-s2s.yellowblue.io%2Fcs%3Ffwrd%3D1%26aid%3D11571%26id%3D%7Bdevice_id%7D:0
[   50492ms] [ERROR] Failed to load resource: net::ERR_SOCKET_NOT_CONNECTED @ https://visitor-risecode.omnitagjs.com/visitor/bsync?name=risecode&uid=40a3c28f9ffc73ee86df2bac2d2bb390&url=https%3A%2F%2Fcs-server-s2s.yellowblue.io%2Fcs%3Ffwrd%3D1%26fwrd%3D1%26aid%3D11609%26id%3D%5BBUYER_ID%5D:0
[   29349ms] [ERROR] Failed to load resource: net::ERR_NAME_NOT_RESOLVED @ https://cs.iqzone.com/6f0476ca45e1d6b67e3ee8d57532a022.gif?redir=https%3A%2F%2Fsync.cootlogix.com%2Fapi%2Fcookie%3FpartnerId%3Diqzone%26gdpr%3D0%26gdpr_consent%3D%26us_privacy%3D%26userId%3D%5BUID%5D&gdpr=0&gdpr_consent=&ccpa=:0
[   81743ms] [ERROR] Failed to load resource: net::ERR_NAME_NOT_RESOLVED @ https://cs.iqzone.com/6f0476ca45e1d6b67e3ee8d57532a022.gif?redir=https%3A%2F%2Fsync.cootlogix.com%2Fapi%2Fcookie%3FpartnerId%3Diqzone%26gdpr%3D%26gdpr_consent%3D%26us_privacy%3D%26userId%3D%5BUID%5D&gdpr=&gdpr_consent=&ccpa=:0
[   60376ms] [ERROR] Failed to load resource: net::ERR_SOCKET_NOT_CONNECTED @ https://b1sync.outbrain.com/usersync/inmobi/?puid=ID5-3-289a0f86-7041-4719-8747-4e6a92ab3e77&cb=https%3A%2F%2Fsync.inmobi.com%2Fsetuid%3FbidderID%3D164%26dspUserId%3D__UID__&gdpr=0&gdpr_consent=&us_privacy=:0
[   60386ms] [ERROR] Failed to load resource: net::ERR_SOCKET_NOT_CONNECTED @ https://tracker-shr.ortb.net/sync?id=1&uid=ID5-3-289a0f86-7041-4719-8747-4e6a92ab3e77:0
[   29349ms] [ERROR] Failed to load resource: net::ERR_NAME_NOT_RESOLVED @ https://cs.iqzone.com/6f0476ca45e1d6b67e3ee8d57532a022.gif?redir=https%3A%2F%2Fsync.cootlogix.com%2Fapi%2Fcookie%3FpartnerId%3Diqzone%26gdpr%3D0%26gdpr_consent%3D%26us_privacy%3D%26userId%3D%5BUID%5D&gdpr=0&gdpr_consent=&ccpa=:0
[   81743ms] [ERROR] Failed to load resource: net::ERR_NAME_NOT_RESOLVED @ https://cs.iqzone.com/6f0476ca45e1d6b67e3ee8d57532a022.gif?redir=https%3A%2F%2Fsync.cootlogix.com%2Fapi%2Fcookie%3FpartnerId%3Diqzone%26gdpr%3D%26gdpr_consent%3D%26us_privacy%3D%26userId%3D%5BUID%5D&gdpr=&gdpr_consent=&ccpa=:0
[   86592ms] [ERROR] Failed to load resource: net::ERR_NAME_NOT_RESOLVED @ https://px.owneriq.net/eox:0
[   14303ms] [ERROR] Failed to load resource: net::ERR_SOCKET_NOT_CONNECTED @ https://match.sharethrough.com/sync/v1?source_id=UiRtTsXAfjmfSDAKnR1FjWsu&source_user_id=MR9OBV26-1I-763S:0
[   87547ms] [ERROR] Failed to load resource: net::ERR_SOCKET_NOT_CONNECTED @ https://oxp.mxptint.net/OpenX.ashx:0
[   87820ms] [ERROR] Failed to load resource: net::ERR_SOCKET_NOT_CONNECTED @ https://d.turn.com/r/dd/id/L2NzaWQvMS9jaWQvMjg1MjQ0NjQvdC8w/url/https%3A%2F%2Fsu.semasio.net%2Fsync%2F1%2F9732522%3FsExtCookieId%3D%24!%7BTURN_UUID%7D%26sInitiator%3Dinternal&gdpr=0&gdpr_consent=:0
[   87839ms] [ERROR] Failed to load resource: net::ERR_SOCKET_NOT_CONNECTED @ https://d.turn.com/r/dd/id/L2NzaWQvMS9jaWQvMjg0NTA1NDYvdC8w/url/https://ps.eyeota.net/match?bid=1mpjpn0&turn_id=$!{TURN_UUID}&newuser=1&dc_rc=1&dc_mr=2&dc_orig=gdomg51&&referrer_pid=gdomg51:0
[   57767ms] [ERROR] Failed to load resource: net::ERR_CONNECTION_CLOSED @ https://hb.trustedstack.com/cksync.php?cs=61&type=apm&gdpr=0&gdpr_consent=&us_privacy=&ovsid=bb372e18-e7d8-491f-9726-00e40a8d71a0:0
[   43906ms] [ERROR] Failed to load resource: net::ERR_SOCKET_NOT_CONNECTED @ https://b1sync.outbrain.com/usersync/openx?puid=4989ee83-3b0c-463a-bcf5-dbb54d5c18d6&cb=https%3A%2F%2Fus-u.openx.net%2Fw%2F1.0%2Fsd%3Fid%3D560843120%26val%3D__ZUID__:0
[   44719ms] [ERROR] Failed to load resource: net::ERR_SOCKET_NOT_CONNECTED @ https://pixel.tapad.com/idsync/ex/receive?partner_id=1955&partner_device_id=643ae739-8b83-4a3f-a127-dfa15dc007a1:0
[   51327ms] [ERROR] Failed to load resource: the server responded with a status of 404 () @ https://id5-sync.com/k/1364.gif?TruAudienceID=E1:g7PL70NHu_82qp-y7G0NmMium4SF83l6IWA7FbzjWc2oHtSjV2UzvuldxErwfbptyihDnT6cmYcFPL-eSLwXhXy2To9-033BLyWKXnz_xHI:0
[   75215ms] [ERROR] Failed to load resource: net::ERR_SOCKET_NOT_CONNECTED @ https://i.w55c.net/ping_match.gif?ei=OPENX&rurl=https%3A%2F%2Fus-u.openx.net%2Fw%2F1.0%2Fsd%3Fid%3D537072979%26val%3D_wfivefivec_&gdpr=0&gdpr_consent=%5BUSER_CONSENT%5D:0
[   86592ms] [ERROR] Failed to load resource: net::ERR_NAME_NOT_RESOLVED @ https://px.owneriq.net/eox:0
[   87547ms] [ERROR] Failed to load resource: net::ERR_SOCKET_NOT_CONNECTED @ https://oxp.mxptint.net/OpenX.ashx:0
[   50288ms] [ERROR] Failed to load resource: net::ERR_SOCKET_NOT_CONNECTED @ https://simage2.pubmatic.com/AdServer/Pug?vcode=bz0yJnR5cGU9MSZjb2RlPTI4NDkmdGw9MTI5NjAw&piggybackCookie=a5f9791e-7a3a-4f47-8301-bca5683dd762&gdpr=0&gdpr_consent=:0
[   50288ms] [ERROR] Failed to load resource: net::ERR_SOCKET_NOT_CONNECTED @ https://pixel.onaudience.com/?partner=214&mapped=C3298E6A-FDDD-4476-B791-E393289B5F10&gdpr=0&gdpr_consent=&us_privacy=1---&gpp=&gpp_sid=:0
[   50288ms] [ERROR] Failed to load resource: net::ERR_SOCKET_NOT_CONNECTED @ https://pippio.com/api/sync?pid=5324&it=1&iv=ba685f52e8aa853b7539962bd4dec1b670ced71b89f814b833f79064a0dbd985791426b5417dce21&_=2:0
[   50289ms] [ERROR] Failed to load resource: net::ERR_SOCKET_NOT_CONNECTED @ https://pixel.tapad.com/idsync/ex/receive?partner_id=3371&partner_device_id=C3298E6A-FDDD-4476-B791-E393289B5F10:0
[   50535ms] [ERROR] Failed to load resource: net::ERR_SOCKET_NOT_CONNECTED @ https://simage4.pubmatic.com/AdServer/SPug?partnerID=161102&gdpr=0&gdpr_consent=&us_privacy=1---&gpp=&gpp_sid=:0
[   81749ms] [ERROR] Failed to load resource: net::ERR_SOCKET_NOT_CONNECTED @ https://dis.criteo.com/dis/usersync.aspx?r=3&p=4&cp=pubmaticUS&cu=1&gdpr=0&gdpr_consent=&us_privacy=1---&gpp=&gpp_sid=&url=https%3A%2F%2Fsimage4.pubmatic.com%2FAdServer%2FSPug%3FpartnerID%3D173010%26test%3Dctest%26partnerUID%3Duid%3A%40%40CRITEO_USERID%40%40:0
[   87820ms] [ERROR] Failed to load resource: net::ERR_SOCKET_NOT_CONNECTED @ https://d.turn.com/r/dd/id/L2NzaWQvMS9jaWQvMjg1MjQ0NjQvdC8w/url/https%3A%2F%2Fsu.semasio.net%2Fsync%2F1%2F9732522%3FsExtCookieId%3D%24!%7BTURN_UUID%7D%26sInitiator%3Dinternal&gdpr=0&gdpr_consent=:0
[   14303ms] [ERROR] Failed to load resource: net::ERR_SOCKET_NOT_CONNECTED @ https://match.sharethrough.com/sync/v1?source_id=UiRtTsXAfjmfSDAKnR1FjWsu&source_user_id=MR9OBV26-1I-763S:0
[   29349ms] [ERROR] Failed to load resource: net::ERR_NAME_NOT_RESOLVED @ https://cs.iqzone.com/6f0476ca45e1d6b67e3ee8d57532a022.gif?redir=https%3A%2F%2Fsync.cootlogix.com%2Fapi%2Fcookie%3FpartnerId%3Diqzone%26gdpr%3D0%26gdpr_consent%3D%26us_privacy%3D%26userId%3D%5BUID%5D&gdpr=0&gdpr_consent=&ccpa=:0
[   81743ms] [ERROR] Failed to load resource: net::ERR_NAME_NOT_RESOLVED @ https://cs.iqzone.com/6f0476ca45e1d6b67e3ee8d57532a022.gif?redir=https%3A%2F%2Fsync.cootlogix.com%2Fapi%2Fcookie%3FpartnerId%3Diqzone%26gdpr%3D%26gdpr_consent%3D%26us_privacy%3D%26userId%3D%5BUID%5D&gdpr=&gdpr_consent=&ccpa=:0
[   29349ms] [ERROR] Failed to load resource: net::ERR_NAME_NOT_RESOLVED @ https://cs.iqzone.com/6f0476ca45e1d6b67e3ee8d57532a022.gif?redir=https%3A%2F%2Fsync.cootlogix.com%2Fapi%2Fcookie%3FpartnerId%3Diqzone%26gdpr%3D0%26gdpr_consent%3D%26us_privacy%3D%26userId%3D%5BUID%5D&gdpr=0&gdpr_consent=&ccpa=:0
[   81743ms] [ERROR] Failed to load resource: net::ERR_NAME_NOT_RESOLVED @ https://cs.iqzone.com/6f0476ca45e1d6b67e3ee8d57532a022.gif?redir=https%3A%2F%2Fsync.cootlogix.com%2Fapi%2Fcookie%3FpartnerId%3Diqzone%26gdpr%3D%26gdpr_consent%3D%26us_privacy%3D%26userId%3D%5BUID%5D&gdpr=&gdpr_consent=&ccpa=:0
[   82901ms] [ERROR] Failed to load resource: net::ERR_CERT_COMMON_NAME_INVALID @ https://cs.openwebmedia.org/cs?aid=40017&id=RX-9ec1288d-a6be-4e05-a575-925bfbfcec30-005:0
[   82901ms] [ERROR] Failed to load resource: net::ERR_CERT_COMMON_NAME_INVALID @ https://cs.openwebmedia.org/cs?aid=40017&id=RX-9ec1288d-a6be-4e05-a575-925bfbfcec30-005:0
[   71243ms] [ERROR] Failed to load resource: net::ERR_NAME_NOT_RESOLVED @ https://cs.iqzone.com/570908b7e92df631fee32098aa272f7b.gif?puid=QdR0%2FWpMEHY8GoBeQBj8AQ%3D%3D&gdpr=&gdpr_consent=&ccpa=&coppa=&redir=https%3A%2F%2Fssc-cms.33across.com%2Fps%2F%3Fxi%3D145%26ts%3D1783369847282.6%26us_privacy%3D%26xu%3D%5BUID%5D%26gpp_sid%3D%26gpp%3D:0
[   81165ms] [ERROR] Failed to load resource: net::ERR_NAME_NOT_RESOLVED @ https://usermatch.krxd.net/um/v2?partner=tapad:0
[   87839ms] [ERROR] Failed to load resource: net::ERR_SOCKET_NOT_CONNECTED @ https://d.turn.com/r/dd/id/L2NzaWQvMS9jaWQvMjg0NTA1NDYvdC8w/url/https://ps.eyeota.net/match?bid=1mpjpn0&turn_id=$!{TURN_UUID}&newuser=1&dc_rc=1&dc_mr=2&dc_orig=gdomg51&&referrer_pid=gdomg51:0
[   71243ms] [ERROR] Failed to load resource: net::ERR_NAME_NOT_RESOLVED @ https://cs.iqzone.com/570908b7e92df631fee32098aa272f7b.gif?puid=QdR0%2FWpMEHY8GoBeQBj8AQ%3D%3D&gdpr=&gdpr_consent=&ccpa=&coppa=&redir=https%3A%2F%2Fssc-cms.33across.com%2Fps%2F%3Fxi%3D145%26ts%3D1783369847282.6%26us_privacy%3D%26xu%3D%5BUID%5D%26gpp_sid%3D%26gpp%3D:0
[   81165ms] [ERROR] Failed to load resource: net::ERR_NAME_NOT_RESOLVED @ https://usermatch.krxd.net/um/v2?partner=tapad:0
[   87839ms] [ERROR] Failed to load resource: net::ERR_SOCKET_NOT_CONNECTED @ https://d.turn.com/r/dd/id/L2NzaWQvMS9jaWQvMjg0NTA1NDYvdC8w/url/https://ps.eyeota.net/match?bid=1mpjpn0&turn_id=$!{TURN_UUID}&newuser=1&dc_rc=1&dc_mr=2&dc_orig=gdomg51&&referrer_pid=gdomg51:0
[   43868ms] [ERROR] Failed to load resource: net::ERR_SOCKET_NOT_CONNECTED @ https://ssp-sync.criteo.com/user-sync/redirect?gdpr=0&gdpr_consent=&profile=342&redir=https%3A%2F%2Fcs-server-s2s.yellowblue.io%2Fcs%3Ffwrd%3D1%26aid%3D11614%26id%3D%24%7BCRITEO_USER_ID%7D:0
[   44789ms] [ERROR] Failed to load resource: net::ERR_CONNECTION_CLOSED @ https://csync.loopme.me/?gdpr=0&gdpr_consent=&pubid=11362&redirect=https%3A%2F%2Fcs-server-s2s.yellowblue.io%2Fcs%3Ffwrd%3D1%26aid%3D11571%26id%3D%7Bdevice_id%7D:0
[   50492ms] [ERROR] Failed to load resource: net::ERR_SOCKET_NOT_CONNECTED @ https://visitor-risecode.omnitagjs.com/visitor/bsync?name=risecode&uid=40a3c28f9ffc73ee86df2bac2d2bb390&url=https%3A%2F%2Fcs-server-s2s.yellowblue.io%2Fcs%3Ffwrd%3D1%26fwrd%3D1%26aid%3D11609%26id%3D%5BBUYER_ID%5D:0
[   90719ms] [ERROR] Failed to load resource: net::ERR_NAME_NOT_RESOLVED @ https://usermatch.krxd.net/um/v2?partner=tapad:0
[   91097ms] [ERROR] Failed to load resource: net::ERR_NAME_NOT_RESOLVED @ https://usermatch.krxd.net/um/v2?partner=tapad:0
[   43868ms] [ERROR] Failed to load resource: net::ERR_SOCKET_NOT_CONNECTED @ https://ssp-sync.criteo.com/user-sync/redirect?gdpr=0&gdpr_consent=&profile=342&redir=https%3A%2F%2Fcs-server-s2s.yellowblue.io%2Fcs%3Ffwrd%3D1%26aid%3D11614%26id%3D%24%7BCRITEO_USER_ID%7D:0
[   44789ms] [ERROR] Failed to load resource: net::ERR_CONNECTION_CLOSED @ https://csync.loopme.me/?gdpr=0&gdpr_consent=&pubid=11362&redirect=https%3A%2F%2Fcs-server-s2s.yellowblue.io%2Fcs%3Ffwrd%3D1%26aid%3D11571%26id%3D%7Bdevice_id%7D:0
[   50492ms] [ERROR] Failed to load resource: net::ERR_SOCKET_NOT_CONNECTED @ https://visitor-risecode.omnitagjs.com/visitor/bsync?name=risecode&uid=40a3c28f9ffc73ee86df2bac2d2bb390&url=https%3A%2F%2Fcs-server-s2s.yellowblue.io%2Fcs%3Ffwrd%3D1%26fwrd%3D1%26aid%3D11609%26id%3D%5BBUYER_ID%5D:0
[   14303ms] [ERROR] Failed to load resource: net::ERR_SOCKET_NOT_CONNECTED @ https://match.sharethrough.com/sync/v1?source_id=UiRtTsXAfjmfSDAKnR1FjWsu&source_user_id=MR9OBV26-1I-763S:0
[   44163ms] [ERROR] Failed to load resource: net::ERR_SOCKET_NOT_CONNECTED @ https://ow.pubmatic.com/setuid?bidder=amx&uid=bb372e18-e7d8-491f-9726-00e40a8d71a0&gdpr=0&us_privacy=1---:0
[   43906ms] [ERROR] Failed to load resource: net::ERR_SOCKET_NOT_CONNECTED @ https://b1sync.outbrain.com/usersync/openx?puid=4989ee83-3b0c-463a-bcf5-dbb54d5c18d6&cb=https%3A%2F%2Fus-u.openx.net%2Fw%2F1.0%2Fsd%3Fid%3D560843120%26val%3D__ZUID__:0
[   44719ms] [ERROR] Failed to load resource: net::ERR_SOCKET_NOT_CONNECTED @ https://pixel.tapad.com/idsync/ex/receive?partner_id=1955&partner_device_id=643ae739-8b83-4a3f-a127-dfa15dc007a1:0
[   51327ms] [ERROR] Failed to load resource: the server responded with a status of 404 () @ https://id5-sync.com/k/1364.gif?TruAudienceID=E1:g7PL70NHu_82qp-y7G0NmMium4SF83l6IWA7FbzjWc2oHtSjV2UzvuldxErwfbptyihDnT6cmYcFPL-eSLwXhXy2To9-033BLyWKXnz_xHI:0
[   75215ms] [ERROR] Failed to load resource: net::ERR_SOCKET_NOT_CONNECTED @ https://i.w55c.net/ping_match.gif?ei=OPENX&rurl=https%3A%2F%2Fus-u.openx.net%2Fw%2F1.0%2Fsd%3Fid%3D537072979%26val%3D_wfivefivec_&gdpr=0&gdpr_consent=%5BUSER_CONSENT%5D:0
[   86592ms] [ERROR] Failed to load resource: net::ERR_NAME_NOT_RESOLVED @ https://px.owneriq.net/eox:0
[   87547ms] [ERROR] Failed to load resource: net::ERR_SOCKET_NOT_CONNECTED @ https://oxp.mxptint.net/OpenX.ashx:0
[   43868ms] [ERROR] Failed to load resource: net::ERR_SOCKET_NOT_CONNECTED @ https://ssp-sync.criteo.com/user-sync/redirect?gdpr=0&gdpr_consent=&profile=342&redir=https%3A%2F%2Fcs-server-s2s.yellowblue.io%2Fcs%3Ffwrd%3D1%26aid%3D11614%26id%3D%24%7BCRITEO_USER_ID%7D:0
[   44789ms] [ERROR] Failed to load resource: net::ERR_CONNECTION_CLOSED @ https://csync.loopme.me/?gdpr=0&gdpr_consent=&pubid=11362&redirect=https%3A%2F%2Fcs-server-s2s.yellowblue.io%2Fcs%3Ffwrd%3D1%26aid%3D11571%26id%3D%7Bdevice_id%7D:0
[   50492ms] [ERROR] Failed to load resource: net::ERR_SOCKET_NOT_CONNECTED @ https://visitor-risecode.omnitagjs.com/visitor/bsync?name=risecode&uid=40a3c28f9ffc73ee86df2bac2d2bb390&url=https%3A%2F%2Fcs-server-s2s.yellowblue.io%2Fcs%3Ffwrd%3D1%26fwrd%3D1%26aid%3D11609%26id%3D%5BBUYER_ID%5D:0
[   82901ms] [ERROR] Failed to load resource: net::ERR_CERT_COMMON_NAME_INVALID @ https://cs.openwebmedia.org/cs?aid=40017&id=RX-9ec1288d-a6be-4e05-a575-925bfbfcec30-005:0
[   26260ms] [ERROR] Failed to load resource: net::ERR_SOCKET_NOT_CONNECTED @ https://sync.targeting.unrulymedia.com/csync/RX-9ec1288d-a6be-4e05-a575-925bfbfcec30-005?redir=https%3A%2F%2Fsync.kueezrtb.com%2Fapi%2Fcookie%3FpartnerId%3Dkueez-r1%26userId%3DRX-9ec1288d-a6be-4e05-a575-925bfbfcec30-005:0
[   14303ms] [ERROR] Failed to load resource: net::ERR_SOCKET_NOT_CONNECTED @ https://match.sharethrough.com/sync/v1?source_id=UiRtTsXAfjmfSDAKnR1FjWsu&source_user_id=MR9OBV26-1I-763S:0
[   50288ms] [ERROR] Failed to load resource: net::ERR_SOCKET_NOT_CONNECTED @ https://simage2.pubmatic.com/AdServer/Pug?vcode=bz0yJnR5cGU9MSZjb2RlPTI4NDkmdGw9MTI5NjAw&piggybackCookie=a5f9791e-7a3a-4f47-8301-bca5683dd762&gdpr=0&gdpr_consent=:0
[   50288ms] [ERROR] Failed to load resource: net::ERR_SOCKET_NOT_CONNECTED @ https://pixel.onaudience.com/?partner=214&mapped=C3298E6A-FDDD-4476-B791-E393289B5F10&gdpr=0&gdpr_consent=&us_privacy=1---&gpp=&gpp_sid=:0
[   50288ms] [ERROR] Failed to load resource: net::ERR_SOCKET_NOT_CONNECTED @ https://pippio.com/api/sync?pid=5324&it=1&iv=ba685f52e8aa853b7539962bd4dec1b670ced71b89f814b833f79064a0dbd985791426b5417dce21&_=2:0
[   50289ms] [ERROR] Failed to load resource: net::ERR_SOCKET_NOT_CONNECTED @ https://pixel.tapad.com/idsync/ex/receive?partner_id=3371&partner_device_id=C3298E6A-FDDD-4476-B791-E393289B5F10:0
[   50535ms] [ERROR] Failed to load resource: net::ERR_SOCKET_NOT_CONNECTED @ https://simage4.pubmatic.com/AdServer/SPug?partnerID=161102&gdpr=0&gdpr_consent=&us_privacy=1---&gpp=&gpp_sid=:0
[   81749ms] [ERROR] Failed to load resource: net::ERR_SOCKET_NOT_CONNECTED @ https://dis.criteo.com/dis/usersync.aspx?r=3&p=4&cp=pubmaticUS&cu=1&gdpr=0&gdpr_consent=&us_privacy=1---&gpp=&gpp_sid=&url=https%3A%2F%2Fsimage4.pubmatic.com%2FAdServer%2FSPug%3FpartnerID%3D173010%26test%3Dctest%26partnerUID%3Duid%3A%40%40CRITEO_USERID%40%40:0
[   87820ms] [ERROR] Failed to load resource: net::ERR_SOCKET_NOT_CONNECTED @ https://d.turn.com/r/dd/id/L2NzaWQvMS9jaWQvMjg1MjQ0NjQvdC8w/url/https%3A%2F%2Fsu.semasio.net%2Fsync%2F1%2F9732522%3FsExtCookieId%3D%24!%7BTURN_UUID%7D%26sInitiator%3Dinternal&gdpr=0&gdpr_consent=:0
[   96852ms] [ERROR] Failed to load resource: the server responded with a status of 404 () @ https://cs.admanmedia.com/94fd017f496d404a25fc5546f959bf2f.gif?gdpr=&gdpr_consent=&us_privacy=&redir=https%3A%2F%2Fsync.kueezrtb.com%2Fapi%2Fcookie%3FpartnerId%3Dkueez-acuity%26gdpr%3D%26gdpr_consent%3D%26us_privacy%3D%26userId%3D%5BUID%5D:0
[   71243ms] [ERROR] Failed to load resource: net::ERR_NAME_NOT_RESOLVED @ https://cs.iqzone.com/570908b7e92df631fee32098aa272f7b.gif?puid=QdR0%2FWpMEHY8GoBeQBj8AQ%3D%3D&gdpr=&gdpr_consent=&ccpa=&coppa=&redir=https%3A%2F%2Fssc-cms.33across.com%2Fps%2F%3Fxi%3D145%26ts%3D1783369847282.6%26us_privacy%3D%26xu%3D%5BUID%5D%26gpp_sid%3D%26gpp%3D:0
[   81165ms] [ERROR] Failed to load resource: net::ERR_NAME_NOT_RESOLVED @ https://usermatch.krxd.net/um/v2?partner=tapad:0
[   87839ms] [ERROR] Failed to load resource: net::ERR_SOCKET_NOT_CONNECTED @ https://d.turn.com/r/dd/id/L2NzaWQvMS9jaWQvMjg0NTA1NDYvdC8w/url/https://ps.eyeota.net/match?bid=1mpjpn0&turn_id=$!{TURN_UUID}&newuser=1&dc_rc=1&dc_mr=2&dc_orig=gdomg51&&referrer_pid=gdomg51:0
[   90719ms] [ERROR] Failed to load resource: net::ERR_NAME_NOT_RESOLVED @ https://usermatch.krxd.net/um/v2?partner=tapad:0
[   91097ms] [ERROR] Failed to load resource: net::ERR_NAME_NOT_RESOLVED @ https://usermatch.krxd.net/um/v2?partner=tapad:0
[   43867ms] [ERROR] Failed to load resource: net::ERR_SOCKET_NOT_CONNECTED @ https://ssp-sync.criteo.com/user-sync/redirect?profile=342&gdpr_consent=&gdpr=0&gpp=&gpp_sid=&redir=https%3A%2F%2Fsync.richaudience.com%2F0c90fc1c188056486dbb210f25023b8a%2F%3Fgdpr%3D0%26euconsent%3D%26uid%3D${CRITEO_USER_ID}:0
[   44717ms] [ERROR] Failed to load resource: net::ERR_SOCKET_NOT_CONNECTED @ https://pixel.tapad.com/idsync/ex/push?partner_id=2922&partner_url=https%3A%2F%2Fid5-sync.com%2Fc%2F286%2F108%2F8%2F2.gif%3Fpuid%3D%24%7BTA_DEVICE_ID%7D%26gdpr%3D0%26gdpr_consent%3D&gdpr=0&gdpr_consent=:0
[   14303ms] [ERROR] Failed to load resource: net::ERR_SOCKET_NOT_CONNECTED @ https://match.sharethrough.com/sync/v1?source_id=UiRtTsXAfjmfSDAKnR1FjWsu&source_user_id=MR9OBV26-1I-763S:0
[   98174ms] [DIR] SyntaxError @ https://js.ad-score.com/score.min.js?pid=1000925&tt=g:1
[   14303ms] [ERROR] Failed to load resource: net::ERR_SOCKET_NOT_CONNECTED @ https://match.sharethrough.com/sync/v1?source_id=UiRtTsXAfjmfSDAKnR1FjWsu&source_user_id=MR9OBV26-1I-763S:0
[   50288ms] [ERROR] Failed to load resource: net::ERR_SOCKET_NOT_CONNECTED @ https://simage2.pubmatic.com/AdServer/Pug?vcode=bz0yJnR5cGU9MSZjb2RlPTI4NDkmdGw9MTI5NjAw&piggybackCookie=a5f9791e-7a3a-4f47-8301-bca5683dd762&gdpr=0&gdpr_consent=:0
[   50288ms] [ERROR] Failed to load resource: net::ERR_SOCKET_NOT_CONNECTED @ https://pixel.onaudience.com/?partner=214&mapped=C3298E6A-FDDD-4476-B791-E393289B5F10&gdpr=0&gdpr_consent=&us_privacy=1---&gpp=&gpp_sid=:0
[   50288ms] [ERROR] Failed to load resource: net::ERR_SOCKET_NOT_CONNECTED @ https://pippio.com/api/sync?pid=5324&it=1&iv=ba685f52e8aa853b7539962bd4dec1b670ced71b89f814b833f79064a0dbd985791426b5417dce21&_=2:0
[   50289ms] [ERROR] Failed to load resource: net::ERR_SOCKET_NOT_CONNECTED @ https://pixel.tapad.com/idsync/ex/receive?partner_id=3371&partner_device_id=C3298E6A-FDDD-4476-B791-E393289B5F10:0
[   50535ms] [ERROR] Failed to load resource: net::ERR_SOCKET_NOT_CONNECTED @ https://simage4.pubmatic.com/AdServer/SPug?partnerID=161102&gdpr=0&gdpr_consent=&us_privacy=1---&gpp=&gpp_sid=:0
[   81749ms] [ERROR] Failed to load resource: net::ERR_SOCKET_NOT_CONNECTED @ https://dis.criteo.com/dis/usersync.aspx?r=3&p=4&cp=pubmaticUS&cu=1&gdpr=0&gdpr_consent=&us_privacy=1---&gpp=&gpp_sid=&url=https%3A%2F%2Fsimage4.pubmatic.com%2FAdServer%2FSPug%3FpartnerID%3D173010%26test%3Dctest%26partnerUID%3Duid%3A%40%40CRITEO_USERID%40%40:0
[   87820ms] [ERROR] Failed to load resource: net::ERR_SOCKET_NOT_CONNECTED @ https://d.turn.com/r/dd/id/L2NzaWQvMS9jaWQvMjg1MjQ0NjQvdC8w/url/https%3A%2F%2Fsu.semasio.net%2Fsync%2F1%2F9732522%3FsExtCookieId%3D%24!%7BTURN_UUID%7D%26sInitiator%3Dinternal&gdpr=0&gdpr_consent=:0
[   20064ms] [ERROR] Failed to load resource: net::ERR_NAME_NOT_RESOLVED @ https://cs.lkqd.net/cs?partnerId=59&partnerUserId=CAESEHJlOXjDHEx9OjGTi0oIuyg&gdpr=0&google_cver=1:0
[   20076ms] [ERROR] Failed to load resource: net::ERR_NAME_NOT_RESOLVED @ https://cs.lkqd.net/cs?partnerId=59&redirect=https%3A%2F%2Fcm.g.doubleclick.net%2Fpixel%3Fgoogle_nid%3Dlkqd_dbm%26google_hm%3D%24%24rawlkqduserid%7Cbase64%24%24:0
[   14303ms] [ERROR] Failed to load resource: net::ERR_SOCKET_NOT_CONNECTED @ https://match.sharethrough.com/sync/v1?source_id=UiRtTsXAfjmfSDAKnR1FjWsu&source_user_id=MR9OBV26-1I-763S:0
[   14303ms] [ERROR] Failed to load resource: net::ERR_SOCKET_NOT_CONNECTED @ https://match.sharethrough.com/sync/v1?source_id=UiRtTsXAfjmfSDAKnR1FjWsu&source_user_id=MR9OBV26-1I-763S:0
[   50288ms] [ERROR] Failed to load resource: net::ERR_SOCKET_NOT_CONNECTED @ https://simage2.pubmatic.com/AdServer/Pug?vcode=bz0yJnR5cGU9MSZjb2RlPTI4NDkmdGw9MTI5NjAw&piggybackCookie=a5f9791e-7a3a-4f47-8301-bca5683dd762&gdpr=0&gdpr_consent=:0
[   50288ms] [ERROR] Failed to load resource: net::ERR_SOCKET_NOT_CONNECTED @ https://pixel.onaudience.com/?partner=214&mapped=C3298E6A-FDDD-4476-B791-E393289B5F10&gdpr=0&gdpr_consent=&us_privacy=1---&gpp=&gpp_sid=:0
[   50288ms] [ERROR] Failed to load resource: net::ERR_SOCKET_NOT_CONNECTED @ https://pippio.com/api/sync?pid=5324&it=1&iv=ba685f52e8aa853b7539962bd4dec1b670ced71b89f814b833f79064a0dbd985791426b5417dce21&_=2:0
[   50289ms] [ERROR] Failed to load resource: net::ERR_SOCKET_NOT_CONNECTED @ https://pixel.tapad.com/idsync/ex/receive?partner_id=3371&partner_device_id=C3298E6A-FDDD-4476-B791-E393289B5F10:0
[   50535ms] [ERROR] Failed to load resource: net::ERR_SOCKET_NOT_CONNECTED @ https://simage4.pubmatic.com/AdServer/SPug?partnerID=161102&gdpr=0&gdpr_consent=&us_privacy=1---&gpp=&gpp_sid=:0
[   81749ms] [ERROR] Failed to load resource: net::ERR_SOCKET_NOT_CONNECTED @ https://dis.criteo.com/dis/usersync.aspx?r=3&p=4&cp=pubmaticUS&cu=1&gdpr=0&gdpr_consent=&us_privacy=1---&gpp=&gpp_sid=&url=https%3A%2F%2Fsimage4.pubmatic.com%2FAdServer%2FSPug%3FpartnerID%3D173010%26test%3Dctest%26partnerUID%3Duid%3A%40%40CRITEO_USERID%40%40:0
[   87820ms] [ERROR] Failed to load resource: net::ERR_SOCKET_NOT_CONNECTED @ https://d.turn.com/r/dd/id/L2NzaWQvMS9jaWQvMjg1MjQ0NjQvdC8w/url/https%3A%2F%2Fsu.semasio.net%2Fsync%2F1%2F9732522%3FsExtCookieId%3D%24!%7BTURN_UUID%7D%26sInitiator%3Dinternal&gdpr=0&gdpr_consent=:0
[   50288ms] [ERROR] Failed to load resource: net::ERR_SOCKET_NOT_CONNECTED @ https://simage2.pubmatic.com/AdServer/Pug?vcode=bz0yJnR5cGU9MSZjb2RlPTI4NDkmdGw9MTI5NjAw&piggybackCookie=a5f9791e-7a3a-4f47-8301-bca5683dd762&gdpr=0&gdpr_consent=:0
[   50288ms] [ERROR] Failed to load resource: net::ERR_SOCKET_NOT_CONNECTED @ https://pixel.onaudience.com/?partner=214&mapped=C3298E6A-FDDD-4476-B791-E393289B5F10&gdpr=0&gdpr_consent=&us_privacy=1---&gpp=&gpp_sid=:0
[   50288ms] [ERROR] Failed to load resource: net::ERR_SOCKET_NOT_CONNECTED @ https://pippio.com/api/sync?pid=5324&it=1&iv=ba685f52e8aa853b7539962bd4dec1b670ced71b89f814b833f79064a0dbd985791426b5417dce21&_=2:0
[   50289ms] [ERROR] Failed to load resource: net::ERR_SOCKET_NOT_CONNECTED @ https://pixel.tapad.com/idsync/ex/receive?partner_id=3371&partner_device_id=C3298E6A-FDDD-4476-B791-E393289B5F10:0
[   50535ms] [ERROR] Failed to load resource: net::ERR_SOCKET_NOT_CONNECTED @ https://simage4.pubmatic.com/AdServer/SPug?partnerID=161102&gdpr=0&gdpr_consent=&us_privacy=1---&gpp=&gpp_sid=:0
[   81749ms] [ERROR] Failed to load resource: net::ERR_SOCKET_NOT_CONNECTED @ https://dis.criteo.com/dis/usersync.aspx?r=3&p=4&cp=pubmaticUS&cu=1&gdpr=0&gdpr_consent=&us_privacy=1---&gpp=&gpp_sid=&url=https%3A%2F%2Fsimage4.pubmatic.com%2FAdServer%2FSPug%3FpartnerID%3D173010%26test%3Dctest%26partnerUID%3Duid%3A%40%40CRITEO_USERID%40%40:0
[   87820ms] [ERROR] Failed to load resource: net::ERR_SOCKET_NOT_CONNECTED @ https://d.turn.com/r/dd/id/L2NzaWQvMS9jaWQvMjg1MjQ0NjQvdC8w/url/https%3A%2F%2Fsu.semasio.net%2Fsync%2F1%2F9732522%3FsExtCookieId%3D%24!%7BTURN_UUID%7D%26sInitiator%3Dinternal&gdpr=0&gdpr_consent=:0
[   43906ms] [ERROR] Failed to load resource: net::ERR_SOCKET_NOT_CONNECTED @ https://b1sync.outbrain.com/usersync/openx?puid=4989ee83-3b0c-463a-bcf5-dbb54d5c18d6&cb=https%3A%2F%2Fus-u.openx.net%2Fw%2F1.0%2Fsd%3Fid%3D560843120%26val%3D__ZUID__:0
[   44719ms] [ERROR] Failed to load resource: net::ERR_SOCKET_NOT_CONNECTED @ https://pixel.tapad.com/idsync/ex/receive?partner_id=1955&partner_device_id=643ae739-8b83-4a3f-a127-dfa15dc007a1:0
[   51327ms] [ERROR] Failed to load resource: the server responded with a status of 404 () @ https://id5-sync.com/k/1364.gif?TruAudienceID=E1:g7PL70NHu_82qp-y7G0NmMium4SF83l6IWA7FbzjWc2oHtSjV2UzvuldxErwfbptyihDnT6cmYcFPL-eSLwXhXy2To9-033BLyWKXnz_xHI:0
[   75215ms] [ERROR] Failed to load resource: net::ERR_SOCKET_NOT_CONNECTED @ https://i.w55c.net/ping_match.gif?ei=OPENX&rurl=https%3A%2F%2Fus-u.openx.net%2Fw%2F1.0%2Fsd%3Fid%3D537072979%26val%3D_wfivefivec_&gdpr=0&gdpr_consent=%5BUSER_CONSENT%5D:0
[   86592ms] [ERROR] Failed to load resource: net::ERR_NAME_NOT_RESOLVED @ https://px.owneriq.net/eox:0
[   87547ms] [ERROR] Failed to load resource: net::ERR_SOCKET_NOT_CONNECTED @ https://oxp.mxptint.net/OpenX.ashx:0
[   43906ms] [ERROR] Failed to load resource: net::ERR_SOCKET_NOT_CONNECTED @ https://b1sync.outbrain.com/usersync/openx?puid=4989ee83-3b0c-463a-bcf5-dbb54d5c18d6&cb=https%3A%2F%2Fus-u.openx.net%2Fw%2F1.0%2Fsd%3Fid%3D560843120%26val%3D__ZUID__:0
[   44719ms] [ERROR] Failed to load resource: net::ERR_SOCKET_NOT_CONNECTED @ https://pixel.tapad.com/idsync/ex/receive?partner_id=1955&partner_device_id=643ae739-8b83-4a3f-a127-dfa15dc007a1:0
[   51327ms] [ERROR] Failed to load resource: the server responded with a status of 404 () @ https://id5-sync.com/k/1364.gif?TruAudienceID=E1:g7PL70NHu_82qp-y7G0NmMium4SF83l6IWA7FbzjWc2oHtSjV2UzvuldxErwfbptyihDnT6cmYcFPL-eSLwXhXy2To9-033BLyWKXnz_xHI:0
[   75215ms] [ERROR] Failed to load resource: net::ERR_SOCKET_NOT_CONNECTED @ https://i.w55c.net/ping_match.gif?ei=OPENX&rurl=https%3A%2F%2Fus-u.openx.net%2Fw%2F1.0%2Fsd%3Fid%3D537072979%26val%3D_wfivefivec_&gdpr=0&gdpr_consent=%5BUSER_CONSENT%5D:0
[   86592ms] [ERROR] Failed to load resource: net::ERR_NAME_NOT_RESOLVED @ https://px.owneriq.net/eox:0
[   87547ms] [ERROR] Failed to load resource: net::ERR_SOCKET_NOT_CONNECTED @ https://oxp.mxptint.net/OpenX.ashx:0
[   14303ms] [ERROR] Failed to load resource: net::ERR_SOCKET_NOT_CONNECTED @ https://match.sharethrough.com/sync/v1?source_id=UiRtTsXAfjmfSDAKnR1FjWsu&source_user_id=MR9OBV26-1I-763S:0
[   14303ms] [ERROR] Failed to load resource: net::ERR_SOCKET_NOT_CONNECTED @ https://match.sharethrough.com/sync/v1?source_id=UiRtTsXAfjmfSDAKnR1FjWsu&source_user_id=MR9OBV26-1I-763S:0
[   20064ms] [ERROR] Failed to load resource: net::ERR_NAME_NOT_RESOLVED @ https://cs.lkqd.net/cs?partnerId=59&partnerUserId=CAESEHJlOXjDHEx9OjGTi0oIuyg&gdpr=0&google_cver=1:0
[   20076ms] [ERROR] Failed to load resource: net::ERR_NAME_NOT_RESOLVED @ https://cs.lkqd.net/cs?partnerId=59&redirect=https%3A%2F%2Fcm.g.doubleclick.net%2Fpixel%3Fgoogle_nid%3Dlkqd_dbm%26google_hm%3D%24%24rawlkqduserid%7Cbase64%24%24:0
[   26825ms] [ERROR] Failed to load resource: net::ERR_CONNECTION_CLOSED @ https://pxl.iqm.com/i/ck/equativ?cid=SMART_USER_ID&redir=https%3A%2F%2Frtb-csync.smartadserver.com%2Fredir%2F%3Fissi%3D1%26partnerid%3D154%26partneruserid%3D%7BIQM_COOKIE%7D&gdpr=0&gdpr_consent=:0
[   29364ms] [ERROR] Failed to load resource: net::ERR_CONNECTION_CLOSED @ https://pxl.iqm.com/i/ck/equativ?cid=SMART_USER_ID&redir=https%3A%2F%2Frtb-csync.smartadserver.com%2Fredir%2F%3Fissi%3D1%26partnerid%3D154%26partneruserid%3D%7BIQM_COOKIE%7D:0
[   38221ms] [ERROR] Failed to load resource: the server responded with a status of 404 () @ https://id5-sync.com/k/155.gif?puid=AABgjU7UmCEAAAFLIJ7i4g&id5AccountNum=155&numCascadesAllowed=9&gdpr=0:0
[   40525ms] [ERROR] Failed to load resource: net::ERR_CONNECTION_RESET @ https://pxl.iqm.com/i/ck/equativ?cid=SMART_USER_ID&redir=https%3A%2F%2Frtb-csync.smartadserver.com%2Fredir%2F%3Fissi%3D1%26partnerid%3D154%26partneruserid%3D%7BIQM_COOKIE%7D&gdpr=0&gdpr_consent=:0
[   42752ms] [ERROR] Failed to load resource: net::ERR_SOCKET_NOT_CONNECTED @ https://ssp.wp.pl/v1/sync/smart/uid?redirect=https%3A%2F%2Frtb-csync.smartadserver.com%2Fredir%2F%3Fissi%3D1%26partnerid%3D55:0
[   44718ms] [ERROR] Failed to load resource: net::ERR_SOCKET_NOT_CONNECTED @ https://pixel.tapad.com/idsync/ex/push?partner_id=2922&partner_url=https%3A%2F%2Fid5-sync.com%2Fc%2F441%2F108%2F2%2F8.gif%3Fpuid%3D%24%7BTA_DEVICE_ID%7D%26gdpr%3D0%26gdpr_consent%3D&gdpr=0&gdpr_consent=:0
[   50745ms] [ERROR] Failed to load resource: net::ERR_CONNECTION_CLOSED @ https://pxl.iqm.com/i/ck/equativ?cid=SMART_USER_ID&redir=https%3A%2F%2Frtb-csync.smartadserver.com%2Fredir%2F%3Fissi%3D1%26partnerid%3D154%26partneruserid%3D%7BIQM_COOKIE%7D&gdpr=0&gdpr_consent=:0
[   54099ms] [ERROR] Failed to load resource: net::ERR_CONNECTION_CLOSED @ https://pxl.iqm.com/i/ck/equativ?cid=SMART_USER_ID&redir=https%3A%2F%2Frtb-csync.smartadserver.com%2Fredir%2F%3Fissi%3D1%26partnerid%3D154%26partneruserid%3D%7BIQM_COOKIE%7D&gdpr=0&gdpr_consent=:0
[   56492ms] [ERROR] Failed to load resource: net::ERR_SOCKET_NOT_CONNECTED @ https://sync.visx.net/v1/sync?partner_id=89714532&redir=https%3A%2F%2Frtb-csync.smartadserver.com%2Fredir%2F%3Fissi%3D1%26partnerid%3D164%26partneruserid%3D%24{UUID}%26gdpr%3D%24{GDPR}%26gdpr_consent%3D%24{GDPR_CONSENT_45}:0
[   56493ms] [ERROR] Failed to load resource: net::ERR_SOCKET_NOT_CONNECTED @ https://sync.visx.net/v1/sync?partner_id=89714532&redir=https%3A%2F%2Frtb-csync.smartadserver.com%2Fredir%2F%3Fissi%3D1%26partnerid%3D164%26partneruserid%3D%24{UUID}%26gdpr%3D%24{GDPR}%26gdpr_consent%3D%24{GDPR_CONSENT_45}&gdpr=0&gdpr_consent=:0
[   56943ms] [ERROR] Failed to load resource: net::ERR_SOCKET_NOT_CONNECTED @ https://i.ctnsnet.com/int/cm?exc=25&redir=https%3A%2F%2Frtb-csync.smartadserver.com%2Fredir%3Fissi%3D1%26partnerid%3D169%26partneruserid%3DPARTNER_USER_ID:0
[   56945ms] [ERROR] Failed to load resource: net::ERR_SOCKET_NOT_CONNECTED @ https://i.ctnsnet.com/int/cm?exc=25&redir=https%3A%2F%2Frtb-csync.smartadserver.com%2Fredir%3Fissi%3D1%26partnerid%3D169%26partneruserid%3DPARTNER_USER_ID&gdpr=0&gdpr_consent=:0
[   58109ms] [ERROR] Failed to load resource: net::ERR_SOCKET_NOT_CONNECTED @ https://go.mediagotechnology.com/cs/equativ:0
[   58110ms] [ERROR] Failed to load resource: net::ERR_SOCKET_NOT_CONNECTED @ https://go.mediagotechnology.com/cs/equativ?gdpr=0&gdpr_consent=:0
[   65956ms] [ERROR] Failed to load resource: net::ERR_SOCKET_NOT_CONNECTED @ https://sync.visx.net/v1/sync?partner_id=89714532&redir=https%3A%2F%2Frtb-csync.smartadserver.com%2Fredir%2F%3Fissi%3D1%26partnerid%3D164%26partneruserid%3D%24{UUID}%26gdpr%3D%24{GDPR}%26gdpr_consent%3D%24{GDPR_CONSENT_45}&gdpr=0&gdpr_consent=:0
[  101091ms] [ERROR] Failed to load resource: net::ERR_SOCKET_NOT_CONNECTED @ https://trace.us.rtbwise.com/api/v1/cookie/sync?partner=criteo&cb=https%3a%2f%2fssp-sync.criteo.com%2fuser-sync%2fmatch%3fp%3dzNsXIl9GUmhQTkVkNk10USUyQlFBUTEyVGVPRzVXd0FYMzFlbUxuRmUxT1l3UERla3MlM0Q%26u%3d%24%7bUSER_ID%7d:0
[  101321ms] [ERROR] Failed to load resource: net::ERR_SOCKET_NOT_CONNECTED @ https://dis.criteo.com/dis/usersync.aspx?r=154&p=361&cp=nexxenortb&cu=1&url=https%3A%2F%2Fsync.1rx.io%2Fusersync3%2Fcriteodsp%2F2069.106%2F%40%40CRITEO_USERID%40%40%3Fzcc%3D0%26sspret%3D1&rndcb=4214096729:0
[  101322ms] [ERROR] Failed to load resource: net::ERR_SOCKET_NOT_CONNECTED @ https://dis.criteo.com/dis/usersync.aspx?r=154&p=361&cp=nexxenortb&cu=1&url=https%3A%2F%2Fsync.1rx.io%2Fusersync3%2Fcriteodsp%2F2064%2F%40%40CRITEO_USERID%40%40%3Fzcc%3D0%26sspret%3D1&rndcb=140418655:0
[  101346ms] [ERROR] Failed to load resource: net::ERR_SOCKET_NOT_CONNECTED @ https://dmp.brand-display.com/cm/api/openx:0
[  101664ms] [ERROR] Failed to load resource: net::ERR_SOCKET_NOT_CONNECTED @ https://prebid.adtarget.biz/setuid?bidder=amx&gdpr=0&gdpr_consent=&f=i&uid=bb372e18-e7d8-491f-9726-00e40a8d71a0:0
[  102039ms] [ERROR] Failed to load resource: net::ERR_NAME_NOT_RESOLVED @ https://tacoda.at.atwola.com/atx/sync/ak/ak/default:0
[  102250ms] [ERROR] Failed to load resource: net::ERR_CONTENT_DECODING_FAILED @ https://csync.smartadserver.com/rtb/csync/TemplatePool.min.js:0
[  103422ms] [ERROR] Failed to load resource: net::ERR_CONNECTION_CLOSED @ https://pxl.iqm.com/i/ck/mnet?cid=4263714045655984000V10&gdpr=0&gdpr_consent=&gpp_string=&gpp_sid=-1&redirect=https%3A%2F%2Fcs.media.net%2Fcksync%3Fcs%3D3%26type%3Diqm%26ovsid%3D%7B%24PARTNER_UID%7D&cs=6:0
[   18596ms] [ERROR] Attestation check for Shared Storage on https://www.googleadservices.com failed. @ https://www.googleadservices.com/pagead/managed/js/activeview/current/reach_worklet.html:0
[   18799ms] [ERROR] Attestation check for Shared Storage on https://www.googleadservices.com failed. @ https://www.googleadservices.com/pagead/managed/js/activeview/current/reach_worklet.html:0
[   25766ms] [ERROR] Attestation check for Shared Storage on https://www.googleadservices.com failed. @ https://www.googleadservices.com/pagead/managed/js/activeview/current/reach_worklet.html:0
[   38155ms] [ERROR] Attestation check for Shared Storage on https://www.googleadservices.com failed. @ https://www.googleadservices.com/pagead/managed/js/activeview/current/reach_worklet.html:0
[   18596ms] [ERROR] Attestation check for Shared Storage on https://www.googleadservices.com failed. @ https://www.googleadservices.com/pagead/managed/js/activeview/current/reach_worklet.html:0
[   18799ms] [ERROR] Attestation check for Shared Storage on https://www.googleadservices.com failed. @ https://www.googleadservices.com/pagead/managed/js/activeview/current/reach_worklet.html:0
[   25766ms] [ERROR] Attestation check for Shared Storage on https://www.googleadservices.com failed. @ https://www.googleadservices.com/pagead/managed/js/activeview/current/reach_worklet.html:0
[   38155ms] [ERROR] Attestation check for Shared Storage on https://www.googleadservices.com failed. @ https://www.googleadservices.com/pagead/managed/js/activeview/current/reach_worklet.html:0
[   19802ms] [ERROR] Failed to load resource: the server responded with a status of 424 (Failed Dependency) @ https://t.adx.opera.com/pub/sync?pubid=pub10101531197440&gdpr=1&gdpr_consent=:0
[   33774ms] [ERROR] Failed to load resource: the server responded with a status of 424 (Failed Dependency) @ https://t.adx.opera.com/pub/sync?pubid=pub10101531197440&gdpr=1&gdpr_consent=:0
[   42302ms] [ERROR] Failed to load resource: the server responded with a status of 424 (Failed Dependency) @ https://t.adx.opera.com/pub/sync?pubid=pub10101531197440&gdpr=1&gdpr_consent=:0
[   43811ms] [ERROR] Failed to load resource: the server responded with a status of 424 (Failed Dependency) @ https://t.adx.opera.com/pub/sync?pubid=pub10101531197440&gdpr=1&gdpr_consent=:0
[  106521ms] [ERROR] Failed to load resource: the server responded with a status of 400 () @ https://eb2.3lift.com/getuid?gdpr=0&gdpr_consent=&redir=https%3A%2F%2Fvisitor.us-west1.gcp.omnitagjs.com%2Fvisitor%2Fsync%3Fgdpr%3D0%26gdpr_consent%3D%26is_cookie_sync_uid%3D1%26name%3DTRIPLELIFT_cookie_sync%26ttl%3D720%26uid%3D771bebe2d6221e9ca65e16ebf8d2f6f3%26visitor%3D%24UID:0
[  106558ms] [ERROR] Failed to load resource: net::ERR_NAME_NOT_RESOLVED @ https://test.com/?coppa=&gdpr=0&gdpr_consent=&gpp=&gpp_sid=&usp=1---:0
[  103422ms] [ERROR] Failed to load resource: net::ERR_CONNECTION_CLOSED @ https://pxl.iqm.com/i/ck/mnet?cid=4263714045655984000V10&gdpr=0&gdpr_consent=&gpp_string=&gpp_sid=-1&redirect=https%3A%2F%2Fcs.media.net%2Fcksync%3Fcs%3D3%26type%3Diqm%26ovsid%3D%7B%24PARTNER_UID%7D&cs=6:0
[   44163ms] [ERROR] Failed to load resource: net::ERR_SOCKET_NOT_CONNECTED @ https://ow.pubmatic.com/setuid?bidder=amx&uid=bb372e18-e7d8-491f-9726-00e40a8d71a0&gdpr=0&us_privacy=1---:0
[  101664ms] [ERROR] Failed to load resource: net::ERR_SOCKET_NOT_CONNECTED @ https://prebid.adtarget.biz/setuid?bidder=amx&gdpr=0&gdpr_consent=&f=i&uid=bb372e18-e7d8-491f-9726-00e40a8d71a0:0
[   43867ms] [ERROR] Failed to load resource: net::ERR_SOCKET_NOT_CONNECTED @ https://ssp-sync.criteo.com/user-sync/redirect?profile=342&gdpr_consent=&gdpr=0&gpp=&gpp_sid=&redir=https%3A%2F%2Fsync.richaudience.com%2F0c90fc1c188056486dbb210f25023b8a%2F%3Fgdpr%3D0%26euconsent%3D%26uid%3D${CRITEO_USER_ID}:0
[   44717ms] [ERROR] Failed to load resource: net::ERR_SOCKET_NOT_CONNECTED @ https://pixel.tapad.com/idsync/ex/push?partner_id=2922&partner_url=https%3A%2F%2Fid5-sync.com%2Fc%2F286%2F108%2F8%2F2.gif%3Fpuid%3D%24%7BTA_DEVICE_ID%7D%26gdpr%3D0%26gdpr_consent%3D&gdpr=0&gdpr_consent=:0
[  101322ms] [ERROR] Failed to load resource: net::ERR_SOCKET_NOT_CONNECTED @ https://dis.criteo.com/dis/usersync.aspx?r=154&p=361&cp=nexxenortb&cu=1&url=https%3A%2F%2Fsync.1rx.io%2Fusersync3%2Fcriteodsp%2F2064%2F%40%40CRITEO_USERID%40%40%3Fzcc%3D0%26sspret%3D1&rndcb=140418655:0
[   20501ms] [ERROR] Failed to load resource: net::ERR_SOCKET_NOT_CONNECTED @ https://csync.loopme.me/?pubid=11537&gdpr=${GDPR}&gdpr_consent=${GDPR_CONSENT_109}&redirect=https%3A%2F%2Fcm.g.doubleclick.net%2Fpixel%3Fgoogle_nid%3Dloopme_eb_%26google_hm%3D{viewer_token}&google_gid=CAESENIasOELs1nsGH7Uiw38rxM&google_cver=1&google_push=AXcoOmR-YEiYEs2Eu6H4a0iU8G52-uIddi3AX5yGaJFEkfyPgwXP2dqaCZRVgariPZbLl1HFnRLy9SYrQ5JeiD0Z8rjnspppbMgCgAGe64t--QikfJcfaqYxEw2CNvgqjA8h9z6OTsjESwXUJpM8B4Wd44R8:0
[   20503ms] [ERROR] Failed to load resource: net::ERR_SOCKET_NOT_CONNECTED @ https://csync.loopme.me/?pubid=11537&gdpr=${GDPR}&gdpr_consent=${GDPR_CONSENT_109}&redirect=https%3A%2F%2Fcm.g.doubleclick.net%2Fpixel%3Fgoogle_nid%3Dloopme_eb_%26google_hm%3D{viewer_token}&google_gid=CAESENIasOELs1nsGH7Uiw38rxM&google_cver=1&google_push=AXcoOmSRuoh-o38PnWW8yWdXnrCyDtZk-6ohpha0x6xv_2ZPfe0AxjQuL0HS1fENsNxlRH2fb2Wei_SMjMDfTTJobX7yn-b-G6lv_3yEF1jU3EOYymchmf9QxME2dbSZBEYc6nI1JwapB29qZK-jeu1OeBx0tA:0
[   26257ms] [ERROR] Failed to load resource: net::ERR_SOCKET_NOT_CONNECTED @ https://sync.targeting.unrulymedia.com/csync/RX-9ec1288d-a6be-4e05-a575-925bfbfcec30-005?redir=https%3A%2F%2Fcm.g.doubleclick.net%2Fpixel%3Fgoogle_nid%3Dr1%26google_push%3DAXcoOmRNlE-vVpX33yR7zzgBGCeYPM9q5JaB-BTpkNrvbWQWEJKvVEcbYIRXgqE7Xe-VHNV8T6mJ6Bcln217WNriiFIRlGV9TtG5F1lvDcV8spKI9QkyMb_oUNan9Z_Us67f_kYEACTtcmemNYAb5AhYOfyY%26google_hm%3DBZ7BKI2mvk4FpXWSW_v87DA:0
[  108645ms] [ERROR] Failed to load resource: net::ERR_SOCKET_NOT_CONNECTED @ https://px.mountain.com/signal/v1/page_view?data_source_key=Gg1Si3AkcN&ip=98.48.89.189&url=https%3A%2F%2Fcookies.nextmillmedia.com%2F&referer=&user_agent=Mozilla%2F5.0+%28Macintosh%3B+Intel+Mac+OS+X+10_15_7%29+AppleWebKit%2F537.36+%28KHTML%2C+like+Gecko%29+Chrome%2F149.0.0.0+Safari%2F537.36&gpp_sid=&gpp=:0
[  108646ms] [ERROR] Failed to load resource: net::ERR_SOCKET_NOT_CONNECTED @ https://px.mountain.com/signal/v1/page_view?data_source_key=Gg1Si3AkcN&ip=98.48.89.189&url=https%3A%2F%2Fsync.cootlogix.com%2F&referer=&user_agent=Mozilla%2F5.0+%28Macintosh%3B+Intel+Mac+OS+X+10_15_7%29+AppleWebKit%2F537.36+%28KHTML%2C+like+Gecko%29+Chrome%2F149.0.0.0+Safari%2F537.36&gpp_sid=&gpp=:0
[  108676ms] [ERROR] Failed to load resource: net::ERR_SOCKET_NOT_CONNECTED @ https://ml314.com/utsync.ashx?et=0&eid=92690&fp=904c068c-4082-43c2-8325-ed05e5662109:0
[  108681ms] [ERROR] Failed to load resource: net::ERR_SOCKET_NOT_CONNECTED @ https://dm-us.hybrid.ai/match?id=412&gdpr=0:0
[  108718ms] [ERROR] Failed to load resource: net::ERR_SOCKET_NOT_CONNECTED @ https://fei.pro-market.net/engine?du=47&site=161319&size=1x1&mimetype=img&csync=0aff5bbe-fbd5-40f9-a70b-fbd2ce24a887:0
[  108751ms] [ERROR] Failed to load resource: the server responded with a status of 404 (Not Found) @ https://us.shb-sync.com/76193a03-069b-4536-bc35-499b8e20d2af.gif?puid=[UID]&gdpr=0&gdpr_consent=&ccpa=&redir=https%3A%2F%2Fhb.trustedstack.com%2Fcksync.php%3Fcs%3D61%26type%3Dtst%26ovsid%3D%5BUID%5D%26gdpr%3D0%26gdpr_consent%3D%26ccpa%3D:0
[   43906ms] [ERROR] Failed to load resource: net::ERR_SOCKET_NOT_CONNECTED @ https://b1sync.outbrain.com/usersync/openx?puid=4989ee83-3b0c-463a-bcf5-dbb54d5c18d6&cb=https%3A%2F%2Fus-u.openx.net%2Fw%2F1.0%2Fsd%3Fid%3D560843120%26val%3D__ZUID__:0
[   44719ms] [ERROR] Failed to load resource: net::ERR_SOCKET_NOT_CONNECTED @ https://pixel.tapad.com/idsync/ex/receive?partner_id=1955&partner_device_id=643ae739-8b83-4a3f-a127-dfa15dc007a1:0
[   51327ms] [ERROR] Failed to load resource: the server responded with a status of 404 () @ https://id5-sync.com/k/1364.gif?TruAudienceID=E1:g7PL70NHu_82qp-y7G0NmMium4SF83l6IWA7FbzjWc2oHtSjV2UzvuldxErwfbptyihDnT6cmYcFPL-eSLwXhXy2To9-033BLyWKXnz_xHI:0
[   75215ms] [ERROR] Failed to load resource: net::ERR_SOCKET_NOT_CONNECTED @ https://i.w55c.net/ping_match.gif?ei=OPENX&rurl=https%3A%2F%2Fus-u.openx.net%2Fw%2F1.0%2Fsd%3Fid%3D537072979%26val%3D_wfivefivec_&gdpr=0&gdpr_consent=%5BUSER_CONSENT%5D:0
[   86592ms] [ERROR] Failed to load resource: net::ERR_NAME_NOT_RESOLVED @ https://px.owneriq.net/eox:0
[   87547ms] [ERROR] Failed to load resource: net::ERR_SOCKET_NOT_CONNECTED @ https://oxp.mxptint.net/OpenX.ashx:0
[  101346ms] [ERROR] Failed to load resource: net::ERR_SOCKET_NOT_CONNECTED @ https://dmp.brand-display.com/cm/api/openx:0
[  108676ms] [ERROR] Failed to load resource: net::ERR_SOCKET_NOT_CONNECTED @ https://ml314.com/utsync.ashx?et=0&eid=92690&fp=904c068c-4082-43c2-8325-ed05e5662109:0
[  108681ms] [ERROR] Failed to load resource: net::ERR_SOCKET_NOT_CONNECTED @ https://dm-us.hybrid.ai/match?id=412&gdpr=0:0
[  108718ms] [ERROR] Failed to load resource: net::ERR_SOCKET_NOT_CONNECTED @ https://fei.pro-market.net/engine?du=47&site=161319&size=1x1&mimetype=img&csync=0aff5bbe-fbd5-40f9-a70b-fbd2ce24a887:0
[   43906ms] [ERROR] Failed to load resource: net::ERR_SOCKET_NOT_CONNECTED @ https://b1sync.outbrain.com/usersync/openx?puid=4989ee83-3b0c-463a-bcf5-dbb54d5c18d6&cb=https%3A%2F%2Fus-u.openx.net%2Fw%2F1.0%2Fsd%3Fid%3D560843120%26val%3D__ZUID__:0
[   44719ms] [ERROR] Failed to load resource: net::ERR_SOCKET_NOT_CONNECTED @ https://pixel.tapad.com/idsync/ex/receive?partner_id=1955&partner_device_id=643ae739-8b83-4a3f-a127-dfa15dc007a1:0
[   51327ms] [ERROR] Failed to load resource: the server responded with a status of 404 () @ https://id5-sync.com/k/1364.gif?TruAudienceID=E1:g7PL70NHu_82qp-y7G0NmMium4SF83l6IWA7FbzjWc2oHtSjV2UzvuldxErwfbptyihDnT6cmYcFPL-eSLwXhXy2To9-033BLyWKXnz_xHI:0
[   75215ms] [ERROR] Failed to load resource: net::ERR_SOCKET_NOT_CONNECTED @ https://i.w55c.net/ping_match.gif?ei=OPENX&rurl=https%3A%2F%2Fus-u.openx.net%2Fw%2F1.0%2Fsd%3Fid%3D537072979%26val%3D_wfivefivec_&gdpr=0&gdpr_consent=%5BUSER_CONSENT%5D:0
[   86592ms] [ERROR] Failed to load resource: net::ERR_NAME_NOT_RESOLVED @ https://px.owneriq.net/eox:0
[   87547ms] [ERROR] Failed to load resource: net::ERR_SOCKET_NOT_CONNECTED @ https://oxp.mxptint.net/OpenX.ashx:0
[  101346ms] [ERROR] Failed to load resource: net::ERR_SOCKET_NOT_CONNECTED @ https://dmp.brand-display.com/cm/api/openx:0
[  108676ms] [ERROR] Failed to load resource: net::ERR_SOCKET_NOT_CONNECTED @ https://ml314.com/utsync.ashx?et=0&eid=92690&fp=904c068c-4082-43c2-8325-ed05e5662109:0
[  108681ms] [ERROR] Failed to load resource: net::ERR_SOCKET_NOT_CONNECTED @ https://dm-us.hybrid.ai/match?id=412&gdpr=0:0
[  108718ms] [ERROR] Failed to load resource: net::ERR_SOCKET_NOT_CONNECTED @ https://fei.pro-market.net/engine?du=47&site=161319&size=1x1&mimetype=img&csync=0aff5bbe-fbd5-40f9-a70b-fbd2ce24a887:0
[   29349ms] [ERROR] Failed to load resource: net::ERR_NAME_NOT_RESOLVED @ https://cs.iqzone.com/6f0476ca45e1d6b67e3ee8d57532a022.gif?redir=https%3A%2F%2Fsync.cootlogix.com%2Fapi%2Fcookie%3FpartnerId%3Diqzone%26gdpr%3D0%26gdpr_consent%3D%26us_privacy%3D%26userId%3D%5BUID%5D&gdpr=0&gdpr_consent=&ccpa=:0
[   81743ms] [ERROR] Failed to load resource: net::ERR_NAME_NOT_RESOLVED @ https://cs.iqzone.com/6f0476ca45e1d6b67e3ee8d57532a022.gif?redir=https%3A%2F%2Fsync.cootlogix.com%2Fapi%2Fcookie%3FpartnerId%3Diqzone%26gdpr%3D%26gdpr_consent%3D%26us_privacy%3D%26userId%3D%5BUID%5D&gdpr=&gdpr_consent=&ccpa=:0
[   29349ms] [ERROR] Failed to load resource: net::ERR_NAME_NOT_RESOLVED @ https://cs.iqzone.com/6f0476ca45e1d6b67e3ee8d57532a022.gif?redir=https%3A%2F%2Fsync.cootlogix.com%2Fapi%2Fcookie%3FpartnerId%3Diqzone%26gdpr%3D0%26gdpr_consent%3D%26us_privacy%3D%26userId%3D%5BUID%5D&gdpr=0&gdpr_consent=&ccpa=:0
[   81743ms] [ERROR] Failed to load resource: net::ERR_NAME_NOT_RESOLVED @ https://cs.iqzone.com/6f0476ca45e1d6b67e3ee8d57532a022.gif?redir=https%3A%2F%2Fsync.cootlogix.com%2Fapi%2Fcookie%3FpartnerId%3Diqzone%26gdpr%3D%26gdpr_consent%3D%26us_privacy%3D%26userId%3D%5BUID%5D&gdpr=&gdpr_consent=&ccpa=:0
[   14303ms] [ERROR] Failed to load resource: net::ERR_SOCKET_NOT_CONNECTED @ https://match.sharethrough.com/sync/v1?source_id=UiRtTsXAfjmfSDAKnR1FjWsu&source_user_id=MR9OBV26-1I-763S:0
[   71243ms] [ERROR] Failed to load resource: net::ERR_NAME_NOT_RESOLVED @ https://cs.iqzone.com/570908b7e92df631fee32098aa272f7b.gif?puid=QdR0%2FWpMEHY8GoBeQBj8AQ%3D%3D&gdpr=&gdpr_consent=&ccpa=&coppa=&redir=https%3A%2F%2Fssc-cms.33across.com%2Fps%2F%3Fxi%3D145%26ts%3D1783369847282.6%26us_privacy%3D%26xu%3D%5BUID%5D%26gpp_sid%3D%26gpp%3D:0
[   81165ms] [ERROR] Failed to load resource: net::ERR_NAME_NOT_RESOLVED @ https://usermatch.krxd.net/um/v2?partner=tapad:0
[   87839ms] [ERROR] Failed to load resource: net::ERR_SOCKET_NOT_CONNECTED @ https://d.turn.com/r/dd/id/L2NzaWQvMS9jaWQvMjg0NTA1NDYvdC8w/url/https://ps.eyeota.net/match?bid=1mpjpn0&turn_id=$!{TURN_UUID}&newuser=1&dc_rc=1&dc_mr=2&dc_orig=gdomg51&&referrer_pid=gdomg51:0
[   90719ms] [ERROR] Failed to load resource: net::ERR_NAME_NOT_RESOLVED @ https://usermatch.krxd.net/um/v2?partner=tapad:0
[   91097ms] [ERROR] Failed to load resource: net::ERR_NAME_NOT_RESOLVED @ https://usermatch.krxd.net/um/v2?partner=tapad:0
[  102039ms] [ERROR] Failed to load resource: net::ERR_NAME_NOT_RESOLVED @ https://tacoda.at.atwola.com/atx/sync/ak/ak/default:0
[  108645ms] [ERROR] Failed to load resource: net::ERR_SOCKET_NOT_CONNECTED @ https://px.mountain.com/signal/v1/page_view?data_source_key=Gg1Si3AkcN&ip=98.48.89.189&url=https%3A%2F%2Fcookies.nextmillmedia.com%2F&referer=&user_agent=Mozilla%2F5.0+%28Macintosh%3B+Intel+Mac+OS+X+10_15_7%29+AppleWebKit%2F537.36+%28KHTML%2C+like+Gecko%29+Chrome%2F149.0.0.0+Safari%2F537.36&gpp_sid=&gpp=:0
[  108646ms] [ERROR] Failed to load resource: net::ERR_SOCKET_NOT_CONNECTED @ https://px.mountain.com/signal/v1/page_view?data_source_key=Gg1Si3AkcN&ip=98.48.89.189&url=https%3A%2F%2Fsync.cootlogix.com%2F&referer=&user_agent=Mozilla%2F5.0+%28Macintosh%3B+Intel+Mac+OS+X+10_15_7%29+AppleWebKit%2F537.36+%28KHTML%2C+like+Gecko%29+Chrome%2F149.0.0.0+Safari%2F537.36&gpp_sid=&gpp=:0
[  110264ms] [ERROR] Failed to load resource: the server responded with a status of 500 () @ https://usersync.gumgum.com/usersync?b=sus&i=%%esc%%%%uid%%%%escend%%akwQpcCo8YsAAP-HfQgAAAAA:0
[  110278ms] [ERROR] Failed to load resource: the server responded with a status of 500 () @ https://usersync.gumgum.com/usersync?b=sus&i=%%esc%%%%uid%%%%escend%%akwQpsCo8YsAAP-HfWYAAAAA:0
[  110728ms] [ERROR] Failed to load resource: the server responded with a status of 500 () @ https://usersync.gumgum.com/usersync?b=sus&i=%%esc%%%%uid%%%%escend%%akwQpsCo8YsAAP-HfYgAAAAA:0
[   50288ms] [ERROR] Failed to load resource: net::ERR_SOCKET_NOT_CONNECTED @ https://simage2.pubmatic.com/AdServer/Pug?vcode=bz0yJnR5cGU9MSZjb2RlPTI4NDkmdGw9MTI5NjAw&piggybackCookie=a5f9791e-7a3a-4f47-8301-bca5683dd762&gdpr=0&gdpr_consent=:0
[   50288ms] [ERROR] Failed to load resource: net::ERR_SOCKET_NOT_CONNECTED @ https://pixel.onaudience.com/?partner=214&mapped=C3298E6A-FDDD-4476-B791-E393289B5F10&gdpr=0&gdpr_consent=&us_privacy=1---&gpp=&gpp_sid=:0
[   50288ms] [ERROR] Failed to load resource: net::ERR_SOCKET_NOT_CONNECTED @ https://pippio.com/api/sync?pid=5324&it=1&iv=ba685f52e8aa853b7539962bd4dec1b670ced71b89f814b833f79064a0dbd985791426b5417dce21&_=2:0
[   50289ms] [ERROR] Failed to load resource: net::ERR_SOCKET_NOT_CONNECTED @ https://pixel.tapad.com/idsync/ex/receive?partner_id=3371&partner_device_id=C3298E6A-FDDD-4476-B791-E393289B5F10:0
[   50535ms] [ERROR] Failed to load resource: net::ERR_SOCKET_NOT_CONNECTED @ https://simage4.pubmatic.com/AdServer/SPug?partnerID=161102&gdpr=0&gdpr_consent=&us_privacy=1---&gpp=&gpp_sid=:0
[   81749ms] [ERROR] Failed to load resource: net::ERR_SOCKET_NOT_CONNECTED @ https://dis.criteo.com/dis/usersync.aspx?r=3&p=4&cp=pubmaticUS&cu=1&gdpr=0&gdpr_consent=&us_privacy=1---&gpp=&gpp_sid=&url=https%3A%2F%2Fsimage4.pubmatic.com%2FAdServer%2FSPug%3FpartnerID%3D173010%26test%3Dctest%26partnerUID%3Duid%3A%40%40CRITEO_USERID%40%40:0
[   87820ms] [ERROR] Failed to load resource: net::ERR_SOCKET_NOT_CONNECTED @ https://d.turn.com/r/dd/id/L2NzaWQvMS9jaWQvMjg1MjQ0NjQvdC8w/url/https%3A%2F%2Fsu.semasio.net%2Fsync%2F1%2F9732522%3FsExtCookieId%3D%24!%7BTURN_UUID%7D%26sInitiator%3Dinternal&gdpr=0&gdpr_consent=:0
[   20064ms] [ERROR] Failed to load resource: net::ERR_NAME_NOT_RESOLVED @ https://cs.lkqd.net/cs?partnerId=59&partnerUserId=CAESEHJlOXjDHEx9OjGTi0oIuyg&gdpr=0&google_cver=1:0
[   20076ms] [ERROR] Failed to load resource: net::ERR_NAME_NOT_RESOLVED @ https://cs.lkqd.net/cs?partnerId=59&redirect=https%3A%2F%2Fcm.g.doubleclick.net%2Fpixel%3Fgoogle_nid%3Dlkqd_dbm%26google_hm%3D%24%24rawlkqduserid%7Cbase64%24%24:0
[  110803ms] [ERROR] Failed to load resource: net::ERR_NAME_NOT_RESOLVED @ https://cs.iqzone.com/6f0476ca45e1d6b67e3ee8d57532a022.gif?redir=https%3A%2F%2Fsync.cootlogix.com%2Fapi%2Fcookie%3FpartnerId%3Diqzone%26gdpr%3D%26gdpr_consent%3D%26us_privacy%3D%26userId%3D%5BUID%5D&gdpr=&gdpr_consent=&ccpa=:0
[  111263ms] [ERROR] Failed to load resource: the server responded with a status of 404 () @ https://sync.crwdcntrl.net/qmap?c=368&tp=NEUS&tpid=207160905665002660552:0
[  111337ms] [ERROR] Failed to load resource: net::ERR_NAME_NOT_RESOLVED @ https://cs.iqzone.com/6f0476ca45e1d6b67e3ee8d57532a022.gif?redir=https%3A%2F%2Fsync.cootlogix.com%2Fapi%2Fcookie%3FpartnerId%3Diqzone%26gdpr%3D%26gdpr_consent%3D%26us_privacy%3D%26userId%3D%5BUID%5D&gdpr=&gdpr_consent=&ccpa=:0
[   14303ms] [ERROR] Failed to load resource: net::ERR_SOCKET_NOT_CONNECTED @ https://match.sharethrough.com/sync/v1?source_id=UiRtTsXAfjmfSDAKnR1FjWsu&source_user_id=MR9OBV26-1I-763S:0
[   26260ms] [ERROR] Failed to load resource: net::ERR_SOCKET_NOT_CONNECTED @ https://sync.targeting.unrulymedia.com/csync/RX-9ec1288d-a6be-4e05-a575-925bfbfcec30-005?redir=https%3A%2F%2Fsync.kueezrtb.com%2Fapi%2Fcookie%3FpartnerId%3Dkueez-r1%26userId%3DRX-9ec1288d-a6be-4e05-a575-925bfbfcec30-005:0
[   96852ms] [ERROR] Failed to load resource: the server responded with a status of 404 () @ https://cs.admanmedia.com/94fd017f496d404a25fc5546f959bf2f.gif?gdpr=&gdpr_consent=&us_privacy=&redir=https%3A%2F%2Fsync.kueezrtb.com%2Fapi%2Fcookie%3FpartnerId%3Dkueez-acuity%26gdpr%3D%26gdpr_consent%3D%26us_privacy%3D%26userId%3D%5BUID%5D:0
[   44163ms] [ERROR] Failed to load resource: net::ERR_SOCKET_NOT_CONNECTED @ https://ow.pubmatic.com/setuid?bidder=amx&uid=bb372e18-e7d8-491f-9726-00e40a8d71a0&gdpr=0&us_privacy=1---:0
[  101664ms] [ERROR] Failed to load resource: net::ERR_SOCKET_NOT_CONNECTED @ https://prebid.adtarget.biz/setuid?bidder=amx&gdpr=0&gdpr_consent=&f=i&uid=bb372e18-e7d8-491f-9726-00e40a8d71a0:0
[   43867ms] [ERROR] Failed to load resource: net::ERR_SOCKET_NOT_CONNECTED @ https://ssp-sync.criteo.com/user-sync/redirect?profile=342&gdpr_consent=&gdpr=0&gpp=&gpp_sid=&redir=https%3A%2F%2Fsync.richaudience.com%2F0c90fc1c188056486dbb210f25023b8a%2F%3Fgdpr%3D0%26euconsent%3D%26uid%3D${CRITEO_USER_ID}:0
[   44717ms] [ERROR] Failed to load resource: net::ERR_SOCKET_NOT_CONNECTED @ https://pixel.tapad.com/idsync/ex/push?partner_id=2922&partner_url=https%3A%2F%2Fid5-sync.com%2Fc%2F286%2F108%2F8%2F2.gif%3Fpuid%3D%24%7BTA_DEVICE_ID%7D%26gdpr%3D0%26gdpr_consent%3D&gdpr=0&gdpr_consent=:0
[  101322ms] [ERROR] Failed to load resource: net::ERR_SOCKET_NOT_CONNECTED @ https://dis.criteo.com/dis/usersync.aspx?r=154&p=361&cp=nexxenortb&cu=1&url=https%3A%2F%2Fsync.1rx.io%2Fusersync3%2Fcriteodsp%2F2064%2F%40%40CRITEO_USERID%40%40%3Fzcc%3D0%26sspret%3D1&rndcb=140418655:0
[  101091ms] [ERROR] Failed to load resource: net::ERR_SOCKET_NOT_CONNECTED @ https://trace.us.rtbwise.com/api/v1/cookie/sync?partner=criteo&cb=https%3a%2f%2fssp-sync.criteo.com%2fuser-sync%2fmatch%3fp%3dzNsXIl9GUmhQTkVkNk10USUyQlFBUTEyVGVPRzVXd0FYMzFlbUxuRmUxT1l3UERla3MlM0Q%26u%3d%24%7bUSER_ID%7d:0
[   21885ms] [ERROR] Failed to load resource: the server responded with a status of 404 (Not Found) @ https://b1sync.zemanta.com/usersync/ogury/?gdpr=0&gdpr_consent=&cb=https%3A%2F%2Fms-cookie-sync.presage.io%2Fuser-sync%3Foutbrain_id%3D__ZUID__:0
[   42690ms] [ERROR] Failed to load resource: net::ERR_SOCKET_NOT_CONNECTED @ https://dsp-2.presage.io/sync?bidswitch_ssp_id=brave&bsw_custom_parameter=996b0401-d5c2-4c38-a61f-8ae85f5d65ed&gdpr=0&gdpr_consent=:0
[   85031ms] [ERROR] Failed to load resource: the server responded with a status of 404 (Not Found) @ https://b1sync.zemanta.com/usersync/ogury/?gdpr=0&gdpr_consent=&cb=https%3A%2F%2Fms-cookie-sync.presage.io%2Fuser-sync%3Foutbrain_id%3D__ZUID__:0
[  101321ms] [ERROR] Failed to load resource: net::ERR_SOCKET_NOT_CONNECTED @ https://dis.criteo.com/dis/usersync.aspx?r=154&p=361&cp=nexxenortb&cu=1&url=https%3A%2F%2Fsync.1rx.io%2Fusersync3%2Fcriteodsp%2F2069.106%2F%40%40CRITEO_USERID%40%40%3Fzcc%3D0%26sspret%3D1&rndcb=4214096729:0
[   19802ms] [ERROR] Failed to load resource: the server responded with a status of 424 (Failed Dependency) @ https://t.adx.opera.com/pub/sync?pubid=pub10101531197440&gdpr=1&gdpr_consent=:0
[   33774ms] [ERROR] Failed to load resource: the server responded with a status of 424 (Failed Dependency) @ https://t.adx.opera.com/pub/sync?pubid=pub10101531197440&gdpr=1&gdpr_consent=:0
[   42302ms] [ERROR] Failed to load resource: the server responded with a status of 424 (Failed Dependency) @ https://t.adx.opera.com/pub/sync?pubid=pub10101531197440&gdpr=1&gdpr_consent=:0
[   43811ms] [ERROR] Failed to load resource: the server responded with a status of 424 (Failed Dependency) @ https://t.adx.opera.com/pub/sync?pubid=pub10101531197440&gdpr=1&gdpr_consent=:0
[   43868ms] [ERROR] Failed to load resource: net::ERR_SOCKET_NOT_CONNECTED @ https://ssp-sync.criteo.com/user-sync/redirect?gdpr=0&gdpr_consent=&profile=342&redir=https%3A%2F%2Fcs-server-s2s.yellowblue.io%2Fcs%3Ffwrd%3D1%26aid%3D11614%26id%3D%24%7BCRITEO_USER_ID%7D:0
[   44789ms] [ERROR] Failed to load resource: net::ERR_CONNECTION_CLOSED @ https://csync.loopme.me/?gdpr=0&gdpr_consent=&pubid=11362&redirect=https%3A%2F%2Fcs-server-s2s.yellowblue.io%2Fcs%3Ffwrd%3D1%26aid%3D11571%26id%3D%7Bdevice_id%7D:0
[   50492ms] [ERROR] Failed to load resource: net::ERR_SOCKET_NOT_CONNECTED @ https://visitor-risecode.omnitagjs.com/visitor/bsync?name=risecode&uid=40a3c28f9ffc73ee86df2bac2d2bb390&url=https%3A%2F%2Fcs-server-s2s.yellowblue.io%2Fcs%3Ffwrd%3D1%26fwrd%3D1%26aid%3D11609%26id%3D%5BBUYER_ID%5D:0
[  112388ms] [ERROR] Failed to load resource: the server responded with a status of 404 (Not Found) @ https://b1sync.zemanta.com/usersync/ogury/?gdpr=0&gdpr_consent=&cb=https%3A%2F%2Fms-cookie-sync.presage.io%2Fuser-sync%3Foutbrain_id%3D__ZUID__:0
[  113373ms] [ERROR] Failed to load resource: the server responded with a status of 404 () @ https://cs.admanmedia.com/94fd017f496d404a25fc5546f959bf2f.gif?gdpr=&gdpr_consent=&us_privacy=&redir=https%3A%2F%2Fsync.kueezrtb.com%2Fapi%2Fcookie%3FpartnerId%3Dkueez-acuity%26gdpr%3D%26gdpr_consent%3D%26us_privacy%3D%26userId%3D%5BUID%5D:0
[   50288ms] [ERROR] Failed to load resource: net::ERR_SOCKET_NOT_CONNECTED @ https://simage2.pubmatic.com/AdServer/Pug?vcode=bz0yJnR5cGU9MSZjb2RlPTI4NDkmdGw9MTI5NjAw&piggybackCookie=a5f9791e-7a3a-4f47-8301-bca5683dd762&gdpr=0&gdpr_consent=:0
[   50288ms] [ERROR] Failed to load resource: net::ERR_SOCKET_NOT_CONNECTED @ https://pixel.onaudience.com/?partner=214&mapped=C3298E6A-FDDD-4476-B791-E393289B5F10&gdpr=0&gdpr_consent=&us_privacy=1---&gpp=&gpp_sid=:0
[   50288ms] [ERROR] Failed to load resource: net::ERR_SOCKET_NOT_CONNECTED @ https://pippio.com/api/sync?pid=5324&it=1&iv=ba685f52e8aa853b7539962bd4dec1b670ced71b89f814b833f79064a0dbd985791426b5417dce21&_=2:0
[   50289ms] [ERROR] Failed to load resource: net::ERR_SOCKET_NOT_CONNECTED @ https://pixel.tapad.com/idsync/ex/receive?partner_id=3371&partner_device_id=C3298E6A-FDDD-4476-B791-E393289B5F10:0
[   50535ms] [ERROR] Failed to load resource: net::ERR_SOCKET_NOT_CONNECTED @ https://simage4.pubmatic.com/AdServer/SPug?partnerID=161102&gdpr=0&gdpr_consent=&us_privacy=1---&gpp=&gpp_sid=:0
[   81749ms] [ERROR] Failed to load resource: net::ERR_SOCKET_NOT_CONNECTED @ https://dis.criteo.com/dis/usersync.aspx?r=3&p=4&cp=pubmaticUS&cu=1&gdpr=0&gdpr_consent=&us_privacy=1---&gpp=&gpp_sid=&url=https%3A%2F%2Fsimage4.pubmatic.com%2FAdServer%2FSPug%3FpartnerID%3D173010%26test%3Dctest%26partnerUID%3Duid%3A%40%40CRITEO_USERID%40%40:0
[   87820ms] [ERROR] Failed to load resource: net::ERR_SOCKET_NOT_CONNECTED @ https://d.turn.com/r/dd/id/L2NzaWQvMS9jaWQvMjg1MjQ0NjQvdC8w/url/https%3A%2F%2Fsu.semasio.net%2Fsync%2F1%2F9732522%3FsExtCookieId%3D%24!%7BTURN_UUID%7D%26sInitiator%3Dinternal&gdpr=0&gdpr_consent=:0
[   14303ms] [ERROR] Failed to load resource: net::ERR_SOCKET_NOT_CONNECTED @ https://match.sharethrough.com/sync/v1?source_id=UiRtTsXAfjmfSDAKnR1FjWsu&source_user_id=MR9OBV26-1I-763S:0
[   20064ms] [ERROR] Failed to load resource: net::ERR_NAME_NOT_RESOLVED @ https://cs.lkqd.net/cs?partnerId=59&partnerUserId=CAESEHJlOXjDHEx9OjGTi0oIuyg&gdpr=0&google_cver=1:0
[   20076ms] [ERROR] Failed to load resource: net::ERR_NAME_NOT_RESOLVED @ https://cs.lkqd.net/cs?partnerId=59&redirect=https%3A%2F%2Fcm.g.doubleclick.net%2Fpixel%3Fgoogle_nid%3Dlkqd_dbm%26google_hm%3D%24%24rawlkqduserid%7Cbase64%24%24:0
[   43868ms] [ERROR] Failed to load resource: net::ERR_SOCKET_NOT_CONNECTED @ https://ssp-sync.criteo.com/user-sync/redirect?gdpr=0&gdpr_consent=&profile=342&redir=https%3A%2F%2Fcs-server-s2s.yellowblue.io%2Fcs%3Ffwrd%3D1%26aid%3D11614%26id%3D%24%7BCRITEO_USER_ID%7D:0
[   44789ms] [ERROR] Failed to load resource: net::ERR_CONNECTION_CLOSED @ https://csync.loopme.me/?gdpr=0&gdpr_consent=&pubid=11362&redirect=https%3A%2F%2Fcs-server-s2s.yellowblue.io%2Fcs%3Ffwrd%3D1%26aid%3D11571%26id%3D%7Bdevice_id%7D:0
[   50492ms] [ERROR] Failed to load resource: net::ERR_SOCKET_NOT_CONNECTED @ https://visitor-risecode.omnitagjs.com/visitor/bsync?name=risecode&uid=40a3c28f9ffc73ee86df2bac2d2bb390&url=https%3A%2F%2Fcs-server-s2s.yellowblue.io%2Fcs%3Ffwrd%3D1%26fwrd%3D1%26aid%3D11609%26id%3D%5BBUYER_ID%5D:0
[   43868ms] [ERROR] Failed to load resource: net::ERR_SOCKET_NOT_CONNECTED @ https://ssp-sync.criteo.com/user-sync/redirect?gdpr=0&gdpr_consent=&profile=342&redir=https%3A%2F%2Fcs-server-s2s.yellowblue.io%2Fcs%3Ffwrd%3D1%26aid%3D11614%26id%3D%24%7BCRITEO_USER_ID%7D:0
[   44789ms] [ERROR] Failed to load resource: net::ERR_CONNECTION_CLOSED @ https://csync.loopme.me/?gdpr=0&gdpr_consent=&pubid=11362&redirect=https%3A%2F%2Fcs-server-s2s.yellowblue.io%2Fcs%3Ffwrd%3D1%26aid%3D11571%26id%3D%7Bdevice_id%7D:0
[   50492ms] [ERROR] Failed to load resource: net::ERR_SOCKET_NOT_CONNECTED @ https://visitor-risecode.omnitagjs.com/visitor/bsync?name=risecode&uid=40a3c28f9ffc73ee86df2bac2d2bb390&url=https%3A%2F%2Fcs-server-s2s.yellowblue.io%2Fcs%3Ffwrd%3D1%26fwrd%3D1%26aid%3D11609%26id%3D%5BBUYER_ID%5D:0
[  116170ms] [ERROR] Failed to load resource: net::ERR_SOCKET_NOT_CONNECTED @ https://p.alcmpn.com/em/173/119/2367.gif?bid=1dbf1b01a574f1d883d527dc8b1cfec264a90f33&gid=e10adc68eccff721d6d330282edd6324&eid=57c8db9cad027595c2393e189dae9dbc30c218a925249dd9d2730f005aa30903:0
[  116172ms] [ERROR] Failed to load resource: net::ERR_SOCKET_NOT_CONNECTED @ https://p.alcmpn.com/em/173/110/2360.gif?gid=e10adc68eccff721d6d330282edd6324:0
[  116180ms] [ERROR] Failed to load resource: net::ERR_SOCKET_NOT_CONNECTED @ https://dis.eu.criteo.com/dis/usersync.aspx?r=30&p=59&cp=id5&cu=1&url=https%3A%2F%2Fid5-sync.com%2Fc%2F369%2F203%2F4%2F6.gif%3Fpuid%3D%40%40CRITEO_USERID%40%40%26gdpr%3D0%26gdpr_consent%3D:0
[   14303ms] [ERROR] Failed to load resource: net::ERR_SOCKET_NOT_CONNECTED @ https://match.sharethrough.com/sync/v1?source_id=UiRtTsXAfjmfSDAKnR1FjWsu&source_user_id=MR9OBV26-1I-763S:0
[   26437ms] [ERROR] Failed to load resource: net::ERR_SOCKET_NOT_CONNECTED @ https://sync.targeting.unrulymedia.com/csync/RX-9ec1288d-a6be-4e05-a575-925bfbfcec30-005?redir=https%3A%2F%2Fms-cookie-sync.presage.io%2Fuser-sync%3Fnexxen_id%3DRX-9ec1288d-a6be-4e05-a575-925bfbfcec30-005:0
[   14303ms] [ERROR] Failed to load resource: net::ERR_SOCKET_NOT_CONNECTED @ https://match.sharethrough.com/sync/v1?source_id=UiRtTsXAfjmfSDAKnR1FjWsu&source_user_id=MR9OBV26-1I-763S:0
[   43868ms] [ERROR] Failed to load resource: net::ERR_SOCKET_NOT_CONNECTED @ https://ssp-sync.criteo.com/user-sync/redirect?gdpr=0&gdpr_consent=&profile=342&redir=https%3A%2F%2Fcs-server-s2s.yellowblue.io%2Fcs%3Ffwrd%3D1%26aid%3D11614%26id%3D%24%7BCRITEO_USER_ID%7D:0
[   44789ms] [ERROR] Failed to load resource: net::ERR_CONNECTION_CLOSED @ https://csync.loopme.me/?gdpr=0&gdpr_consent=&pubid=11362&redirect=https%3A%2F%2Fcs-server-s2s.yellowblue.io%2Fcs%3Ffwrd%3D1%26aid%3D11571%26id%3D%7Bdevice_id%7D:0
[   50492ms] [ERROR] Failed to load resource: net::ERR_SOCKET_NOT_CONNECTED @ https://visitor-risecode.omnitagjs.com/visitor/bsync?name=risecode&uid=40a3c28f9ffc73ee86df2bac2d2bb390&url=https%3A%2F%2Fcs-server-s2s.yellowblue.io%2Fcs%3Ffwrd%3D1%26fwrd%3D1%26aid%3D11609%26id%3D%5BBUYER_ID%5D:0
[   14303ms] [ERROR] Failed to load resource: net::ERR_SOCKET_NOT_CONNECTED @ https://match.sharethrough.com/sync/v1?source_id=UiRtTsXAfjmfSDAKnR1FjWsu&source_user_id=MR9OBV26-1I-763S:0
[   71243ms] [ERROR] Failed to load resource: net::ERR_NAME_NOT_RESOLVED @ https://cs.iqzone.com/570908b7e92df631fee32098aa272f7b.gif?puid=QdR0%2FWpMEHY8GoBeQBj8AQ%3D%3D&gdpr=&gdpr_consent=&ccpa=&coppa=&redir=https%3A%2F%2Fssc-cms.33across.com%2Fps%2F%3Fxi%3D145%26ts%3D1783369847282.6%26us_privacy%3D%26xu%3D%5BUID%5D%26gpp_sid%3D%26gpp%3D:0
[   81165ms] [ERROR] Failed to load resource: net::ERR_NAME_NOT_RESOLVED @ https://usermatch.krxd.net/um/v2?partner=tapad:0
[   87839ms] [ERROR] Failed to load resource: net::ERR_SOCKET_NOT_CONNECTED @ https://d.turn.com/r/dd/id/L2NzaWQvMS9jaWQvMjg0NTA1NDYvdC8w/url/https://ps.eyeota.net/match?bid=1mpjpn0&turn_id=$!{TURN_UUID}&newuser=1&dc_rc=1&dc_mr=2&dc_orig=gdomg51&&referrer_pid=gdomg51:0
[   90719ms] [ERROR] Failed to load resource: net::ERR_NAME_NOT_RESOLVED @ https://usermatch.krxd.net/um/v2?partner=tapad:0
[   91097ms] [ERROR] Failed to load resource: net::ERR_NAME_NOT_RESOLVED @ https://usermatch.krxd.net/um/v2?partner=tapad:0
[  102039ms] [ERROR] Failed to load resource: net::ERR_NAME_NOT_RESOLVED @ https://tacoda.at.atwola.com/atx/sync/ak/ak/default:0
[  108645ms] [ERROR] Failed to load resource: net::ERR_SOCKET_NOT_CONNECTED @ https://px.mountain.com/signal/v1/page_view?data_source_key=Gg1Si3AkcN&ip=98.48.89.189&url=https%3A%2F%2Fcookies.nextmillmedia.com%2F&referer=&user_agent=Mozilla%2F5.0+%28Macintosh%3B+Intel+Mac+OS+X+10_15_7%29+AppleWebKit%2F537.36+%28KHTML%2C+like+Gecko%29+Chrome%2F149.0.0.0+Safari%2F537.36&gpp_sid=&gpp=:0
[  108646ms] [ERROR] Failed to load resource: net::ERR_SOCKET_NOT_CONNECTED @ https://px.mountain.com/signal/v1/page_view?data_source_key=Gg1Si3AkcN&ip=98.48.89.189&url=https%3A%2F%2Fsync.cootlogix.com%2F&referer=&user_agent=Mozilla%2F5.0+%28Macintosh%3B+Intel+Mac+OS+X+10_15_7%29+AppleWebKit%2F537.36+%28KHTML%2C+like+Gecko%29+Chrome%2F149.0.0.0+Safari%2F537.36&gpp_sid=&gpp=:0
[  111263ms] [ERROR] Failed to load resource: the server responded with a status of 404 () @ https://sync.crwdcntrl.net/qmap?c=368&tp=NEUS&tpid=207160905665002660552:0
[   19802ms] [ERROR] Failed to load resource: the server responded with a status of 424 (Failed Dependency) @ https://t.adx.opera.com/pub/sync?pubid=pub10101531197440&gdpr=1&gdpr_consent=:0
[   33774ms] [ERROR] Failed to load resource: the server responded with a status of 424 (Failed Dependency) @ https://t.adx.opera.com/pub/sync?pubid=pub10101531197440&gdpr=1&gdpr_consent=:0
[   42302ms] [ERROR] Failed to load resource: the server responded with a status of 424 (Failed Dependency) @ https://t.adx.opera.com/pub/sync?pubid=pub10101531197440&gdpr=1&gdpr_consent=:0
[   43811ms] [ERROR] Failed to load resource: the server responded with a status of 424 (Failed Dependency) @ https://t.adx.opera.com/pub/sync?pubid=pub10101531197440&gdpr=1&gdpr_consent=:0
[   26825ms] [ERROR] Failed to load resource: net::ERR_CONNECTION_CLOSED @ https://pxl.iqm.com/i/ck/equativ?cid=SMART_USER_ID&redir=https%3A%2F%2Frtb-csync.smartadserver.com%2Fredir%2F%3Fissi%3D1%26partnerid%3D154%26partneruserid%3D%7BIQM_COOKIE%7D&gdpr=0&gdpr_consent=:0
[   29364ms] [ERROR] Failed to load resource: net::ERR_CONNECTION_CLOSED @ https://pxl.iqm.com/i/ck/equativ?cid=SMART_USER_ID&redir=https%3A%2F%2Frtb-csync.smartadserver.com%2Fredir%2F%3Fissi%3D1%26partnerid%3D154%26partneruserid%3D%7BIQM_COOKIE%7D:0
[   38221ms] [ERROR] Failed to load resource: the server responded with a status of 404 () @ https://id5-sync.com/k/155.gif?puid=AABgjU7UmCEAAAFLIJ7i4g&id5AccountNum=155&numCascadesAllowed=9&gdpr=0:0
[   40525ms] [ERROR] Failed to load resource: net::ERR_CONNECTION_RESET @ https://pxl.iqm.com/i/ck/equativ?cid=SMART_USER_ID&redir=https%3A%2F%2Frtb-csync.smartadserver.com%2Fredir%2F%3Fissi%3D1%26partnerid%3D154%26partneruserid%3D%7BIQM_COOKIE%7D&gdpr=0&gdpr_consent=:0
[   42752ms] [ERROR] Failed to load resource: net::ERR_SOCKET_NOT_CONNECTED @ https://ssp.wp.pl/v1/sync/smart/uid?redirect=https%3A%2F%2Frtb-csync.smartadserver.com%2Fredir%2F%3Fissi%3D1%26partnerid%3D55:0
[   44718ms] [ERROR] Failed to load resource: net::ERR_SOCKET_NOT_CONNECTED @ https://pixel.tapad.com/idsync/ex/push?partner_id=2922&partner_url=https%3A%2F%2Fid5-sync.com%2Fc%2F441%2F108%2F2%2F8.gif%3Fpuid%3D%24%7BTA_DEVICE_ID%7D%26gdpr%3D0%26gdpr_consent%3D&gdpr=0&gdpr_consent=:0
[   50745ms] [ERROR] Failed to load resource: net::ERR_CONNECTION_CLOSED @ https://pxl.iqm.com/i/ck/equativ?cid=SMART_USER_ID&redir=https%3A%2F%2Frtb-csync.smartadserver.com%2Fredir%2F%3Fissi%3D1%26partnerid%3D154%26partneruserid%3D%7BIQM_COOKIE%7D&gdpr=0&gdpr_consent=:0
[   54099ms] [ERROR] Failed to load resource: net::ERR_CONNECTION_CLOSED @ https://pxl.iqm.com/i/ck/equativ?cid=SMART_USER_ID&redir=https%3A%2F%2Frtb-csync.smartadserver.com%2Fredir%2F%3Fissi%3D1%26partnerid%3D154%26partneruserid%3D%7BIQM_COOKIE%7D&gdpr=0&gdpr_consent=:0
[   56492ms] [ERROR] Failed to load resource: net::ERR_SOCKET_NOT_CONNECTED @ https://sync.visx.net/v1/sync?partner_id=89714532&redir=https%3A%2F%2Frtb-csync.smartadserver.com%2Fredir%2F%3Fissi%3D1%26partnerid%3D164%26partneruserid%3D%24{UUID}%26gdpr%3D%24{GDPR}%26gdpr_consent%3D%24{GDPR_CONSENT_45}:0
[   56493ms] [ERROR] Failed to load resource: net::ERR_SOCKET_NOT_CONNECTED @ https://sync.visx.net/v1/sync?partner_id=89714532&redir=https%3A%2F%2Frtb-csync.smartadserver.com%2Fredir%2F%3Fissi%3D1%26partnerid%3D164%26partneruserid%3D%24{UUID}%26gdpr%3D%24{GDPR}%26gdpr_consent%3D%24{GDPR_CONSENT_45}&gdpr=0&gdpr_consent=:0
[   56943ms] [ERROR] Failed to load resource: net::ERR_SOCKET_NOT_CONNECTED @ https://i.ctnsnet.com/int/cm?exc=25&redir=https%3A%2F%2Frtb-csync.smartadserver.com%2Fredir%3Fissi%3D1%26partnerid%3D169%26partneruserid%3DPARTNER_USER_ID:0
[   56945ms] [ERROR] Failed to load resource: net::ERR_SOCKET_NOT_CONNECTED @ https://i.ctnsnet.com/int/cm?exc=25&redir=https%3A%2F%2Frtb-csync.smartadserver.com%2Fredir%3Fissi%3D1%26partnerid%3D169%26partneruserid%3DPARTNER_USER_ID&gdpr=0&gdpr_consent=:0
[   58109ms] [ERROR] Failed to load resource: net::ERR_SOCKET_NOT_CONNECTED @ https://go.mediagotechnology.com/cs/equativ:0
[   58110ms] [ERROR] Failed to load resource: net::ERR_SOCKET_NOT_CONNECTED @ https://go.mediagotechnology.com/cs/equativ?gdpr=0&gdpr_consent=:0
[   65956ms] [ERROR] Failed to load resource: net::ERR_SOCKET_NOT_CONNECTED @ https://sync.visx.net/v1/sync?partner_id=89714532&redir=https%3A%2F%2Frtb-csync.smartadserver.com%2Fredir%2F%3Fissi%3D1%26partnerid%3D164%26partneruserid%3D%24{UUID}%26gdpr%3D%24{GDPR}%26gdpr_consent%3D%24{GDPR_CONSENT_45}&gdpr=0&gdpr_consent=:0
[  102250ms] [ERROR] Failed to load resource: net::ERR_CONTENT_DECODING_FAILED @ https://csync.smartadserver.com/rtb/csync/TemplatePool.min.js:0
[   50288ms] [ERROR] Failed to load resource: net::ERR_SOCKET_NOT_CONNECTED @ https://simage2.pubmatic.com/AdServer/Pug?vcode=bz0yJnR5cGU9MSZjb2RlPTI4NDkmdGw9MTI5NjAw&piggybackCookie=a5f9791e-7a3a-4f47-8301-bca5683dd762&gdpr=0&gdpr_consent=:0
[   50288ms] [ERROR] Failed to load resource: net::ERR_SOCKET_NOT_CONNECTED @ https://pixel.onaudience.com/?partner=214&mapped=C3298E6A-FDDD-4476-B791-E393289B5F10&gdpr=0&gdpr_consent=&us_privacy=1---&gpp=&gpp_sid=:0
[   50288ms] [ERROR] Failed to load resource: net::ERR_SOCKET_NOT_CONNECTED @ https://pippio.com/api/sync?pid=5324&it=1&iv=ba685f52e8aa853b7539962bd4dec1b670ced71b89f814b833f79064a0dbd985791426b5417dce21&_=2:0
[   50289ms] [ERROR] Failed to load resource: net::ERR_SOCKET_NOT_CONNECTED @ https://pixel.tapad.com/idsync/ex/receive?partner_id=3371&partner_device_id=C3298E6A-FDDD-4476-B791-E393289B5F10:0
[   50535ms] [ERROR] Failed to load resource: net::ERR_SOCKET_NOT_CONNECTED @ https://simage4.pubmatic.com/AdServer/SPug?partnerID=161102&gdpr=0&gdpr_consent=&us_privacy=1---&gpp=&gpp_sid=:0
[   81749ms] [ERROR] Failed to load resource: net::ERR_SOCKET_NOT_CONNECTED @ https://dis.criteo.com/dis/usersync.aspx?r=3&p=4&cp=pubmaticUS&cu=1&gdpr=0&gdpr_consent=&us_privacy=1---&gpp=&gpp_sid=&url=https%3A%2F%2Fsimage4.pubmatic.com%2FAdServer%2FSPug%3FpartnerID%3D173010%26test%3Dctest%26partnerUID%3Duid%3A%40%40CRITEO_USERID%40%40:0
[   87820ms] [ERROR] Failed to load resource: net::ERR_SOCKET_NOT_CONNECTED @ https://d.turn.com/r/dd/id/L2NzaWQvMS9jaWQvMjg1MjQ0NjQvdC8w/url/https%3A%2F%2Fsu.semasio.net%2Fsync%2F1%2F9732522%3FsExtCookieId%3D%24!%7BTURN_UUID%7D%26sInitiator%3Dinternal&gdpr=0&gdpr_consent=:0
[  116172ms] [ERROR] Failed to load resource: net::ERR_SOCKET_NOT_CONNECTED @ https://p.alcmpn.com/em/173/110/2360.gif?gid=e10adc68eccff721d6d330282edd6324:0
[   50288ms] [ERROR] Failed to load resource: net::ERR_SOCKET_NOT_CONNECTED @ https://simage2.pubmatic.com/AdServer/Pug?vcode=bz0yJnR5cGU9MSZjb2RlPTI4NDkmdGw9MTI5NjAw&piggybackCookie=a5f9791e-7a3a-4f47-8301-bca5683dd762&gdpr=0&gdpr_consent=:0
[   50288ms] [ERROR] Failed to load resource: net::ERR_SOCKET_NOT_CONNECTED @ https://pixel.onaudience.com/?partner=214&mapped=C3298E6A-FDDD-4476-B791-E393289B5F10&gdpr=0&gdpr_consent=&us_privacy=1---&gpp=&gpp_sid=:0
[   50288ms] [ERROR] Failed to load resource: net::ERR_SOCKET_NOT_CONNECTED @ https://pippio.com/api/sync?pid=5324&it=1&iv=ba685f52e8aa853b7539962bd4dec1b670ced71b89f814b833f79064a0dbd985791426b5417dce21&_=2:0
[   50289ms] [ERROR] Failed to load resource: net::ERR_SOCKET_NOT_CONNECTED @ https://pixel.tapad.com/idsync/ex/receive?partner_id=3371&partner_device_id=C3298E6A-FDDD-4476-B791-E393289B5F10:0
[   50535ms] [ERROR] Failed to load resource: net::ERR_SOCKET_NOT_CONNECTED @ https://simage4.pubmatic.com/AdServer/SPug?partnerID=161102&gdpr=0&gdpr_consent=&us_privacy=1---&gpp=&gpp_sid=:0
[   81749ms] [ERROR] Failed to load resource: net::ERR_SOCKET_NOT_CONNECTED @ https://dis.criteo.com/dis/usersync.aspx?r=3&p=4&cp=pubmaticUS&cu=1&gdpr=0&gdpr_consent=&us_privacy=1---&gpp=&gpp_sid=&url=https%3A%2F%2Fsimage4.pubmatic.com%2FAdServer%2FSPug%3FpartnerID%3D173010%26test%3Dctest%26partnerUID%3Duid%3A%40%40CRITEO_USERID%40%40:0
[   87820ms] [ERROR] Failed to load resource: net::ERR_SOCKET_NOT_CONNECTED @ https://d.turn.com/r/dd/id/L2NzaWQvMS9jaWQvMjg1MjQ0NjQvdC8w/url/https%3A%2F%2Fsu.semasio.net%2Fsync%2F1%2F9732522%3FsExtCookieId%3D%24!%7BTURN_UUID%7D%26sInitiator%3Dinternal&gdpr=0&gdpr_consent=:0
[  116172ms] [ERROR] Failed to load resource: net::ERR_SOCKET_NOT_CONNECTED @ https://p.alcmpn.com/em/173/110/2360.gif?gid=e10adc68eccff721d6d330282edd6324:0
[  122862ms] [ERROR] Failed to load resource: the server responded with a status of 400 () @ https://cs.ingage.tech/v1/sync/equative/bdeb5d58-7e59-4ed0-8977-374bd799c1d8?uid=:0
[   20064ms] [ERROR] Failed to load resource: net::ERR_NAME_NOT_RESOLVED @ https://cs.lkqd.net/cs?partnerId=59&partnerUserId=CAESEHJlOXjDHEx9OjGTi0oIuyg&gdpr=0&google_cver=1:0
[   20076ms] [ERROR] Failed to load resource: net::ERR_NAME_NOT_RESOLVED @ https://cs.lkqd.net/cs?partnerId=59&redirect=https%3A%2F%2Fcm.g.doubleclick.net%2Fpixel%3Fgoogle_nid%3Dlkqd_dbm%26google_hm%3D%24%24rawlkqduserid%7Cbase64%24%24:0
[  123792ms] [ERROR] Failed to load resource: net::ERR_SOCKET_NOT_CONNECTED @ https://googleads4.g.doubleclick.net/pcs/view?xai=AKAOjssk_1C4jKYWJP_B-ioVwulHVp1By1h9g_l5PfotCm9p3TzzJUFY_BPWx31XWRCg0YRu6NX4dbfLhc2t2soqnBgDn3ipfC_48F2dIL2aS8gcotjLRfIu1U_4d8SXC4yZhI7cMBlaUMEo5QiK3QuutFBQ-ngRBdJVkPPX7WFHKQh_zaKNHlVdrGGWUtfESo7DmHRmh_akWVGZyQS1foaztLEnVokSGMBNwzJ6vuDNY8P2Ifa7caXA_ZAGX_PVeyF-KVMQ&sai=AMfl-YQjzpDQB6ykD8vscNhW0tsoMBn2UtqTReMUAARgZFTFxqlT0SpzC0WAESBRMOWg8h9nVdlz7q8APRN_6WwCpwNLpfq3Kj9iCslQVF4l3mq-w49q7TXgmgJEXkmhHcL0swj9ub8f1fU2ZZOTtMRJZ7ZhmuPpg7XW4du5TlQp5R8tythheiD6d2BrWmEpy00YHV6vhcFSTrs6f7DnL3tH_-DQBNjg2W0y3yhc7pQRJng-xv2CNDQR6KZAtlCloqlzIJS2TMC-d34D9mMl5_qQJglycatcbSnhSNcK5t5BFV6CrbYqO9CwzRo9mCsiSI5BtHT4zaX7F2aGABuHNSVL_pkDTN-Q4rYZxjU6z128G5I7dG_sAzYwtZVOQkStARMw43QsZooMqKyaE4dgHlipPVWpB2b5E6OJ9vgnUtL50aDlSgGXivtWtkuOr7OrHmCd3vrmwLZ2kAdVOVBc0z7HGw&sig=Cg0ArKJSzIqBoXxRL3LQEAE&uach_m=%5BUACH%5D&cry=1&fbs_aeid=%5Bgw_fbsaeid%5D&urlfix=1&omid=0&rm=1&ctpt=534&cbvp=1&cstd=517&cisv=r20260701.46721&uach=WyJtYWNPUyIsIjEyLjcuNiIsIng4NiIsIiIsIjE0OS4wLjc4MjcuMjAxIixudWxsLDAsbnVsbCwiNjQiLFtbIkdvb2dsZSBDaHJvbWUiLCIxNDkuMC43ODI3LjIwMSJdLFsiQ2hyb21pdW0iLCIxNDkuMC43ODI3LjIwMSJdLFsiTm90KUE7QnJhbmQiLCIyNC4wLjAuMCJdXSwwXQ..&arae=1&ftch=1&adurl=:0
[  128574ms] TypeError: Failed to fetch
    at Z (<anonymous>:1:36181)
    at <anonymous>:1:34893
    at <anonymous>:1:27119
    at Pc (<anonymous>:1:27016)
    at Oc (<anonymous>:1:26974)
    at <anonymous>:1:26849
    at <anonymous>:1:27312
    at <anonymous>:1:27119
    at Pc (<anonymous>:1:27016)
    at Oc (<anonymous>:1:26974)
[  124066ms] [ERROR] Failed to load resource: net::ERR_SOCKET_NOT_CONNECTED @ https://visitor.us-west1.gcp.omnitagjs.com/visitor/sync?gdpr=0&gdpr_consent=&is_cookie_sync_uid=1&name=RISE_cookie_sync&ttl=720&uid=2e90b87b57365c0e49009c9de5903533&visitor=3T1-ZkqcCp_s:0
[  124067ms] [ERROR] Failed to load resource: net::ERR_SOCKET_NOT_CONNECTED @ https://visitor.us-west1.gcp.omnitagjs.com/visitor/sync?gdpr=0&gdpr_consent=&is_cookie_sync_uid=1&name=ZEMANTA_NATIVE_1_2_cookie_sync&ttl=720&uid=89d80fd15e7f2bb7930a72a9cd0d9d38&visitor=cc7c7940-95d4-44d3-89a6-3cf6da5c980b&gdpr=0:0
[  124069ms] [ERROR] Failed to load resource: net::ERR_SOCKET_NOT_CONNECTED @ https://visitor.us-west1.gcp.omnitagjs.com/visitor/sync?gdpr=0&gdpr_consent=&is_cookie_sync_uid=1&name=SMILE_WANTED_cookie_sync&ttl=720&uid=b8b40bf8d5517ea3b00b2820c8ec6161&visitor=d69ce135a58282dccd762e9b10360ce4:0
[  124073ms] [ERROR] Failed to load resource: net::ERR_SOCKET_NOT_CONNECTED @ https://visitor.us-west1.gcp.omnitagjs.com/visitor/sync?gdpr=0&gdpr_consent=&is_cookie_sync_uid=1&name=RichAudience_cookie_sync&ttl=720&uid=6cad11f14dd8976d77c11874f989f80f&usp=1---&visitor=ec4e249d-d728-4174-ad23-1zz1783367775:0
[  124118ms] [ERROR] Failed to load resource: net::ERR_SOCKET_NOT_CONNECTED @ https://visitor.us-west1.gcp.omnitagjs.com/visitor/sync?gdpr=0&gdpr_consent=&is_cookie_sync_uid=1&name=INDEX_cookie_sync&ttl=720&uid=ea200206faeb16ecc9e6bc20f18ff71c&visitor=akwQUdHM7mkANglJAfwnPQAA%266180:0
[  124148ms] [ERROR] Failed to load resource: net::ERR_SOCKET_NOT_CONNECTED @ https://visitor.us-west1.gcp.omnitagjs.com/visitor/sync?gdpr=0&gdpr_consent=&is_cookie_sync_uid=1&name=SOVRN_cookie_sync&ttl=720&uid=f31946ef3cc9a9babc9d92376f7665ec&visitor=M9SN3LZHAZ85H4FRYJ-eyF8h:0
[  103422ms] [ERROR] Failed to load resource: net::ERR_CONNECTION_CLOSED @ https://pxl.iqm.com/i/ck/mnet?cid=4263714045655984000V10&gdpr=0&gdpr_consent=&gpp_string=&gpp_sid=-1&redirect=https%3A%2F%2Fcs.media.net%2Fcksync%3Fcs%3D3%26type%3Diqm%26ovsid%3D%7B%24PARTNER_UID%7D&cs=6:0
[   14303ms] [ERROR] Failed to load resource: net::ERR_SOCKET_NOT_CONNECTED @ https://match.sharethrough.com/sync/v1?source_id=UiRtTsXAfjmfSDAKnR1FjWsu&source_user_id=MR9OBV26-1I-763S:0
[  101091ms] [ERROR] Failed to load resource: net::ERR_SOCKET_NOT_CONNECTED @ https://trace.us.rtbwise.com/api/v1/cookie/sync?partner=criteo&cb=https%3a%2f%2fssp-sync.criteo.com%2fuser-sync%2fmatch%3fp%3dzNsXIl9GUmhQTkVkNk10USUyQlFBUTEyVGVPRzVXd0FYMzFlbUxuRmUxT1l3UERla3MlM0Q%26u%3d%24%7bUSER_ID%7d:0
[   19802ms] [ERROR] Failed to load resource: the server responded with a status of 424 (Failed Dependency) @ https://t.adx.opera.com/pub/sync?pubid=pub10101531197440&gdpr=1&gdpr_consent=:0
[   33774ms] [ERROR] Failed to load resource: the server responded with a status of 424 (Failed Dependency) @ https://t.adx.opera.com/pub/sync?pubid=pub10101531197440&gdpr=1&gdpr_consent=:0
[   42302ms] [ERROR] Failed to load resource: the server responded with a status of 424 (Failed Dependency) @ https://t.adx.opera.com/pub/sync?pubid=pub10101531197440&gdpr=1&gdpr_consent=:0
[   43811ms] [ERROR] Failed to load resource: the server responded with a status of 424 (Failed Dependency) @ https://t.adx.opera.com/pub/sync?pubid=pub10101531197440&gdpr=1&gdpr_consent=:0
[  124316ms] [ERROR] Failed to load resource: net::ERR_SOCKET_NOT_CONNECTED @ https://dis.criteo.com/dis/usersync.aspx?r=154&p=361&cp=nexxenortb&cu=1&url=https%3A%2F%2Fsync.1rx.io%2Fusersync3%2Fcriteodsp%2F2069.103%2F%40%40CRITEO_USERID%40%40%3Fzcc%3D0%26sspret%3D1&rndcb=7598454220:0
[  124317ms] [ERROR] Failed to load resource: net::ERR_SOCKET_NOT_CONNECTED @ https://dis.criteo.com/dis/usersync.aspx?r=154&p=361&cp=nexxenortb&cu=1&url=https%3A%2F%2Fsync.1rx.io%2Fusersync3%2Fcriteodsp%2F2069.46%2F%40%40CRITEO_USERID%40%40%3Fzcc%3D0%26sspret%3D1&rndcb=2368819425:0
[  124319ms] [ERROR] Failed to load resource: net::ERR_SOCKET_NOT_CONNECTED @ https://dis.criteo.com/dis/usersync.aspx?r=154&p=361&cp=nexxenortb&cu=1&url=https%3A%2F%2Fsync.1rx.io%2Fusersync3%2Fcriteodsp%2F2069.106%2F%40%40CRITEO_USERID%40%40%3Fzcc%3D0%26sspret%3D1&rndcb=174584041:0
[  124320ms] [ERROR] Failed to load resource: net::ERR_SOCKET_NOT_CONNECTED @ https://dis.criteo.com/dis/usersync.aspx?r=154&p=361&cp=nexxenortb&cu=1&url=https%3A%2F%2Fsync.1rx.io%2Fusersync3%2Fcriteodsp%2F2064%2F%40%40CRITEO_USERID%40%40%3Fzcc%3D0%26sspret%3D1&rndcb=5615518715:0
[  124323ms] [ERROR] Failed to load resource: net::ERR_SOCKET_NOT_CONNECTED @ https://dis.criteo.com/dis/usersync.aspx?r=154&p=361&cp=nexxenortb&cu=1&url=https%3A%2F%2Fsync.1rx.io%2Fusersync3%2Fcriteodsp%2F2069.26%2F%40%40CRITEO_USERID%40%40%3Fzcc%3D0%26sspret%3D1&rndcb=6962872628:0
[  124332ms] [ERROR] Failed to load resource: net::ERR_SOCKET_NOT_CONNECTED @ https://pbs.yahoo.com/setuid?bidder=triplelift&uid=3804254814040270628045&gdpr=0&gdpr_consent=&gpp=&gpp_sid=:0
[   18596ms] [ERROR] Attestation check for Shared Storage on https://www.googleadservices.com failed. @ https://www.googleadservices.com/pagead/managed/js/activeview/current/reach_worklet.html:0
[   18799ms] [ERROR] Attestation check for Shared Storage on https://www.googleadservices.com failed. @ https://www.googleadservices.com/pagead/managed/js/activeview/current/reach_worklet.html:0
[   25766ms] [ERROR] Attestation check for Shared Storage on https://www.googleadservices.com failed. @ https://www.googleadservices.com/pagead/managed/js/activeview/current/reach_worklet.html:0
[   38155ms] [ERROR] Attestation check for Shared Storage on https://www.googleadservices.com failed. @ https://www.googleadservices.com/pagead/managed/js/activeview/current/reach_worklet.html:0
[   18596ms] [ERROR] Attestation check for Shared Storage on https://www.googleadservices.com failed. @ https://www.googleadservices.com/pagead/managed/js/activeview/current/reach_worklet.html:0
[   18799ms] [ERROR] Attestation check for Shared Storage on https://www.googleadservices.com failed. @ https://www.googleadservices.com/pagead/managed/js/activeview/current/reach_worklet.html:0
[   25766ms] [ERROR] Attestation check for Shared Storage on https://www.googleadservices.com failed. @ https://www.googleadservices.com/pagead/managed/js/activeview/current/reach_worklet.html:0
[   38155ms] [ERROR] Attestation check for Shared Storage on https://www.googleadservices.com failed. @ https://www.googleadservices.com/pagead/managed/js/activeview/current/reach_worklet.html:0
[  125281ms] [ERROR] Attestation check for Shared Storage on https://www.googleadservices.com failed. @ https://www.googleadservices.com/pagead/managed/js/activeview/current/reach_worklet.html:0
[   29349ms] [ERROR] Failed to load resource: net::ERR_NAME_NOT_RESOLVED @ https://cs.iqzone.com/6f0476ca45e1d6b67e3ee8d57532a022.gif?redir=https%3A%2F%2Fsync.cootlogix.com%2Fapi%2Fcookie%3FpartnerId%3Diqzone%26gdpr%3D0%26gdpr_consent%3D%26us_privacy%3D%26userId%3D%5BUID%5D&gdpr=0&gdpr_consent=&ccpa=:0
[   81743ms] [ERROR] Failed to load resource: net::ERR_NAME_NOT_RESOLVED @ https://cs.iqzone.com/6f0476ca45e1d6b67e3ee8d57532a022.gif?redir=https%3A%2F%2Fsync.cootlogix.com%2Fapi%2Fcookie%3FpartnerId%3Diqzone%26gdpr%3D%26gdpr_consent%3D%26us_privacy%3D%26userId%3D%5BUID%5D&gdpr=&gdpr_consent=&ccpa=:0
[  110803ms] [ERROR] Failed to load resource: net::ERR_NAME_NOT_RESOLVED @ https://cs.iqzone.com/6f0476ca45e1d6b67e3ee8d57532a022.gif?redir=https%3A%2F%2Fsync.cootlogix.com%2Fapi%2Fcookie%3FpartnerId%3Diqzone%26gdpr%3D%26gdpr_consent%3D%26us_privacy%3D%26userId%3D%5BUID%5D&gdpr=&gdpr_consent=&ccpa=:0
[  111337ms] [ERROR] Failed to load resource: net::ERR_NAME_NOT_RESOLVED @ https://cs.iqzone.com/6f0476ca45e1d6b67e3ee8d57532a022.gif?redir=https%3A%2F%2Fsync.cootlogix.com%2Fapi%2Fcookie%3FpartnerId%3Diqzone%26gdpr%3D%26gdpr_consent%3D%26us_privacy%3D%26userId%3D%5BUID%5D&gdpr=&gdpr_consent=&ccpa=:0
[   71243ms] [ERROR] Failed to load resource: net::ERR_NAME_NOT_RESOLVED @ https://cs.iqzone.com/570908b7e92df631fee32098aa272f7b.gif?puid=QdR0%2FWpMEHY8GoBeQBj8AQ%3D%3D&gdpr=&gdpr_consent=&ccpa=&coppa=&redir=https%3A%2F%2Fssc-cms.33across.com%2Fps%2F%3Fxi%3D145%26ts%3D1783369847282.6%26us_privacy%3D%26xu%3D%5BUID%5D%26gpp_sid%3D%26gpp%3D:0
[   81165ms] [ERROR] Failed to load resource: net::ERR_NAME_NOT_RESOLVED @ https://usermatch.krxd.net/um/v2?partner=tapad:0
[   87839ms] [ERROR] Failed to load resource: net::ERR_SOCKET_NOT_CONNECTED @ https://d.turn.com/r/dd/id/L2NzaWQvMS9jaWQvMjg0NTA1NDYvdC8w/url/https://ps.eyeota.net/match?bid=1mpjpn0&turn_id=$!{TURN_UUID}&newuser=1&dc_rc=1&dc_mr=2&dc_orig=gdomg51&&referrer_pid=gdomg51:0
[   90719ms] [ERROR] Failed to load resource: net::ERR_NAME_NOT_RESOLVED @ https://usermatch.krxd.net/um/v2?partner=tapad:0
[   91097ms] [ERROR] Failed to load resource: net::ERR_NAME_NOT_RESOLVED @ https://usermatch.krxd.net/um/v2?partner=tapad:0
[  102039ms] [ERROR] Failed to load resource: net::ERR_NAME_NOT_RESOLVED @ https://tacoda.at.atwola.com/atx/sync/ak/ak/default:0
[  108645ms] [ERROR] Failed to load resource: net::ERR_SOCKET_NOT_CONNECTED @ https://px.mountain.com/signal/v1/page_view?data_source_key=Gg1Si3AkcN&ip=98.48.89.189&url=https%3A%2F%2Fcookies.nextmillmedia.com%2F&referer=&user_agent=Mozilla%2F5.0+%28Macintosh%3B+Intel+Mac+OS+X+10_15_7%29+AppleWebKit%2F537.36+%28KHTML%2C+like+Gecko%29+Chrome%2F149.0.0.0+Safari%2F537.36&gpp_sid=&gpp=:0
[  108646ms] [ERROR] Failed to load resource: net::ERR_SOCKET_NOT_CONNECTED @ https://px.mountain.com/signal/v1/page_view?data_source_key=Gg1Si3AkcN&ip=98.48.89.189&url=https%3A%2F%2Fsync.cootlogix.com%2F&referer=&user_agent=Mozilla%2F5.0+%28Macintosh%3B+Intel+Mac+OS+X+10_15_7%29+AppleWebKit%2F537.36+%28KHTML%2C+like+Gecko%29+Chrome%2F149.0.0.0+Safari%2F537.36&gpp_sid=&gpp=:0
[  111263ms] [ERROR] Failed to load resource: the server responded with a status of 404 () @ https://sync.crwdcntrl.net/qmap?c=368&tp=NEUS&tpid=207160905665002660552:0
[   29349ms] [ERROR] Failed to load resource: net::ERR_NAME_NOT_RESOLVED @ https://cs.iqzone.com/6f0476ca45e1d6b67e3ee8d57532a022.gif?redir=https%3A%2F%2Fsync.cootlogix.com%2Fapi%2Fcookie%3FpartnerId%3Diqzone%26gdpr%3D0%26gdpr_consent%3D%26us_privacy%3D%26userId%3D%5BUID%5D&gdpr=0&gdpr_consent=&ccpa=:0
[   81743ms] [ERROR] Failed to load resource: net::ERR_NAME_NOT_RESOLVED @ https://cs.iqzone.com/6f0476ca45e1d6b67e3ee8d57532a022.gif?redir=https%3A%2F%2Fsync.cootlogix.com%2Fapi%2Fcookie%3FpartnerId%3Diqzone%26gdpr%3D%26gdpr_consent%3D%26us_privacy%3D%26userId%3D%5BUID%5D&gdpr=&gdpr_consent=&ccpa=:0
[  110803ms] [ERROR] Failed to load resource: net::ERR_NAME_NOT_RESOLVED @ https://cs.iqzone.com/6f0476ca45e1d6b67e3ee8d57532a022.gif?redir=https%3A%2F%2Fsync.cootlogix.com%2Fapi%2Fcookie%3FpartnerId%3Diqzone%26gdpr%3D%26gdpr_consent%3D%26us_privacy%3D%26userId%3D%5BUID%5D&gdpr=&gdpr_consent=&ccpa=:0
[  111337ms] [ERROR] Failed to load resource: net::ERR_NAME_NOT_RESOLVED @ https://cs.iqzone.com/6f0476ca45e1d6b67e3ee8d57532a022.gif?redir=https%3A%2F%2Fsync.cootlogix.com%2Fapi%2Fcookie%3FpartnerId%3Diqzone%26gdpr%3D%26gdpr_consent%3D%26us_privacy%3D%26userId%3D%5BUID%5D&gdpr=&gdpr_consent=&ccpa=:0
[   14303ms] [ERROR] Failed to load resource: net::ERR_SOCKET_NOT_CONNECTED @ https://match.sharethrough.com/sync/v1?source_id=UiRtTsXAfjmfSDAKnR1FjWsu&source_user_id=MR9OBV26-1I-763S:0
[  125925ms] [ERROR] Failed to load resource: net::ERR_NAME_NOT_RESOLVED @ https://cs.iqzone.com/6f0476ca45e1d6b67e3ee8d57532a022.gif?redir=https%3A%2F%2Fsync.cootlogix.com%2Fapi%2Fcookie%3FpartnerId%3Diqzone%26gdpr%3D%26gdpr_consent%3D%26us_privacy%3D%26userId%3D%5BUID%5D&gdpr=&gdpr_consent=&ccpa=:0
[  126013ms] [ERROR] Attestation check for Shared Storage on https://www.googleadservices.com failed. @ https://www.googleadservices.com/pagead/managed/js/activeview/current/reach_worklet.html:0
[  126101ms] [ERROR] Failed to load resource: net::ERR_NAME_NOT_RESOLVED @ https://cs.iqzone.com/6f0476ca45e1d6b67e3ee8d57532a022.gif?redir=https%3A%2F%2Fsync.cootlogix.com%2Fapi%2Fcookie%3FpartnerId%3Diqzone%26gdpr%3D%26gdpr_consent%3D%26us_privacy%3D%26userId%3D%5BUID%5D&gdpr=&gdpr_consent=&ccpa=:0
[   50288ms] [ERROR] Failed to load resource: net::ERR_SOCKET_NOT_CONNECTED @ https://simage2.pubmatic.com/AdServer/Pug?vcode=bz0yJnR5cGU9MSZjb2RlPTI4NDkmdGw9MTI5NjAw&piggybackCookie=a5f9791e-7a3a-4f47-8301-bca5683dd762&gdpr=0&gdpr_consent=:0
[   50288ms] [ERROR] Failed to load resource: net::ERR_SOCKET_NOT_CONNECTED @ https://pixel.onaudience.com/?partner=214&mapped=C3298E6A-FDDD-4476-B791-E393289B5F10&gdpr=0&gdpr_consent=&us_privacy=1---&gpp=&gpp_sid=:0
[   50288ms] [ERROR] Failed to load resource: net::ERR_SOCKET_NOT_CONNECTED @ https://pippio.com/api/sync?pid=5324&it=1&iv=ba685f52e8aa853b7539962bd4dec1b670ced71b89f814b833f79064a0dbd985791426b5417dce21&_=2:0
[   50289ms] [ERROR] Failed to load resource: net::ERR_SOCKET_NOT_CONNECTED @ https://pixel.tapad.com/idsync/ex/receive?partner_id=3371&partner_device_id=C3298E6A-FDDD-4476-B791-E393289B5F10:0
[   50535ms] [ERROR] Failed to load resource: net::ERR_SOCKET_NOT_CONNECTED @ https://simage4.pubmatic.com/AdServer/SPug?partnerID=161102&gdpr=0&gdpr_consent=&us_privacy=1---&gpp=&gpp_sid=:0
[   81749ms] [ERROR] Failed to load resource: net::ERR_SOCKET_NOT_CONNECTED @ https://dis.criteo.com/dis/usersync.aspx?r=3&p=4&cp=pubmaticUS&cu=1&gdpr=0&gdpr_consent=&us_privacy=1---&gpp=&gpp_sid=&url=https%3A%2F%2Fsimage4.pubmatic.com%2FAdServer%2FSPug%3FpartnerID%3D173010%26test%3Dctest%26partnerUID%3Duid%3A%40%40CRITEO_USERID%40%40:0
[   87820ms] [ERROR] Failed to load resource: net::ERR_SOCKET_NOT_CONNECTED @ https://d.turn.com/r/dd/id/L2NzaWQvMS9jaWQvMjg1MjQ0NjQvdC8w/url/https%3A%2F%2Fsu.semasio.net%2Fsync%2F1%2F9732522%3FsExtCookieId%3D%24!%7BTURN_UUID%7D%26sInitiator%3Dinternal&gdpr=0&gdpr_consent=:0
[  116172ms] [ERROR] Failed to load resource: net::ERR_SOCKET_NOT_CONNECTED @ https://p.alcmpn.com/em/173/110/2360.gif?gid=e10adc68eccff721d6d330282edd6324:0
[   43868ms] [ERROR] Failed to load resource: net::ERR_SOCKET_NOT_CONNECTED @ https://ssp-sync.criteo.com/user-sync/redirect?gdpr=0&gdpr_consent=&profile=342&redir=https%3A%2F%2Fcs-server-s2s.yellowblue.io%2Fcs%3Ffwrd%3D1%26aid%3D11614%26id%3D%24%7BCRITEO_USER_ID%7D:0
[   44789ms] [ERROR] Failed to load resource: net::ERR_CONNECTION_CLOSED @ https://csync.loopme.me/?gdpr=0&gdpr_consent=&pubid=11362&redirect=https%3A%2F%2Fcs-server-s2s.yellowblue.io%2Fcs%3Ffwrd%3D1%26aid%3D11571%26id%3D%7Bdevice_id%7D:0
[   50492ms] [ERROR] Failed to load resource: net::ERR_SOCKET_NOT_CONNECTED @ https://visitor-risecode.omnitagjs.com/visitor/bsync?name=risecode&uid=40a3c28f9ffc73ee86df2bac2d2bb390&url=https%3A%2F%2Fcs-server-s2s.yellowblue.io%2Fcs%3Ffwrd%3D1%26fwrd%3D1%26aid%3D11609%26id%3D%5BBUYER_ID%5D:0
[  124066ms] [ERROR] Failed to load resource: net::ERR_SOCKET_NOT_CONNECTED @ https://visitor.us-west1.gcp.omnitagjs.com/visitor/sync?gdpr=0&gdpr_consent=&is_cookie_sync_uid=1&name=RISE_cookie_sync&ttl=720&uid=2e90b87b57365c0e49009c9de5903533&visitor=3T1-ZkqcCp_s:0
[  124332ms] [ERROR] Failed to load resource: net::ERR_SOCKET_NOT_CONNECTED @ https://pbs.yahoo.com/setuid?bidder=triplelift&uid=3804254814040270628045&gdpr=0&gdpr_consent=&gpp=&gpp_sid=:0
[   43906ms] [ERROR] Failed to load resource: net::ERR_SOCKET_NOT_CONNECTED @ https://b1sync.outbrain.com/usersync/openx?puid=4989ee83-3b0c-463a-bcf5-dbb54d5c18d6&cb=https%3A%2F%2Fus-u.openx.net%2Fw%2F1.0%2Fsd%3Fid%3D560843120%26val%3D__ZUID__:0
[   44719ms] [ERROR] Failed to load resource: net::ERR_SOCKET_NOT_CONNECTED @ https://pixel.tapad.com/idsync/ex/receive?partner_id=1955&partner_device_id=643ae739-8b83-4a3f-a127-dfa15dc007a1:0
[   51327ms] [ERROR] Failed to load resource: the server responded with a status of 404 () @ https://id5-sync.com/k/1364.gif?TruAudienceID=E1:g7PL70NHu_82qp-y7G0NmMium4SF83l6IWA7FbzjWc2oHtSjV2UzvuldxErwfbptyihDnT6cmYcFPL-eSLwXhXy2To9-033BLyWKXnz_xHI:0
[   75215ms] [ERROR] Failed to load resource: net::ERR_SOCKET_NOT_CONNECTED @ https://i.w55c.net/ping_match.gif?ei=OPENX&rurl=https%3A%2F%2Fus-u.openx.net%2Fw%2F1.0%2Fsd%3Fid%3D537072979%26val%3D_wfivefivec_&gdpr=0&gdpr_consent=%5BUSER_CONSENT%5D:0
[   86592ms] [ERROR] Failed to load resource: net::ERR_NAME_NOT_RESOLVED @ https://px.owneriq.net/eox:0
[   87547ms] [ERROR] Failed to load resource: net::ERR_SOCKET_NOT_CONNECTED @ https://oxp.mxptint.net/OpenX.ashx:0
[  101346ms] [ERROR] Failed to load resource: net::ERR_SOCKET_NOT_CONNECTED @ https://dmp.brand-display.com/cm/api/openx:0
[  108676ms] [ERROR] Failed to load resource: net::ERR_SOCKET_NOT_CONNECTED @ https://ml314.com/utsync.ashx?et=0&eid=92690&fp=904c068c-4082-43c2-8325-ed05e5662109:0
[  108681ms] [ERROR] Failed to load resource: net::ERR_SOCKET_NOT_CONNECTED @ https://dm-us.hybrid.ai/match?id=412&gdpr=0:0
[  108718ms] [ERROR] Failed to load resource: net::ERR_SOCKET_NOT_CONNECTED @ https://fei.pro-market.net/engine?du=47&site=161319&size=1x1&mimetype=img&csync=0aff5bbe-fbd5-40f9-a70b-fbd2ce24a887:0
[  116170ms] [ERROR] Failed to load resource: net::ERR_SOCKET_NOT_CONNECTED @ https://p.alcmpn.com/em/173/119/2367.gif?bid=1dbf1b01a574f1d883d527dc8b1cfec264a90f33&gid=e10adc68eccff721d6d330282edd6324&eid=57c8db9cad027595c2393e189dae9dbc30c218a925249dd9d2730f005aa30903:0
[  116180ms] [ERROR] Failed to load resource: net::ERR_SOCKET_NOT_CONNECTED @ https://dis.eu.criteo.com/dis/usersync.aspx?r=30&p=59&cp=id5&cu=1&url=https%3A%2F%2Fid5-sync.com%2Fc%2F369%2F203%2F4%2F6.gif%3Fpuid%3D%40%40CRITEO_USERID%40%40%26gdpr%3D0%26gdpr_consent%3D:0
[  127859ms] [ERROR] Failed to load resource: net::ERR_SOCKET_NOT_CONNECTED @ https://navvy.media.net/log:0
[  127862ms] [ERROR] Failed to load resource: net::ERR_SOCKET_NOT_CONNECTED @ https://navvy.media.net/log:0
[  128511ms] [ERROR] Failed to load resource: the server responded with a status of 404 (Not Found) @ https://us4.shb-sync.com/a760a5a7-e35e-49b8-9f5e-723455346741.gif?puid=4b2de43f-8800-11cc-587d-8f88763783f7&gdpr=&gdpr_consent=ccpa=:0
[  128591ms] [ERROR] Failed to load resource: the server responded with a status of 404 (Not Found) @ https://us4.shb-sync.com/a760a5a7-e35e-49b8-9f5e-723455346741.gif?puid=4b2de43f-8800-11cc-587d-8f88763783f7&gdpr=&gdpr_consent=ccpa=:0
[  128777ms] [ERROR] Failed to load resource: the server responded with a status of 404 (Not Found) @ https://us4.shb-sync.com/a760a5a7-e35e-49b8-9f5e-723455346741.gif?puid=4b2de43f-8800-11cc-587d-8f88763783f7&gdpr=&gdpr_consent=ccpa=:0
[  128857ms] [ERROR] Failed to load resource: the server responded with a status of 404 (Not Found) @ https://us4.shb-sync.com/a760a5a7-e35e-49b8-9f5e-723455346741.gif?puid=4b2de43f-8800-11cc-587d-8f88763783f7&gdpr=&gdpr_consent=ccpa=:0
[  132429ms] [ERROR] Failed to load resource: net::ERR_EMPTY_RESPONSE @ https://pxl.iqm.com/i/ck/mnet?cid=4263714045655984000V10&gdpr=0&gdpr_consent=&gpp_string=&gpp_sid=-1&redirect=https%3A%2F%2Fcs.media.net%2Fcksync%3Fcs%3D3%26type%3Diqm%26ovsid%3D%7B%24PARTNER_UID%7D&cs=6:0
[   82901ms] [ERROR] Failed to load resource: net::ERR_CERT_COMMON_NAME_INVALID @ https://cs.openwebmedia.org/cs?aid=40017&id=RX-9ec1288d-a6be-4e05-a575-925bfbfcec30-005:0
[  133598ms] [ERROR] Failed to load resource: net::ERR_SOCKET_NOT_CONNECTED @ https://trace.us.rtbwise.com/api/v1/cookie/sync?partner=criteo&cb=https%3a%2f%2fssp-sync.criteo.com%2fuser-sync%2fmatch%3fp%3dRfP5Kl8xMldzRG9BRkNvajYzQUNsZlBqTTVQUnEzcTRnUFY2cVhpQ3BlQ2FteTN3JTNE%26u%3d%24%7bUSER_ID%7d:0
[   14303ms] [ERROR] Failed to load resource: net::ERR_SOCKET_NOT_CONNECTED @ https://match.sharethrough.com/sync/v1?source_id=UiRtTsXAfjmfSDAKnR1FjWsu&source_user_id=MR9OBV26-1I-763S:0
[  135147ms] [ERROR] Failed to load resource: net::ERR_SOCKET_NOT_CONNECTED @ https://visitor.us-west1.gcp.omnitagjs.com/visitor/sync?gdpr=0&gdpr_consent=&is_cookie_sync_uid=1&name=DBLOCK_cookie_sync&ttl=720&uid=726e82370458832fe1172100a5249d53&usp=1---&visitor=4263714055511612000V10:0
[  135263ms] [ERROR] Failed to load resource: net::ERR_SOCKET_NOT_CONNECTED @ https://visitor.us-west1.gcp.omnitagjs.com/visitor/sync?gdpr=0&gdpr_consent=&is_cookie_sync_uid=1&name=MEDIANET_cookie_sync&ttl=720&uid=45ed37d56d3d4fceb796822ed9fe8a30&usp=1---&visitor=4263714045655984000V10:0
[  135265ms] [ERROR] Failed to load resource: net::ERR_SOCKET_NOT_CONNECTED @ https://visitor.us-west1.gcp.omnitagjs.com/visitor/sync?gdpr=0&gdpr_consent=&is_cookie_sync_uid=1&name=LOOPME_cookie_sync&ttl=720&uid=143cc4b32941af96a1c55a65cd00c2aa&visitor=e1d29638-e50a-4770-ad7c-ba1af3aff15d&gdpr_consent=null&gdpr=0:0
[  135268ms] [ERROR] Failed to load resource: net::ERR_SOCKET_NOT_CONNECTED @ https://visitor.us-west1.gcp.omnitagjs.com/visitor/sync?gdpr=0&gdpr_consent=&is_cookie_sync_uid=1&name=COPPER6_APP_cookie_sync&ttl=720&uid=123285a4642e0170ed8b35a36075585&visitor=8b40d63c-9b6e-4ae4-8015-10ac1a43d577:0
[  135270ms] [ERROR] Failed to load resource: net::ERR_SOCKET_NOT_CONNECTED @ https://visitor.us-west1.gcp.omnitagjs.com/visitor/sync?gdpr=0&gdpr_consent=&is_cookie_sync_uid=1&name=NOBID_cookie_sync&ttl=720&uid=777b9127f4bde1c631a3413a8a313275&usp=1---&visitor=usid1-f8ced3b5-e3f1-4e4f-aed3-8799695c7f07:0
[  135274ms] [ERROR] Failed to load resource: net::ERR_SOCKET_NOT_CONNECTED @ https://visitor.us-west1.gcp.omnitagjs.com/visitor/sync?gdpr=0&gdpr_consent=&is_cookie_sync_uid=1&name=BRAVE_IO_cookie_sync&ttl=720&uid=25475356464fe052c2259a7545f8988b&visitor=:0
[   43868ms] [ERROR] Failed to load resource: net::ERR_SOCKET_NOT_CONNECTED @ https://ssp-sync.criteo.com/user-sync/redirect?gdpr=0&gdpr_consent=&profile=342&redir=https%3A%2F%2Fcs-server-s2s.yellowblue.io%2Fcs%3Ffwrd%3D1%26aid%3D11614%26id%3D%24%7BCRITEO_USER_ID%7D:0
[   44789ms] [ERROR] Failed to load resource: net::ERR_CONNECTION_CLOSED @ https://csync.loopme.me/?gdpr=0&gdpr_consent=&pubid=11362&redirect=https%3A%2F%2Fcs-server-s2s.yellowblue.io%2Fcs%3Ffwrd%3D1%26aid%3D11571%26id%3D%7Bdevice_id%7D:0
[   50492ms] [ERROR] Failed to load resource: net::ERR_SOCKET_NOT_CONNECTED @ https://visitor-risecode.omnitagjs.com/visitor/bsync?name=risecode&uid=40a3c28f9ffc73ee86df2bac2d2bb390&url=https%3A%2F%2Fcs-server-s2s.yellowblue.io%2Fcs%3Ffwrd%3D1%26fwrd%3D1%26aid%3D11609%26id%3D%5BBUYER_ID%5D:0
[  124066ms] [ERROR] Failed to load resource: net::ERR_SOCKET_NOT_CONNECTED @ https://visitor.us-west1.gcp.omnitagjs.com/visitor/sync?gdpr=0&gdpr_consent=&is_cookie_sync_uid=1&name=RISE_cookie_sync&ttl=720&uid=2e90b87b57365c0e49009c9de5903533&visitor=3T1-ZkqcCp_s:0
[   43868ms] [ERROR] Failed to load resource: net::ERR_SOCKET_NOT_CONNECTED @ https://ssp-sync.criteo.com/user-sync/redirect?gdpr=0&gdpr_consent=&profile=342&redir=https%3A%2F%2Fcs-server-s2s.yellowblue.io%2Fcs%3Ffwrd%3D1%26aid%3D11614%26id%3D%24%7BCRITEO_USER_ID%7D:0
[   44789ms] [ERROR] Failed to load resource: net::ERR_CONNECTION_CLOSED @ https://csync.loopme.me/?gdpr=0&gdpr_consent=&pubid=11362&redirect=https%3A%2F%2Fcs-server-s2s.yellowblue.io%2Fcs%3Ffwrd%3D1%26aid%3D11571%26id%3D%7Bdevice_id%7D:0
[   50492ms] [ERROR] Failed to load resource: net::ERR_SOCKET_NOT_CONNECTED @ https://visitor-risecode.omnitagjs.com/visitor/bsync?name=risecode&uid=40a3c28f9ffc73ee86df2bac2d2bb390&url=https%3A%2F%2Fcs-server-s2s.yellowblue.io%2Fcs%3Ffwrd%3D1%26fwrd%3D1%26aid%3D11609%26id%3D%5BBUYER_ID%5D:0
[  124066ms] [ERROR] Failed to load resource: net::ERR_SOCKET_NOT_CONNECTED @ https://visitor.us-west1.gcp.omnitagjs.com/visitor/sync?gdpr=0&gdpr_consent=&is_cookie_sync_uid=1&name=RISE_cookie_sync&ttl=720&uid=2e90b87b57365c0e49009c9de5903533&visitor=3T1-ZkqcCp_s:0
[   29349ms] [ERROR] Failed to load resource: net::ERR_NAME_NOT_RESOLVED @ https://cs.iqzone.com/6f0476ca45e1d6b67e3ee8d57532a022.gif?redir=https%3A%2F%2Fsync.cootlogix.com%2Fapi%2Fcookie%3FpartnerId%3Diqzone%26gdpr%3D0%26gdpr_consent%3D%26us_privacy%3D%26userId%3D%5BUID%5D&gdpr=0&gdpr_consent=&ccpa=:0
[   81743ms] [ERROR] Failed to load resource: net::ERR_NAME_NOT_RESOLVED @ https://cs.iqzone.com/6f0476ca45e1d6b67e3ee8d57532a022.gif?redir=https%3A%2F%2Fsync.cootlogix.com%2Fapi%2Fcookie%3FpartnerId%3Diqzone%26gdpr%3D%26gdpr_consent%3D%26us_privacy%3D%26userId%3D%5BUID%5D&gdpr=&gdpr_consent=&ccpa=:0
[  110803ms] [ERROR] Failed to load resource: net::ERR_NAME_NOT_RESOLVED @ https://cs.iqzone.com/6f0476ca45e1d6b67e3ee8d57532a022.gif?redir=https%3A%2F%2Fsync.cootlogix.com%2Fapi%2Fcookie%3FpartnerId%3Diqzone%26gdpr%3D%26gdpr_consent%3D%26us_privacy%3D%26userId%3D%5BUID%5D&gdpr=&gdpr_consent=&ccpa=:0
[  111337ms] [ERROR] Failed to load resource: net::ERR_NAME_NOT_RESOLVED @ https://cs.iqzone.com/6f0476ca45e1d6b67e3ee8d57532a022.gif?redir=https%3A%2F%2Fsync.cootlogix.com%2Fapi%2Fcookie%3FpartnerId%3Diqzone%26gdpr%3D%26gdpr_consent%3D%26us_privacy%3D%26userId%3D%5BUID%5D&gdpr=&gdpr_consent=&ccpa=:0
[  125925ms] [ERROR] Failed to load resource: net::ERR_NAME_NOT_RESOLVED @ https://cs.iqzone.com/6f0476ca45e1d6b67e3ee8d57532a022.gif?redir=https%3A%2F%2Fsync.cootlogix.com%2Fapi%2Fcookie%3FpartnerId%3Diqzone%26gdpr%3D%26gdpr_consent%3D%26us_privacy%3D%26userId%3D%5BUID%5D&gdpr=&gdpr_consent=&ccpa=:0
[  126101ms] [ERROR] Failed to load resource: net::ERR_NAME_NOT_RESOLVED @ https://cs.iqzone.com/6f0476ca45e1d6b67e3ee8d57532a022.gif?redir=https%3A%2F%2Fsync.cootlogix.com%2Fapi%2Fcookie%3FpartnerId%3Diqzone%26gdpr%3D%26gdpr_consent%3D%26us_privacy%3D%26userId%3D%5BUID%5D&gdpr=&gdpr_consent=&ccpa=:0
[  128511ms] [ERROR] Failed to load resource: the server responded with a status of 404 (Not Found) @ https://us4.shb-sync.com/a760a5a7-e35e-49b8-9f5e-723455346741.gif?puid=4b2de43f-8800-11cc-587d-8f88763783f7&gdpr=&gdpr_consent=ccpa=:0
[  128591ms] [ERROR] Failed to load resource: the server responded with a status of 404 (Not Found) @ https://us4.shb-sync.com/a760a5a7-e35e-49b8-9f5e-723455346741.gif?puid=4b2de43f-8800-11cc-587d-8f88763783f7&gdpr=&gdpr_consent=ccpa=:0
[  128777ms] [ERROR] Failed to load resource: the server responded with a status of 404 (Not Found) @ https://us4.shb-sync.com/a760a5a7-e35e-49b8-9f5e-723455346741.gif?puid=4b2de43f-8800-11cc-587d-8f88763783f7&gdpr=&gdpr_consent=ccpa=:0
[  128857ms] [ERROR] Failed to load resource: the server responded with a status of 404 (Not Found) @ https://us4.shb-sync.com/a760a5a7-e35e-49b8-9f5e-723455346741.gif?puid=4b2de43f-8800-11cc-587d-8f88763783f7&gdpr=&gdpr_consent=ccpa=:0
[  137256ms] [ERROR] Attestation check for Shared Storage on https://www.googleadservices.com failed. @ https://www.googleadservices.com/pagead/managed/js/activeview/current/reach_worklet.html:0
[  137565ms] [ERROR] Attestation check for Shared Storage on https://www.googleadservices.com failed. @ https://www.googleadservices.com/pagead/managed/js/activeview/current/reach_worklet.html:0
[   21885ms] [ERROR] Failed to load resource: the server responded with a status of 404 (Not Found) @ https://b1sync.zemanta.com/usersync/ogury/?gdpr=0&gdpr_consent=&cb=https%3A%2F%2Fms-cookie-sync.presage.io%2Fuser-sync%3Foutbrain_id%3D__ZUID__:0
[   42690ms] [ERROR] Failed to load resource: net::ERR_SOCKET_NOT_CONNECTED @ https://dsp-2.presage.io/sync?bidswitch_ssp_id=brave&bsw_custom_parameter=996b0401-d5c2-4c38-a61f-8ae85f5d65ed&gdpr=0&gdpr_consent=:0
[   85031ms] [ERROR] Failed to load resource: the server responded with a status of 404 (Not Found) @ https://b1sync.zemanta.com/usersync/ogury/?gdpr=0&gdpr_consent=&cb=https%3A%2F%2Fms-cookie-sync.presage.io%2Fuser-sync%3Foutbrain_id%3D__ZUID__:0
[  101321ms] [ERROR] Failed to load resource: net::ERR_SOCKET_NOT_CONNECTED @ https://dis.criteo.com/dis/usersync.aspx?r=154&p=361&cp=nexxenortb&cu=1&url=https%3A%2F%2Fsync.1rx.io%2Fusersync3%2Fcriteodsp%2F2069.106%2F%40%40CRITEO_USERID%40%40%3Fzcc%3D0%26sspret%3D1&rndcb=4214096729:0
[  112388ms] [ERROR] Failed to load resource: the server responded with a status of 404 (Not Found) @ https://b1sync.zemanta.com/usersync/ogury/?gdpr=0&gdpr_consent=&cb=https%3A%2F%2Fms-cookie-sync.presage.io%2Fuser-sync%3Foutbrain_id%3D__ZUID__:0
[  124319ms] [ERROR] Failed to load resource: net::ERR_SOCKET_NOT_CONNECTED @ https://dis.criteo.com/dis/usersync.aspx?r=154&p=361&cp=nexxenortb&cu=1&url=https%3A%2F%2Fsync.1rx.io%2Fusersync3%2Fcriteodsp%2F2069.106%2F%40%40CRITEO_USERID%40%40%3Fzcc%3D0%26sspret%3D1&rndcb=174584041:0
[   43868ms] [ERROR] Failed to load resource: net::ERR_SOCKET_NOT_CONNECTED @ https://ssp-sync.criteo.com/user-sync/redirect?gdpr=0&gdpr_consent=&profile=342&redir=https%3A%2F%2Fcs-server-s2s.yellowblue.io%2Fcs%3Ffwrd%3D1%26aid%3D11614%26id%3D%24%7BCRITEO_USER_ID%7D:0
[   44789ms] [ERROR] Failed to load resource: net::ERR_CONNECTION_CLOSED @ https://csync.loopme.me/?gdpr=0&gdpr_consent=&pubid=11362&redirect=https%3A%2F%2Fcs-server-s2s.yellowblue.io%2Fcs%3Ffwrd%3D1%26aid%3D11571%26id%3D%7Bdevice_id%7D:0
[   50492ms] [ERROR] Failed to load resource: net::ERR_SOCKET_NOT_CONNECTED @ https://visitor-risecode.omnitagjs.com/visitor/bsync?name=risecode&uid=40a3c28f9ffc73ee86df2bac2d2bb390&url=https%3A%2F%2Fcs-server-s2s.yellowblue.io%2Fcs%3Ffwrd%3D1%26fwrd%3D1%26aid%3D11609%26id%3D%5BBUYER_ID%5D:0
[  124066ms] [ERROR] Failed to load resource: net::ERR_SOCKET_NOT_CONNECTED @ https://visitor.us-west1.gcp.omnitagjs.com/visitor/sync?gdpr=0&gdpr_consent=&is_cookie_sync_uid=1&name=RISE_cookie_sync&ttl=720&uid=2e90b87b57365c0e49009c9de5903533&visitor=3T1-ZkqcCp_s:0
[   21885ms] [ERROR] Failed to load resource: the server responded with a status of 404 (Not Found) @ https://b1sync.zemanta.com/usersync/ogury/?gdpr=0&gdpr_consent=&cb=https%3A%2F%2Fms-cookie-sync.presage.io%2Fuser-sync%3Foutbrain_id%3D__ZUID__:0
[   42690ms] [ERROR] Failed to load resource: net::ERR_SOCKET_NOT_CONNECTED @ https://dsp-2.presage.io/sync?bidswitch_ssp_id=brave&bsw_custom_parameter=996b0401-d5c2-4c38-a61f-8ae85f5d65ed&gdpr=0&gdpr_consent=:0
[   85031ms] [ERROR] Failed to load resource: the server responded with a status of 404 (Not Found) @ https://b1sync.zemanta.com/usersync/ogury/?gdpr=0&gdpr_consent=&cb=https%3A%2F%2Fms-cookie-sync.presage.io%2Fuser-sync%3Foutbrain_id%3D__ZUID__:0
[  101321ms] [ERROR] Failed to load resource: net::ERR_SOCKET_NOT_CONNECTED @ https://dis.criteo.com/dis/usersync.aspx?r=154&p=361&cp=nexxenortb&cu=1&url=https%3A%2F%2Fsync.1rx.io%2Fusersync3%2Fcriteodsp%2F2069.106%2F%40%40CRITEO_USERID%40%40%3Fzcc%3D0%26sspret%3D1&rndcb=4214096729:0
[  112388ms] [ERROR] Failed to load resource: the server responded with a status of 404 (Not Found) @ https://b1sync.zemanta.com/usersync/ogury/?gdpr=0&gdpr_consent=&cb=https%3A%2F%2Fms-cookie-sync.presage.io%2Fuser-sync%3Foutbrain_id%3D__ZUID__:0
[  124319ms] [ERROR] Failed to load resource: net::ERR_SOCKET_NOT_CONNECTED @ https://dis.criteo.com/dis/usersync.aspx?r=154&p=361&cp=nexxenortb&cu=1&url=https%3A%2F%2Fsync.1rx.io%2Fusersync3%2Fcriteodsp%2F2069.106%2F%40%40CRITEO_USERID%40%40%3Fzcc%3D0%26sspret%3D1&rndcb=174584041:0
[   43868ms] [ERROR] Failed to load resource: net::ERR_SOCKET_NOT_CONNECTED @ https://ssp-sync.criteo.com/user-sync/redirect?gdpr=0&gdpr_consent=&profile=342&redir=https%3A%2F%2Fcs-server-s2s.yellowblue.io%2Fcs%3Ffwrd%3D1%26aid%3D11614%26id%3D%24%7BCRITEO_USER_ID%7D:0
[   44789ms] [ERROR] Failed to load resource: net::ERR_CONNECTION_CLOSED @ https://csync.loopme.me/?gdpr=0&gdpr_consent=&pubid=11362&redirect=https%3A%2F%2Fcs-server-s2s.yellowblue.io%2Fcs%3Ffwrd%3D1%26aid%3D11571%26id%3D%7Bdevice_id%7D:0
[   50492ms] [ERROR] Failed to load resource: net::ERR_SOCKET_NOT_CONNECTED @ https://visitor-risecode.omnitagjs.com/visitor/bsync?name=risecode&uid=40a3c28f9ffc73ee86df2bac2d2bb390&url=https%3A%2F%2Fcs-server-s2s.yellowblue.io%2Fcs%3Ffwrd%3D1%26fwrd%3D1%26aid%3D11609%26id%3D%5BBUYER_ID%5D:0
[  124066ms] [ERROR] Failed to load resource: net::ERR_SOCKET_NOT_CONNECTED @ https://visitor.us-west1.gcp.omnitagjs.com/visitor/sync?gdpr=0&gdpr_consent=&is_cookie_sync_uid=1&name=RISE_cookie_sync&ttl=720&uid=2e90b87b57365c0e49009c9de5903533&visitor=3T1-ZkqcCp_s:0
[  110264ms] [ERROR] Failed to load resource: the server responded with a status of 500 () @ https://usersync.gumgum.com/usersync?b=sus&i=%%esc%%%%uid%%%%escend%%akwQpcCo8YsAAP-HfQgAAAAA:0
[  110278ms] [ERROR] Failed to load resource: the server responded with a status of 500 () @ https://usersync.gumgum.com/usersync?b=sus&i=%%esc%%%%uid%%%%escend%%akwQpsCo8YsAAP-HfWYAAAAA:0
[  110728ms] [ERROR] Failed to load resource: the server responded with a status of 500 () @ https://usersync.gumgum.com/usersync?b=sus&i=%%esc%%%%uid%%%%escend%%akwQpsCo8YsAAP-HfYgAAAAA:0
[  110264ms] [ERROR] Failed to load resource: the server responded with a status of 500 () @ https://usersync.gumgum.com/usersync?b=sus&i=%%esc%%%%uid%%%%escend%%akwQpcCo8YsAAP-HfQgAAAAA:0
[  110278ms] [ERROR] Failed to load resource: the server responded with a status of 500 () @ https://usersync.gumgum.com/usersync?b=sus&i=%%esc%%%%uid%%%%escend%%akwQpsCo8YsAAP-HfWYAAAAA:0
[  110728ms] [ERROR] Failed to load resource: the server responded with a status of 500 () @ https://usersync.gumgum.com/usersync?b=sus&i=%%esc%%%%uid%%%%escend%%akwQpsCo8YsAAP-HfYgAAAAA:0
[  110264ms] [ERROR] Failed to load resource: the server responded with a status of 500 () @ https://usersync.gumgum.com/usersync?b=sus&i=%%esc%%%%uid%%%%escend%%akwQpcCo8YsAAP-HfQgAAAAA:0
[  110278ms] [ERROR] Failed to load resource: the server responded with a status of 500 () @ https://usersync.gumgum.com/usersync?b=sus&i=%%esc%%%%uid%%%%escend%%akwQpsCo8YsAAP-HfWYAAAAA:0
[  110728ms] [ERROR] Failed to load resource: the server responded with a status of 500 () @ https://usersync.gumgum.com/usersync?b=sus&i=%%esc%%%%uid%%%%escend%%akwQpsCo8YsAAP-HfYgAAAAA:0
[  110264ms] [ERROR] Failed to load resource: the server responded with a status of 500 () @ https://usersync.gumgum.com/usersync?b=sus&i=%%esc%%%%uid%%%%escend%%akwQpcCo8YsAAP-HfQgAAAAA:0
[  110278ms] [ERROR] Failed to load resource: the server responded with a status of 500 () @ https://usersync.gumgum.com/usersync?b=sus&i=%%esc%%%%uid%%%%escend%%akwQpsCo8YsAAP-HfWYAAAAA:0
[  110728ms] [ERROR] Failed to load resource: the server responded with a status of 500 () @ https://usersync.gumgum.com/usersync?b=sus&i=%%esc%%%%uid%%%%escend%%akwQpsCo8YsAAP-HfYgAAAAA:0
[  138899ms] [ERROR] Failed to load resource: net::ERR_SOCKET_NOT_CONNECTED @ https://googleads4.g.doubleclick.net/pcs/view?xai=AKAOjsvLyqYmRzwquCeWQnH8Iy_vMA8LngMHKykDeZjClyq2UMNtL0SwvD8piDv7t80ppDC2Dnm7agqrxmrRi_cZ2I2sZFuHZoPmPp90GV5SxaFGG-NPqZbi9Vdq60AHdXgJQGRW_yTddVv3mCE4iZ3zEsmvETyAkrwM6b3FOR_BJMlPgGAom77XNYsTKMcqh8uuJOZN0SRB5KR31OC9PLNo8MRV8UlF-z-PObpXW6fInR6wuSFd83uYbZhZD6SXHmMeWFpfQprT6xyjgBFYhaUpC8XtOt8B-08_QHUTZT1-qf2L5BOxj95uWcwopE1hwwEL1x37hGeHb2r6uQwjLV6T89ryF-ioP0beTYC8KmHvH76M_9nYxQzyNFlkb6oTAETkHzH3POvf0ED3TOyMW6A1o0LncTAs0g_iX2H2kP52kcMIo4Dmqr5k2LofloOk5Z91GoVNR5ig-K-K2IwJlbyd7tA4LeI_MPyLE-Mc0ZsFfDRbMOKgK4ZFCKzG8Z76E3RsbYSOM6MWJQF6hqWYdiRXF9B8rHSCO6o4_pg6catBBkqqfPUR_2UsivMD4En_br6wkVf-WOTMecyvQ6DlqT8-Rw-aH9lshDcg1S5BINnbM5mKro7tBCoJkWXLq6aUVPN19-7StuYPDE4nUlLbpn6cSx0xkGWaYfvVyuH5v7fReE5iDW2QIbiaczfP7zAKYr5QJWoilsSfpe_kbovgnUJrNSX2dP0LB9q4N-PFqq7-HwOR4YAFgcqJzTnMb7hFx8FNpavSzP2M16dI61qHyafXjTUbBirz3P-sJGCvQLJUBnqOfmBNNzd_5AbxLjGVkf1S5Lw1-ChVNzJENdgRUTtM7ff3XSYlAQTe0K6aSvtot6iuNebm6RnbrQm3itVJvzZmz6CGHVXI_BXIYgwWdAzQKxiaZjUjhobieLinLLY-GOPHTXUs7AZwHB8n9knAcJN7wHFTYeOMKQjzRZSQCDtFp3nFzcAutxt5LVdnBP8IsnZBJECY9gHDXdghCtE7Tkz1uW3UBQj7MrKy07hLA8xtHX6U4x0dhi1_bcAU4GZj_GROhBHIjq4Pd0npIGRM-qM-w8ab92n5Ow0Z4U12YnTEVe64TldZESatP-vDAXqLJohtXPXe-ZbPOS7p2pPca7EhjrHtBb3w4EvCa8SsvvIrPCRPabvpMopd1tTDN7IxwxxuP28rcec7U2pfG6Exdr9FNWXuSyAhqsZ8U2jz5j95rBK04o4-u1XH-Abp1MvEWzwL834wujU4TQTaK5Eo5Rk-ZGG-DlrH2OcLgydpe5Qc8aW4wrU9ZUg8DPmpTVToU_vX4OReKTxIbBKBfWwiiwQhFDsCYndT6I9yTvVPPcvso0nflEVujqCszAtFvqXdZ5Pa7WKAw6r30pk7tLpi8rCj_acNBl6I6qOE02Ena9L1TZTjLt6Es8xlB8mTQG4p55WiQVSIMqcgZFmRc3xLC_d9GUVTITm65a4XWjsSjKQYpVkV0NulNdtoIo0-qqS7H4KCXvVYn2uaFa33r6ckUK_e-64KIHwg7CoFp6T0QjykYn3LTSTi4HRYgvWtjMTidYLMhk3HVbhCQMbZ8ep-skpGSuWibS3rjpulIGw&sai=AMfl-YQEU_bFnFwRciIGfFwF68KacvSN-Hnwc_g8gF6QXAVeVNI4inBsO5Foc9wHHgdQj8DrElFoZj7aRuz-xiT0d1Rm_0MsUG6YcMGwt6pf-ITkI4Law3UzLAFtsGh6e_3OpGnpqhCPPRABS1Y7OaIWGLDY9UvopQ8BaCzgMerJvYSWFoZFo5ONmv4e5qrBHhgFLKsFduwg4T0xF8YBnv-AMWOIUDKTKbs3kIFcJK93pMpCjglqIYSk5RKe3aHpy12vlO4e_XbcmWn_QlKXyjHgGdwLUeCMusY1d63w9NT2YEEReRm0JxMTlN7DIwWv7BkEbBX35etY1zzv4125YagZUqsaF72tUrLhzUaq5tgj5KlQ5jBxBVDXROoLDSfohvHKnrsstfOwAh1sSKXhZsVIf96kpCh1mhVRnITmyhemGBzDW2eUetOKh9ITBH4S7qAnY6dd52_a1PX_kPFtV1qqTnEZNokza5KU2PMuh0l77ybpn4NpC-Qht4-L_gRudfVtEU-8MwgGfZg96FkWRh0tIM77MEeXyGqd08L6EY4pP7nr6TXKqE1TZAPqhtbSExdMFS-Qi7_miiJtyjpEBqpkRalrB3G3mUHpDtxO-nhv3qljtLeabAVdTZOnn5Khr60C3PevpM4sKg1vTRhz3o38H_EklS0clN2pQeEbpS0i5VQk5zbcojXfLEQkmaO35_zdqWCz1cYFvEhBVqOvkzig4UDha6oUKQsjOQ6dTqptN2udoCEmWPIhrd89kU-PiPSy9Ju4p21aDKxM_OIoPvkfmO_uqY5GgS24UGe4Lxq-CJp-COERr1M9h6I3NTI2X1XvZ8rxUxBi06XP8YKtK6U-VJLW0sBAdyEdhbIUMSBiKTZRIXkgyQeacmXL4Y4nvvDdkqK60uiiIuHPHyEg1kXMoYenlh_tw832PczTWxn044QmKyTLT_1zsHwFGkGv4CPDtebmeEicAUG5naspWo8EBgYdjPg-Vw6JnkIVnq9UmaOnvs_lhQ&sig=Cg0ArKJSzMV16aN9qCxoEAE&uach_m=%5BUACH%5D&pr=60:0.409492&cry=1&fbs_aeid=%5Bgw_fbsaeid%5D&urlfix=1&omid=0&rm=1&ctpt=79965&vt=11&dtpt=71672&dett=3&cstd=8284&cisv=r20260706.82422&uach=WyJtYWNPUyIsIjEyLjcuNiIsIng4NiIsIiIsIjE0OS4wLjc4MjcuMjAxIixudWxsLDAsbnVsbCwiNjQiLFtbIkdvb2dsZSBDaHJvbWUiLCIxNDkuMC43ODI3LjIwMSJdLFsiQ2hyb21pdW0iLCIxNDkuMC43ODI3LjIwMSJdLFsiTm90KUE7QnJhbmQiLCIyNC4wLjAuMCJdXSwwXQ..&arae=1&ftch=1&adurl=:0
[  142693ms] TypeError: Failed to fetch
    at Z (<anonymous>:1:36191)
    at <anonymous>:1:34478
    at <anonymous>:1:27130
    at Pc (<anonymous>:1:27027)
    at Oc (<anonymous>:1:26985)
    at <anonymous>:1:26860
    at d (<anonymous>:1:34985)
    at e (<anonymous>:1:23259)
    at HTMLIFrameElement.<anonymous> (<anonymous>:1:23638)
[   14303ms] [ERROR] Failed to load resource: net::ERR_SOCKET_NOT_CONNECTED @ https://match.sharethrough.com/sync/v1?source_id=UiRtTsXAfjmfSDAKnR1FjWsu&source_user_id=MR9OBV26-1I-763S:0
[  140811ms] [ERROR] Failed to load resource: net::ERR_SOCKET_NOT_CONNECTED @ https://match.sharethrough.com/universal/v1?gdpr=%5BGDPR%5D&gdpr_consent=%5BUSER_CONSENT%5D&supply_id=wldemn0V:0
[   60376ms] [ERROR] Failed to load resource: net::ERR_SOCKET_NOT_CONNECTED @ https://b1sync.outbrain.com/usersync/inmobi/?puid=ID5-3-289a0f86-7041-4719-8747-4e6a92ab3e77&cb=https%3A%2F%2Fsync.inmobi.com%2Fsetuid%3FbidderID%3D164%26dspUserId%3D__UID__&gdpr=0&gdpr_consent=&us_privacy=:0
[   60386ms] [ERROR] Failed to load resource: net::ERR_SOCKET_NOT_CONNECTED @ https://tracker-shr.ortb.net/sync?id=1&uid=ID5-3-289a0f86-7041-4719-8747-4e6a92ab3e77:0
[  143287ms] [ERROR] Failed to load resource: the server responded with a status of 404 (Not Found) @ https://csync.copper6.com/fbd260923f6815f04a34938c00400dd6.gif?gdpr=0&gdpr_consent=&redir=https%3A%2F%2Fs.ad.smaato.net%2Fc%2F%3FdspId%3D1248%26dspCookie%3D%5BUID%5D%26gdpr%3D0%26gdpr_consent%3D:0
[  143295ms] [ERROR] Failed to load resource: net::ERR_NAME_NOT_RESOLVED @ https://cs.lkqd.net/cs?partnerId=109&partnerUserId=e0aff73113&gdpr=0&gdpr_consent=:0
[  144882ms] [ERROR] Failed to load resource: net::ERR_SOCKET_NOT_CONNECTED @ https://visitor.us-west1.gcp.omnitagjs.com/visitor/sync?gdpr=0&gdpr_consent=&is_cookie_sync_uid=1&name=33ACROSS_cookie_sync&ttl=720&uid=69111ecd4aa13a801a1b6a93d851020c&visitor=213888308678456:0
[  144884ms] [ERROR] Failed to load resource: net::ERR_SOCKET_NOT_CONNECTED @ https://visitor.us-west1.gcp.omnitagjs.com/visitor/sync?gdpr=0&gdpr_consent=&is_cookie_sync_uid=1&name=Heroes_cookie_sync&ttl=720&uid=b11513b524b8fb6cfa1d87f3198b8359&visitor=12aa7881-5939-5fbb-8ac2-fb0d7fb10755:0
[  144895ms] [ERROR] Failed to load resource: net::ERR_SOCKET_NOT_CONNECTED @ https://visitor.us-west1.gcp.omnitagjs.com/visitor/sync?gdpr=0&gdpr_consent=&is_cookie_sync_uid=1&name=OPENWEB_VIDEO_cookie_sync&ttl=720&uid=82df52214992aaa2796cd16591db7d78&visitor=730043de-f957-43da-a3bb-2ca7c8c48712:0
[  144909ms] [ERROR] Failed to load resource: net::ERR_SOCKET_NOT_CONNECTED @ https://visitor.us-west1.gcp.omnitagjs.com/visitor/sync?gdpr=0&gdpr_consent=&is_cookie_sync_uid=1&name=OPENWEB_cookie_sync&ttl=720&uid=6d0a54c7bccb5f6ce4704ab2808c2ac6&visitor=LoS9SkucCp_ow:0
[  106521ms] [ERROR] Failed to load resource: the server responded with a status of 400 () @ https://eb2.3lift.com/getuid?gdpr=0&gdpr_consent=&redir=https%3A%2F%2Fvisitor.us-west1.gcp.omnitagjs.com%2Fvisitor%2Fsync%3Fgdpr%3D0%26gdpr_consent%3D%26is_cookie_sync_uid%3D1%26name%3DTRIPLELIFT_cookie_sync%26ttl%3D720%26uid%3D771bebe2d6221e9ca65e16ebf8d2f6f3%26visitor%3D%24UID:0
[  106558ms] [ERROR] Failed to load resource: net::ERR_NAME_NOT_RESOLVED @ https://test.com/?coppa=&gdpr=0&gdpr_consent=&gpp=&gpp_sid=&usp=1---:0
[  124067ms] [ERROR] Failed to load resource: net::ERR_SOCKET_NOT_CONNECTED @ https://visitor.us-west1.gcp.omnitagjs.com/visitor/sync?gdpr=0&gdpr_consent=&is_cookie_sync_uid=1&name=ZEMANTA_NATIVE_1_2_cookie_sync&ttl=720&uid=89d80fd15e7f2bb7930a72a9cd0d9d38&visitor=cc7c7940-95d4-44d3-89a6-3cf6da5c980b&gdpr=0:0
[  124069ms] [ERROR] Failed to load resource: net::ERR_SOCKET_NOT_CONNECTED @ https://visitor.us-west1.gcp.omnitagjs.com/visitor/sync?gdpr=0&gdpr_consent=&is_cookie_sync_uid=1&name=SMILE_WANTED_cookie_sync&ttl=720&uid=b8b40bf8d5517ea3b00b2820c8ec6161&visitor=d69ce135a58282dccd762e9b10360ce4:0
[  124073ms] [ERROR] Failed to load resource: net::ERR_SOCKET_NOT_CONNECTED @ https://visitor.us-west1.gcp.omnitagjs.com/visitor/sync?gdpr=0&gdpr_consent=&is_cookie_sync_uid=1&name=RichAudience_cookie_sync&ttl=720&uid=6cad11f14dd8976d77c11874f989f80f&usp=1---&visitor=ec4e249d-d728-4174-ad23-1zz1783367775:0
[  124118ms] [ERROR] Failed to load resource: net::ERR_SOCKET_NOT_CONNECTED @ https://visitor.us-west1.gcp.omnitagjs.com/visitor/sync?gdpr=0&gdpr_consent=&is_cookie_sync_uid=1&name=INDEX_cookie_sync&ttl=720&uid=ea200206faeb16ecc9e6bc20f18ff71c&visitor=akwQUdHM7mkANglJAfwnPQAA%266180:0
[  124148ms] [ERROR] Failed to load resource: net::ERR_SOCKET_NOT_CONNECTED @ https://visitor.us-west1.gcp.omnitagjs.com/visitor/sync?gdpr=0&gdpr_consent=&is_cookie_sync_uid=1&name=SOVRN_cookie_sync&ttl=720&uid=f31946ef3cc9a9babc9d92376f7665ec&visitor=M9SN3LZHAZ85H4FRYJ-eyF8h:0
[  124316ms] [ERROR] Failed to load resource: net::ERR_SOCKET_NOT_CONNECTED @ https://dis.criteo.com/dis/usersync.aspx?r=154&p=361&cp=nexxenortb&cu=1&url=https%3A%2F%2Fsync.1rx.io%2Fusersync3%2Fcriteodsp%2F2069.103%2F%40%40CRITEO_USERID%40%40%3Fzcc%3D0%26sspret%3D1&rndcb=7598454220:0
[  135147ms] [ERROR] Failed to load resource: net::ERR_SOCKET_NOT_CONNECTED @ https://visitor.us-west1.gcp.omnitagjs.com/visitor/sync?gdpr=0&gdpr_consent=&is_cookie_sync_uid=1&name=DBLOCK_cookie_sync&ttl=720&uid=726e82370458832fe1172100a5249d53&usp=1---&visitor=4263714055511612000V10:0
[  135263ms] [ERROR] Failed to load resource: net::ERR_SOCKET_NOT_CONNECTED @ https://visitor.us-west1.gcp.omnitagjs.com/visitor/sync?gdpr=0&gdpr_consent=&is_cookie_sync_uid=1&name=MEDIANET_cookie_sync&ttl=720&uid=45ed37d56d3d4fceb796822ed9fe8a30&usp=1---&visitor=4263714045655984000V10:0
[  135265ms] [ERROR] Failed to load resource: net::ERR_SOCKET_NOT_CONNECTED @ https://visitor.us-west1.gcp.omnitagjs.com/visitor/sync?gdpr=0&gdpr_consent=&is_cookie_sync_uid=1&name=LOOPME_cookie_sync&ttl=720&uid=143cc4b32941af96a1c55a65cd00c2aa&visitor=e1d29638-e50a-4770-ad7c-ba1af3aff15d&gdpr_consent=null&gdpr=0:0
[  135268ms] [ERROR] Failed to load resource: net::ERR_SOCKET_NOT_CONNECTED @ https://visitor.us-west1.gcp.omnitagjs.com/visitor/sync?gdpr=0&gdpr_consent=&is_cookie_sync_uid=1&name=COPPER6_APP_cookie_sync&ttl=720&uid=123285a4642e0170ed8b35a36075585&visitor=8b40d63c-9b6e-4ae4-8015-10ac1a43d577:0
[  106521ms] [ERROR] Failed to load resource: the server responded with a status of 400 () @ https://eb2.3lift.com/getuid?gdpr=0&gdpr_consent=&redir=https%3A%2F%2Fvisitor.us-west1.gcp.omnitagjs.com%2Fvisitor%2Fsync%3Fgdpr%3D0%26gdpr_consent%3D%26is_cookie_sync_uid%3D1%26name%3DTRIPLELIFT_cookie_sync%26ttl%3D720%26uid%3D771bebe2d6221e9ca65e16ebf8d2f6f3%26visitor%3D%24UID:0
[  106558ms] [ERROR] Failed to load resource: net::ERR_NAME_NOT_RESOLVED @ https://test.com/?coppa=&gdpr=0&gdpr_consent=&gpp=&gpp_sid=&usp=1---:0
[  124067ms] [ERROR] Failed to load resource: net::ERR_SOCKET_NOT_CONNECTED @ https://visitor.us-west1.gcp.omnitagjs.com/visitor/sync?gdpr=0&gdpr_consent=&is_cookie_sync_uid=1&name=ZEMANTA_NATIVE_1_2_cookie_sync&ttl=720&uid=89d80fd15e7f2bb7930a72a9cd0d9d38&visitor=cc7c7940-95d4-44d3-89a6-3cf6da5c980b&gdpr=0:0
[  124069ms] [ERROR] Failed to load resource: net::ERR_SOCKET_NOT_CONNECTED @ https://visitor.us-west1.gcp.omnitagjs.com/visitor/sync?gdpr=0&gdpr_consent=&is_cookie_sync_uid=1&name=SMILE_WANTED_cookie_sync&ttl=720&uid=b8b40bf8d5517ea3b00b2820c8ec6161&visitor=d69ce135a58282dccd762e9b10360ce4:0
[  124073ms] [ERROR] Failed to load resource: net::ERR_SOCKET_NOT_CONNECTED @ https://visitor.us-west1.gcp.omnitagjs.com/visitor/sync?gdpr=0&gdpr_consent=&is_cookie_sync_uid=1&name=RichAudience_cookie_sync&ttl=720&uid=6cad11f14dd8976d77c11874f989f80f&usp=1---&visitor=ec4e249d-d728-4174-ad23-1zz1783367775:0
[  124118ms] [ERROR] Failed to load resource: net::ERR_SOCKET_NOT_CONNECTED @ https://visitor.us-west1.gcp.omnitagjs.com/visitor/sync?gdpr=0&gdpr_consent=&is_cookie_sync_uid=1&name=INDEX_cookie_sync&ttl=720&uid=ea200206faeb16ecc9e6bc20f18ff71c&visitor=akwQUdHM7mkANglJAfwnPQAA%266180:0
[  124148ms] [ERROR] Failed to load resource: net::ERR_SOCKET_NOT_CONNECTED @ https://visitor.us-west1.gcp.omnitagjs.com/visitor/sync?gdpr=0&gdpr_consent=&is_cookie_sync_uid=1&name=SOVRN_cookie_sync&ttl=720&uid=f31946ef3cc9a9babc9d92376f7665ec&visitor=M9SN3LZHAZ85H4FRYJ-eyF8h:0
[  124316ms] [ERROR] Failed to load resource: net::ERR_SOCKET_NOT_CONNECTED @ https://dis.criteo.com/dis/usersync.aspx?r=154&p=361&cp=nexxenortb&cu=1&url=https%3A%2F%2Fsync.1rx.io%2Fusersync3%2Fcriteodsp%2F2069.103%2F%40%40CRITEO_USERID%40%40%3Fzcc%3D0%26sspret%3D1&rndcb=7598454220:0
[  135147ms] [ERROR] Failed to load resource: net::ERR_SOCKET_NOT_CONNECTED @ https://visitor.us-west1.gcp.omnitagjs.com/visitor/sync?gdpr=0&gdpr_consent=&is_cookie_sync_uid=1&name=DBLOCK_cookie_sync&ttl=720&uid=726e82370458832fe1172100a5249d53&usp=1---&visitor=4263714055511612000V10:0
[  135263ms] [ERROR] Failed to load resource: net::ERR_SOCKET_NOT_CONNECTED @ https://visitor.us-west1.gcp.omnitagjs.com/visitor/sync?gdpr=0&gdpr_consent=&is_cookie_sync_uid=1&name=MEDIANET_cookie_sync&ttl=720&uid=45ed37d56d3d4fceb796822ed9fe8a30&usp=1---&visitor=4263714045655984000V10:0
[  135265ms] [ERROR] Failed to load resource: net::ERR_SOCKET_NOT_CONNECTED @ https://visitor.us-west1.gcp.omnitagjs.com/visitor/sync?gdpr=0&gdpr_consent=&is_cookie_sync_uid=1&name=LOOPME_cookie_sync&ttl=720&uid=143cc4b32941af96a1c55a65cd00c2aa&visitor=e1d29638-e50a-4770-ad7c-ba1af3aff15d&gdpr_consent=null&gdpr=0:0
[  135268ms] [ERROR] Failed to load resource: net::ERR_SOCKET_NOT_CONNECTED @ https://visitor.us-west1.gcp.omnitagjs.com/visitor/sync?gdpr=0&gdpr_consent=&is_cookie_sync_uid=1&name=COPPER6_APP_cookie_sync&ttl=720&uid=123285a4642e0170ed8b35a36075585&visitor=8b40d63c-9b6e-4ae4-8015-10ac1a43d577:0
[   26260ms] [ERROR] Failed to load resource: net::ERR_SOCKET_NOT_CONNECTED @ https://sync.targeting.unrulymedia.com/csync/RX-9ec1288d-a6be-4e05-a575-925bfbfcec30-005?redir=https%3A%2F%2Fsync.kueezrtb.com%2Fapi%2Fcookie%3FpartnerId%3Dkueez-r1%26userId%3DRX-9ec1288d-a6be-4e05-a575-925bfbfcec30-005:0
[   96852ms] [ERROR] Failed to load resource: the server responded with a status of 404 () @ https://cs.admanmedia.com/94fd017f496d404a25fc5546f959bf2f.gif?gdpr=&gdpr_consent=&us_privacy=&redir=https%3A%2F%2Fsync.kueezrtb.com%2Fapi%2Fcookie%3FpartnerId%3Dkueez-acuity%26gdpr%3D%26gdpr_consent%3D%26us_privacy%3D%26userId%3D%5BUID%5D:0
[  113373ms] [ERROR] Failed to load resource: the server responded with a status of 404 () @ https://cs.admanmedia.com/94fd017f496d404a25fc5546f959bf2f.gif?gdpr=&gdpr_consent=&us_privacy=&redir=https%3A%2F%2Fsync.kueezrtb.com%2Fapi%2Fcookie%3FpartnerId%3Dkueez-acuity%26gdpr%3D%26gdpr_consent%3D%26us_privacy%3D%26userId%3D%5BUID%5D:0
[   44163ms] [ERROR] Failed to load resource: net::ERR_SOCKET_NOT_CONNECTED @ https://ow.pubmatic.com/setuid?bidder=amx&uid=bb372e18-e7d8-491f-9726-00e40a8d71a0&gdpr=0&us_privacy=1---:0
[  101664ms] [ERROR] Failed to load resource: net::ERR_SOCKET_NOT_CONNECTED @ https://prebid.adtarget.biz/setuid?bidder=amx&gdpr=0&gdpr_consent=&f=i&uid=bb372e18-e7d8-491f-9726-00e40a8d71a0:0
[  148018ms] [ERROR] Failed to load resource: the server responded with a status of 404 () @ https://cs.admanmedia.com/94fd017f496d404a25fc5546f959bf2f.gif?gdpr=&gdpr_consent=&us_privacy=&redir=https%3A%2F%2Fsync.kueezrtb.com%2Fapi%2Fcookie%3FpartnerId%3Dkueez-acuity%26gdpr%3D%26gdpr_consent%3D%26us_privacy%3D%26userId%3D%5BUID%5D:0
[   21885ms] [ERROR] Failed to load resource: the server responded with a status of 404 (Not Found) @ https://b1sync.zemanta.com/usersync/ogury/?gdpr=0&gdpr_consent=&cb=https%3A%2F%2Fms-cookie-sync.presage.io%2Fuser-sync%3Foutbrain_id%3D__ZUID__:0
[   42690ms] [ERROR] Failed to load resource: net::ERR_SOCKET_NOT_CONNECTED @ https://dsp-2.presage.io/sync?bidswitch_ssp_id=brave&bsw_custom_parameter=996b0401-d5c2-4c38-a61f-8ae85f5d65ed&gdpr=0&gdpr_consent=:0
[   85031ms] [ERROR] Failed to load resource: the server responded with a status of 404 (Not Found) @ https://b1sync.zemanta.com/usersync/ogury/?gdpr=0&gdpr_consent=&cb=https%3A%2F%2Fms-cookie-sync.presage.io%2Fuser-sync%3Foutbrain_id%3D__ZUID__:0
[  101321ms] [ERROR] Failed to load resource: net::ERR_SOCKET_NOT_CONNECTED @ https://dis.criteo.com/dis/usersync.aspx?r=154&p=361&cp=nexxenortb&cu=1&url=https%3A%2F%2Fsync.1rx.io%2Fusersync3%2Fcriteodsp%2F2069.106%2F%40%40CRITEO_USERID%40%40%3Fzcc%3D0%26sspret%3D1&rndcb=4214096729:0
[  112388ms] [ERROR] Failed to load resource: the server responded with a status of 404 (Not Found) @ https://b1sync.zemanta.com/usersync/ogury/?gdpr=0&gdpr_consent=&cb=https%3A%2F%2Fms-cookie-sync.presage.io%2Fuser-sync%3Foutbrain_id%3D__ZUID__:0
[  124319ms] [ERROR] Failed to load resource: net::ERR_SOCKET_NOT_CONNECTED @ https://dis.criteo.com/dis/usersync.aspx?r=154&p=361&cp=nexxenortb&cu=1&url=https%3A%2F%2Fsync.1rx.io%2Fusersync3%2Fcriteodsp%2F2069.106%2F%40%40CRITEO_USERID%40%40%3Fzcc%3D0%26sspret%3D1&rndcb=174584041:0
[  101091ms] [ERROR] Failed to load resource: net::ERR_SOCKET_NOT_CONNECTED @ https://trace.us.rtbwise.com/api/v1/cookie/sync?partner=criteo&cb=https%3a%2f%2fssp-sync.criteo.com%2fuser-sync%2fmatch%3fp%3dzNsXIl9GUmhQTkVkNk10USUyQlFBUTEyVGVPRzVXd0FYMzFlbUxuRmUxT1l3UERla3MlM0Q%26u%3d%24%7bUSER_ID%7d:0
[  133598ms] [ERROR] Failed to load resource: net::ERR_SOCKET_NOT_CONNECTED @ https://trace.us.rtbwise.com/api/v1/cookie/sync?partner=criteo&cb=https%3a%2f%2fssp-sync.criteo.com%2fuser-sync%2fmatch%3fp%3dRfP5Kl8xMldzRG9BRkNvajYzQUNsZlBqTTVQUnEzcTRnUFY2cVhpQ3BlQ2FteTN3JTNE%26u%3d%24%7bUSER_ID%7d:0
[  148884ms] [ERROR] Failed to load resource: the server responded with a status of 404 (Not Found) @ https://b1sync.zemanta.com/usersync/ogury/?gdpr=0&gdpr_consent=&cb=https%3A%2F%2Fms-cookie-sync.presage.io%2Fuser-sync%3Foutbrain_id%3D__ZUID__:0
[  110264ms] [ERROR] Failed to load resource: the server responded with a status of 500 () @ https://usersync.gumgum.com/usersync?b=sus&i=%%esc%%%%uid%%%%escend%%akwQpcCo8YsAAP-HfQgAAAAA:0
[  110278ms] [ERROR] Failed to load resource: the server responded with a status of 500 () @ https://usersync.gumgum.com/usersync?b=sus&i=%%esc%%%%uid%%%%escend%%akwQpsCo8YsAAP-HfWYAAAAA:0
[  110728ms] [ERROR] Failed to load resource: the server responded with a status of 500 () @ https://usersync.gumgum.com/usersync?b=sus&i=%%esc%%%%uid%%%%escend%%akwQpsCo8YsAAP-HfYgAAAAA:0
[  110264ms] [ERROR] Failed to load resource: the server responded with a status of 500 () @ https://usersync.gumgum.com/usersync?b=sus&i=%%esc%%%%uid%%%%escend%%akwQpcCo8YsAAP-HfQgAAAAA:0
[  110278ms] [ERROR] Failed to load resource: the server responded with a status of 500 () @ https://usersync.gumgum.com/usersync?b=sus&i=%%esc%%%%uid%%%%escend%%akwQpsCo8YsAAP-HfWYAAAAA:0
[  110728ms] [ERROR] Failed to load resource: the server responded with a status of 500 () @ https://usersync.gumgum.com/usersync?b=sus&i=%%esc%%%%uid%%%%escend%%akwQpsCo8YsAAP-HfYgAAAAA:0
[   44163ms] [ERROR] Failed to load resource: net::ERR_SOCKET_NOT_CONNECTED @ https://ow.pubmatic.com/setuid?bidder=amx&uid=bb372e18-e7d8-491f-9726-00e40a8d71a0&gdpr=0&us_privacy=1---:0
[  101664ms] [ERROR] Failed to load resource: net::ERR_SOCKET_NOT_CONNECTED @ https://prebid.adtarget.biz/setuid?bidder=amx&gdpr=0&gdpr_consent=&f=i&uid=bb372e18-e7d8-491f-9726-00e40a8d71a0:0
[   26260ms] [ERROR] Failed to load resource: net::ERR_SOCKET_NOT_CONNECTED @ https://sync.targeting.unrulymedia.com/csync/RX-9ec1288d-a6be-4e05-a575-925bfbfcec30-005?redir=https%3A%2F%2Fsync.kueezrtb.com%2Fapi%2Fcookie%3FpartnerId%3Dkueez-r1%26userId%3DRX-9ec1288d-a6be-4e05-a575-925bfbfcec30-005:0
[   96852ms] [ERROR] Failed to load resource: the server responded with a status of 404 () @ https://cs.admanmedia.com/94fd017f496d404a25fc5546f959bf2f.gif?gdpr=&gdpr_consent=&us_privacy=&redir=https%3A%2F%2Fsync.kueezrtb.com%2Fapi%2Fcookie%3FpartnerId%3Dkueez-acuity%26gdpr%3D%26gdpr_consent%3D%26us_privacy%3D%26userId%3D%5BUID%5D:0
[  113373ms] [ERROR] Failed to load resource: the server responded with a status of 404 () @ https://cs.admanmedia.com/94fd017f496d404a25fc5546f959bf2f.gif?gdpr=&gdpr_consent=&us_privacy=&redir=https%3A%2F%2Fsync.kueezrtb.com%2Fapi%2Fcookie%3FpartnerId%3Dkueez-acuity%26gdpr%3D%26gdpr_consent%3D%26us_privacy%3D%26userId%3D%5BUID%5D:0
[  148018ms] [ERROR] Failed to load resource: the server responded with a status of 404 () @ https://cs.admanmedia.com/94fd017f496d404a25fc5546f959bf2f.gif?gdpr=&gdpr_consent=&us_privacy=&redir=https%3A%2F%2Fsync.kueezrtb.com%2Fapi%2Fcookie%3FpartnerId%3Dkueez-acuity%26gdpr%3D%26gdpr_consent%3D%26us_privacy%3D%26userId%3D%5BUID%5D:0
[   43867ms] [ERROR] Failed to load resource: net::ERR_SOCKET_NOT_CONNECTED @ https://ssp-sync.criteo.com/user-sync/redirect?profile=342&gdpr_consent=&gdpr=0&gpp=&gpp_sid=&redir=https%3A%2F%2Fsync.richaudience.com%2F0c90fc1c188056486dbb210f25023b8a%2F%3Fgdpr%3D0%26euconsent%3D%26uid%3D${CRITEO_USER_ID}:0
[   44717ms] [ERROR] Failed to load resource: net::ERR_SOCKET_NOT_CONNECTED @ https://pixel.tapad.com/idsync/ex/push?partner_id=2922&partner_url=https%3A%2F%2Fid5-sync.com%2Fc%2F286%2F108%2F8%2F2.gif%3Fpuid%3D%24%7BTA_DEVICE_ID%7D%26gdpr%3D0%26gdpr_consent%3D&gdpr=0&gdpr_consent=:0
[  101322ms] [ERROR] Failed to load resource: net::ERR_SOCKET_NOT_CONNECTED @ https://dis.criteo.com/dis/usersync.aspx?r=154&p=361&cp=nexxenortb&cu=1&url=https%3A%2F%2Fsync.1rx.io%2Fusersync3%2Fcriteodsp%2F2064%2F%40%40CRITEO_USERID%40%40%3Fzcc%3D0%26sspret%3D1&rndcb=140418655:0
[  124320ms] [ERROR] Failed to load resource: net::ERR_SOCKET_NOT_CONNECTED @ https://dis.criteo.com/dis/usersync.aspx?r=154&p=361&cp=nexxenortb&cu=1&url=https%3A%2F%2Fsync.1rx.io%2Fusersync3%2Fcriteodsp%2F2064%2F%40%40CRITEO_USERID%40%40%3Fzcc%3D0%26sspret%3D1&rndcb=5615518715:0
[  101091ms] [ERROR] Failed to load resource: net::ERR_SOCKET_NOT_CONNECTED @ https://trace.us.rtbwise.com/api/v1/cookie/sync?partner=criteo&cb=https%3a%2f%2fssp-sync.criteo.com%2fuser-sync%2fmatch%3fp%3dzNsXIl9GUmhQTkVkNk10USUyQlFBUTEyVGVPRzVXd0FYMzFlbUxuRmUxT1l3UERla3MlM0Q%26u%3d%24%7bUSER_ID%7d:0
[  133598ms] [ERROR] Failed to load resource: net::ERR_SOCKET_NOT_CONNECTED @ https://trace.us.rtbwise.com/api/v1/cookie/sync?partner=criteo&cb=https%3a%2f%2fssp-sync.criteo.com%2fuser-sync%2fmatch%3fp%3dRfP5Kl8xMldzRG9BRkNvajYzQUNsZlBqTTVQUnEzcTRnUFY2cVhpQ3BlQ2FteTN3JTNE%26u%3d%24%7bUSER_ID%7d:0
[   21885ms] [ERROR] Failed to load resource: the server responded with a status of 404 (Not Found) @ https://b1sync.zemanta.com/usersync/ogury/?gdpr=0&gdpr_consent=&cb=https%3A%2F%2Fms-cookie-sync.presage.io%2Fuser-sync%3Foutbrain_id%3D__ZUID__:0
[   42690ms] [ERROR] Failed to load resource: net::ERR_SOCKET_NOT_CONNECTED @ https://dsp-2.presage.io/sync?bidswitch_ssp_id=brave&bsw_custom_parameter=996b0401-d5c2-4c38-a61f-8ae85f5d65ed&gdpr=0&gdpr_consent=:0
[   85031ms] [ERROR] Failed to load resource: the server responded with a status of 404 (Not Found) @ https://b1sync.zemanta.com/usersync/ogury/?gdpr=0&gdpr_consent=&cb=https%3A%2F%2Fms-cookie-sync.presage.io%2Fuser-sync%3Foutbrain_id%3D__ZUID__:0
[  101321ms] [ERROR] Failed to load resource: net::ERR_SOCKET_NOT_CONNECTED @ https://dis.criteo.com/dis/usersync.aspx?r=154&p=361&cp=nexxenortb&cu=1&url=https%3A%2F%2Fsync.1rx.io%2Fusersync3%2Fcriteodsp%2F2069.106%2F%40%40CRITEO_USERID%40%40%3Fzcc%3D0%26sspret%3D1&rndcb=4214096729:0
[  112388ms] [ERROR] Failed to load resource: the server responded with a status of 404 (Not Found) @ https://b1sync.zemanta.com/usersync/ogury/?gdpr=0&gdpr_consent=&cb=https%3A%2F%2Fms-cookie-sync.presage.io%2Fuser-sync%3Foutbrain_id%3D__ZUID__:0
[  124319ms] [ERROR] Failed to load resource: net::ERR_SOCKET_NOT_CONNECTED @ https://dis.criteo.com/dis/usersync.aspx?r=154&p=361&cp=nexxenortb&cu=1&url=https%3A%2F%2Fsync.1rx.io%2Fusersync3%2Fcriteodsp%2F2069.106%2F%40%40CRITEO_USERID%40%40%3Fzcc%3D0%26sspret%3D1&rndcb=174584041:0
[  148884ms] [ERROR] Failed to load resource: the server responded with a status of 404 (Not Found) @ https://b1sync.zemanta.com/usersync/ogury/?gdpr=0&gdpr_consent=&cb=https%3A%2F%2Fms-cookie-sync.presage.io%2Fuser-sync%3Foutbrain_id%3D__ZUID__:0
[  151209ms] [ERROR] Failed to load resource: the server responded with a status of 404 (Not Found) @ https://b1sync.zemanta.com/usersync/ogury/?gdpr=0&gdpr_consent=&cb=https%3A%2F%2Fms-cookie-sync.presage.io%2Fuser-sync%3Foutbrain_id%3D__ZUID__:0
[   14303ms] [ERROR] Failed to load resource: net::ERR_SOCKET_NOT_CONNECTED @ https://match.sharethrough.com/sync/v1?source_id=UiRtTsXAfjmfSDAKnR1FjWsu&source_user_id=MR9OBV26-1I-763S:0
[   50288ms] [ERROR] Failed to load resource: net::ERR_SOCKET_NOT_CONNECTED @ https://simage2.pubmatic.com/AdServer/Pug?vcode=bz0yJnR5cGU9MSZjb2RlPTI4NDkmdGw9MTI5NjAw&piggybackCookie=a5f9791e-7a3a-4f47-8301-bca5683dd762&gdpr=0&gdpr_consent=:0
[   50288ms] [ERROR] Failed to load resource: net::ERR_SOCKET_NOT_CONNECTED @ https://pixel.onaudience.com/?partner=214&mapped=C3298E6A-FDDD-4476-B791-E393289B5F10&gdpr=0&gdpr_consent=&us_privacy=1---&gpp=&gpp_sid=:0
[   50288ms] [ERROR] Failed to load resource: net::ERR_SOCKET_NOT_CONNECTED @ https://pippio.com/api/sync?pid=5324&it=1&iv=ba685f52e8aa853b7539962bd4dec1b670ced71b89f814b833f79064a0dbd985791426b5417dce21&_=2:0
[   50289ms] [ERROR] Failed to load resource: net::ERR_SOCKET_NOT_CONNECTED @ https://pixel.tapad.com/idsync/ex/receive?partner_id=3371&partner_device_id=C3298E6A-FDDD-4476-B791-E393289B5F10:0
[   50535ms] [ERROR] Failed to load resource: net::ERR_SOCKET_NOT_CONNECTED @ https://simage4.pubmatic.com/AdServer/SPug?partnerID=161102&gdpr=0&gdpr_consent=&us_privacy=1---&gpp=&gpp_sid=:0
[   81749ms] [ERROR] Failed to load resource: net::ERR_SOCKET_NOT_CONNECTED @ https://dis.criteo.com/dis/usersync.aspx?r=3&p=4&cp=pubmaticUS&cu=1&gdpr=0&gdpr_consent=&us_privacy=1---&gpp=&gpp_sid=&url=https%3A%2F%2Fsimage4.pubmatic.com%2FAdServer%2FSPug%3FpartnerID%3D173010%26test%3Dctest%26partnerUID%3Duid%3A%40%40CRITEO_USERID%40%40:0
[   87820ms] [ERROR] Failed to load resource: net::ERR_SOCKET_NOT_CONNECTED @ https://d.turn.com/r/dd/id/L2NzaWQvMS9jaWQvMjg1MjQ0NjQvdC8w/url/https%3A%2F%2Fsu.semasio.net%2Fsync%2F1%2F9732522%3FsExtCookieId%3D%24!%7BTURN_UUID%7D%26sInitiator%3Dinternal&gdpr=0&gdpr_consent=:0
[  116172ms] [ERROR] Failed to load resource: net::ERR_SOCKET_NOT_CONNECTED @ https://p.alcmpn.com/em/173/110/2360.gif?gid=e10adc68eccff721d6d330282edd6324:0
[  152276ms] [ERROR] Failed to load resource: the server responded with a status of 404 () @ https://cs.admanmedia.com/94fd017f496d404a25fc5546f959bf2f.gif?gdpr=&gdpr_consent=&us_privacy=&redir=https%3A%2F%2Fsync.kueezrtb.com%2Fapi%2Fcookie%3FpartnerId%3Dkueez-acuity%26gdpr%3D%26gdpr_consent%3D%26us_privacy%3D%26userId%3D%5BUID%5D:0
[   20501ms] [ERROR] Failed to load resource: net::ERR_SOCKET_NOT_CONNECTED @ https://csync.loopme.me/?pubid=11537&gdpr=${GDPR}&gdpr_consent=${GDPR_CONSENT_109}&redirect=https%3A%2F%2Fcm.g.doubleclick.net%2Fpixel%3Fgoogle_nid%3Dloopme_eb_%26google_hm%3D{viewer_token}&google_gid=CAESENIasOELs1nsGH7Uiw38rxM&google_cver=1&google_push=AXcoOmR-YEiYEs2Eu6H4a0iU8G52-uIddi3AX5yGaJFEkfyPgwXP2dqaCZRVgariPZbLl1HFnRLy9SYrQ5JeiD0Z8rjnspppbMgCgAGe64t--QikfJcfaqYxEw2CNvgqjA8h9z6OTsjESwXUJpM8B4Wd44R8:0
[   20503ms] [ERROR] Failed to load resource: net::ERR_SOCKET_NOT_CONNECTED @ https://csync.loopme.me/?pubid=11537&gdpr=${GDPR}&gdpr_consent=${GDPR_CONSENT_109}&redirect=https%3A%2F%2Fcm.g.doubleclick.net%2Fpixel%3Fgoogle_nid%3Dloopme_eb_%26google_hm%3D{viewer_token}&google_gid=CAESENIasOELs1nsGH7Uiw38rxM&google_cver=1&google_push=AXcoOmSRuoh-o38PnWW8yWdXnrCyDtZk-6ohpha0x6xv_2ZPfe0AxjQuL0HS1fENsNxlRH2fb2Wei_SMjMDfTTJobX7yn-b-G6lv_3yEF1jU3EOYymchmf9QxME2dbSZBEYc6nI1JwapB29qZK-jeu1OeBx0tA:0
[   26257ms] [ERROR] Failed to load resource: net::ERR_SOCKET_NOT_CONNECTED @ https://sync.targeting.unrulymedia.com/csync/RX-9ec1288d-a6be-4e05-a575-925bfbfcec30-005?redir=https%3A%2F%2Fcm.g.doubleclick.net%2Fpixel%3Fgoogle_nid%3Dr1%26google_push%3DAXcoOmRNlE-vVpX33yR7zzgBGCeYPM9q5JaB-BTpkNrvbWQWEJKvVEcbYIRXgqE7Xe-VHNV8T6mJ6Bcln217WNriiFIRlGV9TtG5F1lvDcV8spKI9QkyMb_oUNan9Z_Us67f_kYEACTtcmemNYAb5AhYOfyY%26google_hm%3DBZ7BKI2mvk4FpXWSW_v87DA:0
[  123792ms] [ERROR] Failed to load resource: net::ERR_SOCKET_NOT_CONNECTED @ https://googleads4.g.doubleclick.net/pcs/view?xai=AKAOjssk_1C4jKYWJP_B-ioVwulHVp1By1h9g_l5PfotCm9p3TzzJUFY_BPWx31XWRCg0YRu6NX4dbfLhc2t2soqnBgDn3ipfC_48F2dIL2aS8gcotjLRfIu1U_4d8SXC4yZhI7cMBlaUMEo5QiK3QuutFBQ-ngRBdJVkPPX7WFHKQh_zaKNHlVdrGGWUtfESo7DmHRmh_akWVGZyQS1foaztLEnVokSGMBNwzJ6vuDNY8P2Ifa7caXA_ZAGX_PVeyF-KVMQ&sai=AMfl-YQjzpDQB6ykD8vscNhW0tsoMBn2UtqTReMUAARgZFTFxqlT0SpzC0WAESBRMOWg8h9nVdlz7q8APRN_6WwCpwNLpfq3Kj9iCslQVF4l3mq-w49q7TXgmgJEXkmhHcL0swj9ub8f1fU2ZZOTtMRJZ7ZhmuPpg7XW4du5TlQp5R8tythheiD6d2BrWmEpy00YHV6vhcFSTrs6f7DnL3tH_-DQBNjg2W0y3yhc7pQRJng-xv2CNDQR6KZAtlCloqlzIJS2TMC-d34D9mMl5_qQJglycatcbSnhSNcK5t5BFV6CrbYqO9CwzRo9mCsiSI5BtHT4zaX7F2aGABuHNSVL_pkDTN-Q4rYZxjU6z128G5I7dG_sAzYwtZVOQkStARMw43QsZooMqKyaE4dgHlipPVWpB2b5E6OJ9vgnUtL50aDlSgGXivtWtkuOr7OrHmCd3vrmwLZ2kAdVOVBc0z7HGw&sig=Cg0ArKJSzIqBoXxRL3LQEAE&uach_m=%5BUACH%5D&cry=1&fbs_aeid=%5Bgw_fbsaeid%5D&urlfix=1&omid=0&rm=1&ctpt=534&cbvp=1&cstd=517&cisv=r20260701.46721&uach=WyJtYWNPUyIsIjEyLjcuNiIsIng4NiIsIiIsIjE0OS4wLjc4MjcuMjAxIixudWxsLDAsbnVsbCwiNjQiLFtbIkdvb2dsZSBDaHJvbWUiLCIxNDkuMC43ODI3LjIwMSJdLFsiQ2hyb21pdW0iLCIxNDkuMC43ODI3LjIwMSJdLFsiTm90KUE7QnJhbmQiLCIyNC4wLjAuMCJdXSwwXQ..&arae=1&ftch=1&adurl=:0
[   29349ms] [ERROR] Failed to load resource: net::ERR_NAME_NOT_RESOLVED @ https://cs.iqzone.com/6f0476ca45e1d6b67e3ee8d57532a022.gif?redir=https%3A%2F%2Fsync.cootlogix.com%2Fapi%2Fcookie%3FpartnerId%3Diqzone%26gdpr%3D0%26gdpr_consent%3D%26us_privacy%3D%26userId%3D%5BUID%5D&gdpr=0&gdpr_consent=&ccpa=:0
[   81743ms] [ERROR] Failed to load resource: net::ERR_NAME_NOT_RESOLVED @ https://cs.iqzone.com/6f0476ca45e1d6b67e3ee8d57532a022.gif?redir=https%3A%2F%2Fsync.cootlogix.com%2Fapi%2Fcookie%3FpartnerId%3Diqzone%26gdpr%3D%26gdpr_consent%3D%26us_privacy%3D%26userId%3D%5BUID%5D&gdpr=&gdpr_consent=&ccpa=:0
[  110803ms] [ERROR] Failed to load resource: net::ERR_NAME_NOT_RESOLVED @ https://cs.iqzone.com/6f0476ca45e1d6b67e3ee8d57532a022.gif?redir=https%3A%2F%2Fsync.cootlogix.com%2Fapi%2Fcookie%3FpartnerId%3Diqzone%26gdpr%3D%26gdpr_consent%3D%26us_privacy%3D%26userId%3D%5BUID%5D&gdpr=&gdpr_consent=&ccpa=:0
[  111337ms] [ERROR] Failed to load resource: net::ERR_NAME_NOT_RESOLVED @ https://cs.iqzone.com/6f0476ca45e1d6b67e3ee8d57532a022.gif?redir=https%3A%2F%2Fsync.cootlogix.com%2Fapi%2Fcookie%3FpartnerId%3Diqzone%26gdpr%3D%26gdpr_consent%3D%26us_privacy%3D%26userId%3D%5BUID%5D&gdpr=&gdpr_consent=&ccpa=:0
[  125925ms] [ERROR] Failed to load resource: net::ERR_NAME_NOT_RESOLVED @ https://cs.iqzone.com/6f0476ca45e1d6b67e3ee8d57532a022.gif?redir=https%3A%2F%2Fsync.cootlogix.com%2Fapi%2Fcookie%3FpartnerId%3Diqzone%26gdpr%3D%26gdpr_consent%3D%26us_privacy%3D%26userId%3D%5BUID%5D&gdpr=&gdpr_consent=&ccpa=:0
[  126101ms] [ERROR] Failed to load resource: net::ERR_NAME_NOT_RESOLVED @ https://cs.iqzone.com/6f0476ca45e1d6b67e3ee8d57532a022.gif?redir=https%3A%2F%2Fsync.cootlogix.com%2Fapi%2Fcookie%3FpartnerId%3Diqzone%26gdpr%3D%26gdpr_consent%3D%26us_privacy%3D%26userId%3D%5BUID%5D&gdpr=&gdpr_consent=&ccpa=:0
[  128511ms] [ERROR] Failed to load resource: the server responded with a status of 404 (Not Found) @ https://us4.shb-sync.com/a760a5a7-e35e-49b8-9f5e-723455346741.gif?puid=4b2de43f-8800-11cc-587d-8f88763783f7&gdpr=&gdpr_consent=ccpa=:0
[  128591ms] [ERROR] Failed to load resource: the server responded with a status of 404 (Not Found) @ https://us4.shb-sync.com/a760a5a7-e35e-49b8-9f5e-723455346741.gif?puid=4b2de43f-8800-11cc-587d-8f88763783f7&gdpr=&gdpr_consent=ccpa=:0
[  128777ms] [ERROR] Failed to load resource: the server responded with a status of 404 (Not Found) @ https://us4.shb-sync.com/a760a5a7-e35e-49b8-9f5e-723455346741.gif?puid=4b2de43f-8800-11cc-587d-8f88763783f7&gdpr=&gdpr_consent=ccpa=:0
[  128857ms] [ERROR] Failed to load resource: the server responded with a status of 404 (Not Found) @ https://us4.shb-sync.com/a760a5a7-e35e-49b8-9f5e-723455346741.gif?puid=4b2de43f-8800-11cc-587d-8f88763783f7&gdpr=&gdpr_consent=ccpa=:0
[  156845ms] [ERROR] Failed to load resource: net::ERR_NAME_NOT_RESOLVED @ https://cs.iqzone.com/6f0476ca45e1d6b67e3ee8d57532a022.gif?redir=https%3A%2F%2Fsync.cootlogix.com%2Fapi%2Fcookie%3FpartnerId%3Diqzone%26gdpr%3D%26gdpr_consent%3D%26us_privacy%3D%26userId%3D%5BUID%5D&gdpr=&gdpr_consent=&ccpa=:0
[  156990ms] [ERROR] Failed to load resource: the server responded with a status of 404 (Not Found) @ https://us4.shb-sync.com/a760a5a7-e35e-49b8-9f5e-723455346741.gif?puid=4b2de43f-8800-11cc-587d-8f88763783f7&gdpr=&gdpr_consent=ccpa=:0
[   29349ms] [ERROR] Failed to load resource: net::ERR_NAME_NOT_RESOLVED @ https://cs.iqzone.com/6f0476ca45e1d6b67e3ee8d57532a022.gif?redir=https%3A%2F%2Fsync.cootlogix.com%2Fapi%2Fcookie%3FpartnerId%3Diqzone%26gdpr%3D0%26gdpr_consent%3D%26us_privacy%3D%26userId%3D%5BUID%5D&gdpr=0&gdpr_consent=&ccpa=:0
[   81743ms] [ERROR] Failed to load resource: net::ERR_NAME_NOT_RESOLVED @ https://cs.iqzone.com/6f0476ca45e1d6b67e3ee8d57532a022.gif?redir=https%3A%2F%2Fsync.cootlogix.com%2Fapi%2Fcookie%3FpartnerId%3Diqzone%26gdpr%3D%26gdpr_consent%3D%26us_privacy%3D%26userId%3D%5BUID%5D&gdpr=&gdpr_consent=&ccpa=:0
[  110803ms] [ERROR] Failed to load resource: net::ERR_NAME_NOT_RESOLVED @ https://cs.iqzone.com/6f0476ca45e1d6b67e3ee8d57532a022.gif?redir=https%3A%2F%2Fsync.cootlogix.com%2Fapi%2Fcookie%3FpartnerId%3Diqzone%26gdpr%3D%26gdpr_consent%3D%26us_privacy%3D%26userId%3D%5BUID%5D&gdpr=&gdpr_consent=&ccpa=:0
[  111337ms] [ERROR] Failed to load resource: net::ERR_NAME_NOT_RESOLVED @ https://cs.iqzone.com/6f0476ca45e1d6b67e3ee8d57532a022.gif?redir=https%3A%2F%2Fsync.cootlogix.com%2Fapi%2Fcookie%3FpartnerId%3Diqzone%26gdpr%3D%26gdpr_consent%3D%26us_privacy%3D%26userId%3D%5BUID%5D&gdpr=&gdpr_consent=&ccpa=:0
[  125925ms] [ERROR] Failed to load resource: net::ERR_NAME_NOT_RESOLVED @ https://cs.iqzone.com/6f0476ca45e1d6b67e3ee8d57532a022.gif?redir=https%3A%2F%2Fsync.cootlogix.com%2Fapi%2Fcookie%3FpartnerId%3Diqzone%26gdpr%3D%26gdpr_consent%3D%26us_privacy%3D%26userId%3D%5BUID%5D&gdpr=&gdpr_consent=&ccpa=:0
[  126101ms] [ERROR] Failed to load resource: net::ERR_NAME_NOT_RESOLVED @ https://cs.iqzone.com/6f0476ca45e1d6b67e3ee8d57532a022.gif?redir=https%3A%2F%2Fsync.cootlogix.com%2Fapi%2Fcookie%3FpartnerId%3Diqzone%26gdpr%3D%26gdpr_consent%3D%26us_privacy%3D%26userId%3D%5BUID%5D&gdpr=&gdpr_consent=&ccpa=:0
[  128511ms] [ERROR] Failed to load resource: the server responded with a status of 404 (Not Found) @ https://us4.shb-sync.com/a760a5a7-e35e-49b8-9f5e-723455346741.gif?puid=4b2de43f-8800-11cc-587d-8f88763783f7&gdpr=&gdpr_consent=ccpa=:0
[  128591ms] [ERROR] Failed to load resource: the server responded with a status of 404 (Not Found) @ https://us4.shb-sync.com/a760a5a7-e35e-49b8-9f5e-723455346741.gif?puid=4b2de43f-8800-11cc-587d-8f88763783f7&gdpr=&gdpr_consent=ccpa=:0
[  128777ms] [ERROR] Failed to load resource: the server responded with a status of 404 (Not Found) @ https://us4.shb-sync.com/a760a5a7-e35e-49b8-9f5e-723455346741.gif?puid=4b2de43f-8800-11cc-587d-8f88763783f7&gdpr=&gdpr_consent=ccpa=:0
[  128857ms] [ERROR] Failed to load resource: the server responded with a status of 404 (Not Found) @ https://us4.shb-sync.com/a760a5a7-e35e-49b8-9f5e-723455346741.gif?puid=4b2de43f-8800-11cc-587d-8f88763783f7&gdpr=&gdpr_consent=ccpa=:0
[  156845ms] [ERROR] Failed to load resource: net::ERR_NAME_NOT_RESOLVED @ https://cs.iqzone.com/6f0476ca45e1d6b67e3ee8d57532a022.gif?redir=https%3A%2F%2Fsync.cootlogix.com%2Fapi%2Fcookie%3FpartnerId%3Diqzone%26gdpr%3D%26gdpr_consent%3D%26us_privacy%3D%26userId%3D%5BUID%5D&gdpr=&gdpr_consent=&ccpa=:0
[  156990ms] [ERROR] Failed to load resource: the server responded with a status of 404 (Not Found) @ https://us4.shb-sync.com/a760a5a7-e35e-49b8-9f5e-723455346741.gif?puid=4b2de43f-8800-11cc-587d-8f88763783f7&gdpr=&gdpr_consent=ccpa=:0
[   29349ms] [ERROR] Failed to load resource: net::ERR_NAME_NOT_RESOLVED @ https://cs.iqzone.com/6f0476ca45e1d6b67e3ee8d57532a022.gif?redir=https%3A%2F%2Fsync.cootlogix.com%2Fapi%2Fcookie%3FpartnerId%3Diqzone%26gdpr%3D0%26gdpr_consent%3D%26us_privacy%3D%26userId%3D%5BUID%5D&gdpr=0&gdpr_consent=&ccpa=:0
[   81743ms] [ERROR] Failed to load resource: net::ERR_NAME_NOT_RESOLVED @ https://cs.iqzone.com/6f0476ca45e1d6b67e3ee8d57532a022.gif?redir=https%3A%2F%2Fsync.cootlogix.com%2Fapi%2Fcookie%3FpartnerId%3Diqzone%26gdpr%3D%26gdpr_consent%3D%26us_privacy%3D%26userId%3D%5BUID%5D&gdpr=&gdpr_consent=&ccpa=:0
[  110803ms] [ERROR] Failed to load resource: net::ERR_NAME_NOT_RESOLVED @ https://cs.iqzone.com/6f0476ca45e1d6b67e3ee8d57532a022.gif?redir=https%3A%2F%2Fsync.cootlogix.com%2Fapi%2Fcookie%3FpartnerId%3Diqzone%26gdpr%3D%26gdpr_consent%3D%26us_privacy%3D%26userId%3D%5BUID%5D&gdpr=&gdpr_consent=&ccpa=:0
[  111337ms] [ERROR] Failed to load resource: net::ERR_NAME_NOT_RESOLVED @ https://cs.iqzone.com/6f0476ca45e1d6b67e3ee8d57532a022.gif?redir=https%3A%2F%2Fsync.cootlogix.com%2Fapi%2Fcookie%3FpartnerId%3Diqzone%26gdpr%3D%26gdpr_consent%3D%26us_privacy%3D%26userId%3D%5BUID%5D&gdpr=&gdpr_consent=&ccpa=:0
[  125925ms] [ERROR] Failed to load resource: net::ERR_NAME_NOT_RESOLVED @ https://cs.iqzone.com/6f0476ca45e1d6b67e3ee8d57532a022.gif?redir=https%3A%2F%2Fsync.cootlogix.com%2Fapi%2Fcookie%3FpartnerId%3Diqzone%26gdpr%3D%26gdpr_consent%3D%26us_privacy%3D%26userId%3D%5BUID%5D&gdpr=&gdpr_consent=&ccpa=:0
[  126101ms] [ERROR] Failed to load resource: net::ERR_NAME_NOT_RESOLVED @ https://cs.iqzone.com/6f0476ca45e1d6b67e3ee8d57532a022.gif?redir=https%3A%2F%2Fsync.cootlogix.com%2Fapi%2Fcookie%3FpartnerId%3Diqzone%26gdpr%3D%26gdpr_consent%3D%26us_privacy%3D%26userId%3D%5BUID%5D&gdpr=&gdpr_consent=&ccpa=:0
[  128511ms] [ERROR] Failed to load resource: the server responded with a status of 404 (Not Found) @ https://us4.shb-sync.com/a760a5a7-e35e-49b8-9f5e-723455346741.gif?puid=4b2de43f-8800-11cc-587d-8f88763783f7&gdpr=&gdpr_consent=ccpa=:0
[  128591ms] [ERROR] Failed to load resource: the server responded with a status of 404 (Not Found) @ https://us4.shb-sync.com/a760a5a7-e35e-49b8-9f5e-723455346741.gif?puid=4b2de43f-8800-11cc-587d-8f88763783f7&gdpr=&gdpr_consent=ccpa=:0
[  128777ms] [ERROR] Failed to load resource: the server responded with a status of 404 (Not Found) @ https://us4.shb-sync.com/a760a5a7-e35e-49b8-9f5e-723455346741.gif?puid=4b2de43f-8800-11cc-587d-8f88763783f7&gdpr=&gdpr_consent=ccpa=:0
[  128857ms] [ERROR] Failed to load resource: the server responded with a status of 404 (Not Found) @ https://us4.shb-sync.com/a760a5a7-e35e-49b8-9f5e-723455346741.gif?puid=4b2de43f-8800-11cc-587d-8f88763783f7&gdpr=&gdpr_consent=ccpa=:0
[  156845ms] [ERROR] Failed to load resource: net::ERR_NAME_NOT_RESOLVED @ https://cs.iqzone.com/6f0476ca45e1d6b67e3ee8d57532a022.gif?redir=https%3A%2F%2Fsync.cootlogix.com%2Fapi%2Fcookie%3FpartnerId%3Diqzone%26gdpr%3D%26gdpr_consent%3D%26us_privacy%3D%26userId%3D%5BUID%5D&gdpr=&gdpr_consent=&ccpa=:0
[  156990ms] [ERROR] Failed to load resource: the server responded with a status of 404 (Not Found) @ https://us4.shb-sync.com/a760a5a7-e35e-49b8-9f5e-723455346741.gif?puid=4b2de43f-8800-11cc-587d-8f88763783f7&gdpr=&gdpr_consent=ccpa=:0
[   29349ms] [ERROR] Failed to load resource: net::ERR_NAME_NOT_RESOLVED @ https://cs.iqzone.com/6f0476ca45e1d6b67e3ee8d57532a022.gif?redir=https%3A%2F%2Fsync.cootlogix.com%2Fapi%2Fcookie%3FpartnerId%3Diqzone%26gdpr%3D0%26gdpr_consent%3D%26us_privacy%3D%26userId%3D%5BUID%5D&gdpr=0&gdpr_consent=&ccpa=:0
[   81743ms] [ERROR] Failed to load resource: net::ERR_NAME_NOT_RESOLVED @ https://cs.iqzone.com/6f0476ca45e1d6b67e3ee8d57532a022.gif?redir=https%3A%2F%2Fsync.cootlogix.com%2Fapi%2Fcookie%3FpartnerId%3Diqzone%26gdpr%3D%26gdpr_consent%3D%26us_privacy%3D%26userId%3D%5BUID%5D&gdpr=&gdpr_consent=&ccpa=:0
[  110803ms] [ERROR] Failed to load resource: net::ERR_NAME_NOT_RESOLVED @ https://cs.iqzone.com/6f0476ca45e1d6b67e3ee8d57532a022.gif?redir=https%3A%2F%2Fsync.cootlogix.com%2Fapi%2Fcookie%3FpartnerId%3Diqzone%26gdpr%3D%26gdpr_consent%3D%26us_privacy%3D%26userId%3D%5BUID%5D&gdpr=&gdpr_consent=&ccpa=:0
[  111337ms] [ERROR] Failed to load resource: net::ERR_NAME_NOT_RESOLVED @ https://cs.iqzone.com/6f0476ca45e1d6b67e3ee8d57532a022.gif?redir=https%3A%2F%2Fsync.cootlogix.com%2Fapi%2Fcookie%3FpartnerId%3Diqzone%26gdpr%3D%26gdpr_consent%3D%26us_privacy%3D%26userId%3D%5BUID%5D&gdpr=&gdpr_consent=&ccpa=:0
[  125925ms] [ERROR] Failed to load resource: net::ERR_NAME_NOT_RESOLVED @ https://cs.iqzone.com/6f0476ca45e1d6b67e3ee8d57532a022.gif?redir=https%3A%2F%2Fsync.cootlogix.com%2Fapi%2Fcookie%3FpartnerId%3Diqzone%26gdpr%3D%26gdpr_consent%3D%26us_privacy%3D%26userId%3D%5BUID%5D&gdpr=&gdpr_consent=&ccpa=:0
[  126101ms] [ERROR] Failed to load resource: net::ERR_NAME_NOT_RESOLVED @ https://cs.iqzone.com/6f0476ca45e1d6b67e3ee8d57532a022.gif?redir=https%3A%2F%2Fsync.cootlogix.com%2Fapi%2Fcookie%3FpartnerId%3Diqzone%26gdpr%3D%26gdpr_consent%3D%26us_privacy%3D%26userId%3D%5BUID%5D&gdpr=&gdpr_consent=&ccpa=:0
[  128511ms] [ERROR] Failed to load resource: the server responded with a status of 404 (Not Found) @ https://us4.shb-sync.com/a760a5a7-e35e-49b8-9f5e-723455346741.gif?puid=4b2de43f-8800-11cc-587d-8f88763783f7&gdpr=&gdpr_consent=ccpa=:0
[  128591ms] [ERROR] Failed to load resource: the server responded with a status of 404 (Not Found) @ https://us4.shb-sync.com/a760a5a7-e35e-49b8-9f5e-723455346741.gif?puid=4b2de43f-8800-11cc-587d-8f88763783f7&gdpr=&gdpr_consent=ccpa=:0
[  128777ms] [ERROR] Failed to load resource: the server responded with a status of 404 (Not Found) @ https://us4.shb-sync.com/a760a5a7-e35e-49b8-9f5e-723455346741.gif?puid=4b2de43f-8800-11cc-587d-8f88763783f7&gdpr=&gdpr_consent=ccpa=:0
[  128857ms] [ERROR] Failed to load resource: the server responded with a status of 404 (Not Found) @ https://us4.shb-sync.com/a760a5a7-e35e-49b8-9f5e-723455346741.gif?puid=4b2de43f-8800-11cc-587d-8f88763783f7&gdpr=&gdpr_consent=ccpa=:0
[  156845ms] [ERROR] Failed to load resource: net::ERR_NAME_NOT_RESOLVED @ https://cs.iqzone.com/6f0476ca45e1d6b67e3ee8d57532a022.gif?redir=https%3A%2F%2Fsync.cootlogix.com%2Fapi%2Fcookie%3FpartnerId%3Diqzone%26gdpr%3D%26gdpr_consent%3D%26us_privacy%3D%26userId%3D%5BUID%5D&gdpr=&gdpr_consent=&ccpa=:0
[  156990ms] [ERROR] Failed to load resource: the server responded with a status of 404 (Not Found) @ https://us4.shb-sync.com/a760a5a7-e35e-49b8-9f5e-723455346741.gif?puid=4b2de43f-8800-11cc-587d-8f88763783f7&gdpr=&gdpr_consent=ccpa=:0
[   29349ms] [ERROR] Failed to load resource: net::ERR_NAME_NOT_RESOLVED @ https://cs.iqzone.com/6f0476ca45e1d6b67e3ee8d57532a022.gif?redir=https%3A%2F%2Fsync.cootlogix.com%2Fapi%2Fcookie%3FpartnerId%3Diqzone%26gdpr%3D0%26gdpr_consent%3D%26us_privacy%3D%26userId%3D%5BUID%5D&gdpr=0&gdpr_consent=&ccpa=:0
[   81743ms] [ERROR] Failed to load resource: net::ERR_NAME_NOT_RESOLVED @ https://cs.iqzone.com/6f0476ca45e1d6b67e3ee8d57532a022.gif?redir=https%3A%2F%2Fsync.cootlogix.com%2Fapi%2Fcookie%3FpartnerId%3Diqzone%26gdpr%3D%26gdpr_consent%3D%26us_privacy%3D%26userId%3D%5BUID%5D&gdpr=&gdpr_consent=&ccpa=:0
[  110803ms] [ERROR] Failed to load resource: net::ERR_NAME_NOT_RESOLVED @ https://cs.iqzone.com/6f0476ca45e1d6b67e3ee8d57532a022.gif?redir=https%3A%2F%2Fsync.cootlogix.com%2Fapi%2Fcookie%3FpartnerId%3Diqzone%26gdpr%3D%26gdpr_consent%3D%26us_privacy%3D%26userId%3D%5BUID%5D&gdpr=&gdpr_consent=&ccpa=:0
[  111337ms] [ERROR] Failed to load resource: net::ERR_NAME_NOT_RESOLVED @ https://cs.iqzone.com/6f0476ca45e1d6b67e3ee8d57532a022.gif?redir=https%3A%2F%2Fsync.cootlogix.com%2Fapi%2Fcookie%3FpartnerId%3Diqzone%26gdpr%3D%26gdpr_consent%3D%26us_privacy%3D%26userId%3D%5BUID%5D&gdpr=&gdpr_consent=&ccpa=:0
[  125925ms] [ERROR] Failed to load resource: net::ERR_NAME_NOT_RESOLVED @ https://cs.iqzone.com/6f0476ca45e1d6b67e3ee8d57532a022.gif?redir=https%3A%2F%2Fsync.cootlogix.com%2Fapi%2Fcookie%3FpartnerId%3Diqzone%26gdpr%3D%26gdpr_consent%3D%26us_privacy%3D%26userId%3D%5BUID%5D&gdpr=&gdpr_consent=&ccpa=:0
[  126101ms] [ERROR] Failed to load resource: net::ERR_NAME_NOT_RESOLVED @ https://cs.iqzone.com/6f0476ca45e1d6b67e3ee8d57532a022.gif?redir=https%3A%2F%2Fsync.cootlogix.com%2Fapi%2Fcookie%3FpartnerId%3Diqzone%26gdpr%3D%26gdpr_consent%3D%26us_privacy%3D%26userId%3D%5BUID%5D&gdpr=&gdpr_consent=&ccpa=:0
[  128511ms] [ERROR] Failed to load resource: the server responded with a status of 404 (Not Found) @ https://us4.shb-sync.com/a760a5a7-e35e-49b8-9f5e-723455346741.gif?puid=4b2de43f-8800-11cc-587d-8f88763783f7&gdpr=&gdpr_consent=ccpa=:0
[  128591ms] [ERROR] Failed to load resource: the server responded with a status of 404 (Not Found) @ https://us4.shb-sync.com/a760a5a7-e35e-49b8-9f5e-723455346741.gif?puid=4b2de43f-8800-11cc-587d-8f88763783f7&gdpr=&gdpr_consent=ccpa=:0
[  128777ms] [ERROR] Failed to load resource: the server responded with a status of 404 (Not Found) @ https://us4.shb-sync.com/a760a5a7-e35e-49b8-9f5e-723455346741.gif?puid=4b2de43f-8800-11cc-587d-8f88763783f7&gdpr=&gdpr_consent=ccpa=:0
[  128857ms] [ERROR] Failed to load resource: the server responded with a status of 404 (Not Found) @ https://us4.shb-sync.com/a760a5a7-e35e-49b8-9f5e-723455346741.gif?puid=4b2de43f-8800-11cc-587d-8f88763783f7&gdpr=&gdpr_consent=ccpa=:0
[  156845ms] [ERROR] Failed to load resource: net::ERR_NAME_NOT_RESOLVED @ https://cs.iqzone.com/6f0476ca45e1d6b67e3ee8d57532a022.gif?redir=https%3A%2F%2Fsync.cootlogix.com%2Fapi%2Fcookie%3FpartnerId%3Diqzone%26gdpr%3D%26gdpr_consent%3D%26us_privacy%3D%26userId%3D%5BUID%5D&gdpr=&gdpr_consent=&ccpa=:0
[  156990ms] [ERROR] Failed to load resource: the server responded with a status of 404 (Not Found) @ https://us4.shb-sync.com/a760a5a7-e35e-49b8-9f5e-723455346741.gif?puid=4b2de43f-8800-11cc-587d-8f88763783f7&gdpr=&gdpr_consent=ccpa=:0
[   29349ms] [ERROR] Failed to load resource: net::ERR_NAME_NOT_RESOLVED @ https://cs.iqzone.com/6f0476ca45e1d6b67e3ee8d57532a022.gif?redir=https%3A%2F%2Fsync.cootlogix.com%2Fapi%2Fcookie%3FpartnerId%3Diqzone%26gdpr%3D0%26gdpr_consent%3D%26us_privacy%3D%26userId%3D%5BUID%5D&gdpr=0&gdpr_consent=&ccpa=:0
[   81743ms] [ERROR] Failed to load resource: net::ERR_NAME_NOT_RESOLVED @ https://cs.iqzone.com/6f0476ca45e1d6b67e3ee8d57532a022.gif?redir=https%3A%2F%2Fsync.cootlogix.com%2Fapi%2Fcookie%3FpartnerId%3Diqzone%26gdpr%3D%26gdpr_consent%3D%26us_privacy%3D%26userId%3D%5BUID%5D&gdpr=&gdpr_consent=&ccpa=:0
[  110803ms] [ERROR] Failed to load resource: net::ERR_NAME_NOT_RESOLVED @ https://cs.iqzone.com/6f0476ca45e1d6b67e3ee8d57532a022.gif?redir=https%3A%2F%2Fsync.cootlogix.com%2Fapi%2Fcookie%3FpartnerId%3Diqzone%26gdpr%3D%26gdpr_consent%3D%26us_privacy%3D%26userId%3D%5BUID%5D&gdpr=&gdpr_consent=&ccpa=:0
[  111337ms] [ERROR] Failed to load resource: net::ERR_NAME_NOT_RESOLVED @ https://cs.iqzone.com/6f0476ca45e1d6b67e3ee8d57532a022.gif?redir=https%3A%2F%2Fsync.cootlogix.com%2Fapi%2Fcookie%3FpartnerId%3Diqzone%26gdpr%3D%26gdpr_consent%3D%26us_privacy%3D%26userId%3D%5BUID%5D&gdpr=&gdpr_consent=&ccpa=:0
[  125925ms] [ERROR] Failed to load resource: net::ERR_NAME_NOT_RESOLVED @ https://cs.iqzone.com/6f0476ca45e1d6b67e3ee8d57532a022.gif?redir=https%3A%2F%2Fsync.cootlogix.com%2Fapi%2Fcookie%3FpartnerId%3Diqzone%26gdpr%3D%26gdpr_consent%3D%26us_privacy%3D%26userId%3D%5BUID%5D&gdpr=&gdpr_consent=&ccpa=:0
[  126101ms] [ERROR] Failed to load resource: net::ERR_NAME_NOT_RESOLVED @ https://cs.iqzone.com/6f0476ca45e1d6b67e3ee8d57532a022.gif?redir=https%3A%2F%2Fsync.cootlogix.com%2Fapi%2Fcookie%3FpartnerId%3Diqzone%26gdpr%3D%26gdpr_consent%3D%26us_privacy%3D%26userId%3D%5BUID%5D&gdpr=&gdpr_consent=&ccpa=:0
[  128511ms] [ERROR] Failed to load resource: the server responded with a status of 404 (Not Found) @ https://us4.shb-sync.com/a760a5a7-e35e-49b8-9f5e-723455346741.gif?puid=4b2de43f-8800-11cc-587d-8f88763783f7&gdpr=&gdpr_consent=ccpa=:0
[  128591ms] [ERROR] Failed to load resource: the server responded with a status of 404 (Not Found) @ https://us4.shb-sync.com/a760a5a7-e35e-49b8-9f5e-723455346741.gif?puid=4b2de43f-8800-11cc-587d-8f88763783f7&gdpr=&gdpr_consent=ccpa=:0
[  128777ms] [ERROR] Failed to load resource: the server responded with a status of 404 (Not Found) @ https://us4.shb-sync.com/a760a5a7-e35e-49b8-9f5e-723455346741.gif?puid=4b2de43f-8800-11cc-587d-8f88763783f7&gdpr=&gdpr_consent=ccpa=:0
[  128857ms] [ERROR] Failed to load resource: the server responded with a status of 404 (Not Found) @ https://us4.shb-sync.com/a760a5a7-e35e-49b8-9f5e-723455346741.gif?puid=4b2de43f-8800-11cc-587d-8f88763783f7&gdpr=&gdpr_consent=ccpa=:0
[  156845ms] [ERROR] Failed to load resource: net::ERR_NAME_NOT_RESOLVED @ https://cs.iqzone.com/6f0476ca45e1d6b67e3ee8d57532a022.gif?redir=https%3A%2F%2Fsync.cootlogix.com%2Fapi%2Fcookie%3FpartnerId%3Diqzone%26gdpr%3D%26gdpr_consent%3D%26us_privacy%3D%26userId%3D%5BUID%5D&gdpr=&gdpr_consent=&ccpa=:0
[  156990ms] [ERROR] Failed to load resource: the server responded with a status of 404 (Not Found) @ https://us4.shb-sync.com/a760a5a7-e35e-49b8-9f5e-723455346741.gif?puid=4b2de43f-8800-11cc-587d-8f88763783f7&gdpr=&gdpr_consent=ccpa=:0
[  158748ms] [ERROR] Failed to load resource: net::ERR_NAME_NOT_RESOLVED @ https://cs.iqzone.com/6f0476ca45e1d6b67e3ee8d57532a022.gif?redir=https%3A%2F%2Fsync.cootlogix.com%2Fapi%2Fcookie%3FpartnerId%3Diqzone%26gdpr%3D%26gdpr_consent%3D%26us_privacy%3D%26userId%3D%5BUID%5D&gdpr=&gdpr_consent=&ccpa=:0
[  158858ms] [ERROR] Failed to load resource: the server responded with a status of 404 (Not Found) @ https://us4.shb-sync.com/a760a5a7-e35e-49b8-9f5e-723455346741.gif?puid=4b2de43f-8800-11cc-587d-8f88763783f7&gdpr=&gdpr_consent=ccpa=:0
