[   24790ms] [ERROR] Failed to load resource: the server responded with a status of 400 (Bad Request) @ https://sync.adkernel.com/user-sync?zone=269038&r=https%3A%2F%2Fu-sjc03.e-planning.net%2Fum%3Fuid%3D%7BUID%7D%26dc%3D06ca82c8327a7f3f%26fi%3Dc9c303a7a13bf75f:0
[   25501ms] [ERROR] Failed to load resource: the server responded with a status of 500 () @ https://usersync.gumgum.com/usersync?b=sus&i=%%esc%%%%uid%%%%escend%%akwQpsCo8YsAAP-HfYgAAAAA:0
[   24790ms] [ERROR] Failed to load resource: the server responded with a status of 400 (Bad Request) @ https://sync.adkernel.com/user-sync?zone=269038&r=https%3A%2F%2Fu-sjc03.e-planning.net%2Fum%3Fuid%3D%7BUID%7D%26dc%3D06ca82c8327a7f3f%26fi%3Dc9c303a7a13bf75f:0
[   29009ms] [ERROR] Failed to load resource: the server responded with a status of 400 () @ https://match.prod.bidr.io/cookie-sync/richaudience?gdpr=0&gdpr_consent=1---:0
[   29098ms] [ERROR] Failed to load resource: net::ERR_CONTENT_DECODING_FAILED @ https://csync.smartadserver.com/diff/rtb/csync/CookieSync.min.js:0
[   29563ms] ReferenceError: sasCookieSync is not defined
    at https://csync.smartadserver.com/diff/rtb/csync/CookieSync.html?nwid=3392&dcid=10&gdpr=0&gdprc=:11:9
[   33602ms] TypeError: Cannot read properties of undefined (reading 'replace')
    at validateColor (https://www.w3schools.com/colors/colors_converter.asp:3756:11)
    at convertColor (https://www.w3schools.com/colors/colors_converter.asp:3750:9)
    at HTMLInputElement.oninput (https://www.w3schools.com/colors/colors_converter.asp:3654:176)
[   34776ms] [ERROR] Failed to load resource: the server responded with a status of 400 () @ https://ups.analytics.yahoo.com/ups/58813/fed?gpp_sid=-1&gdpr=false&gdpr_consent=&v=1&url=https%3A%2F%2Fwww.w3schools.com%2Fcolors%2Fcolors_converter.asp:0
[   36172ms] [WARNING] An iframe which has both allow-scripts and allow-same-origin for its sandbox attribute can escape its sandboxing. @ https://www.flashb.id/assets/js/hbdbrk_fef0c8b2caedfb449c01_m.js:0
[   37536ms] [ERROR] Attestation check for Shared Storage on https://www.googleadservices.com failed. @ https://www.googleadservices.com/pagead/managed/js/activeview/current/reach_worklet.html:0
[   38174ms] [ERROR] Attestation check for Attribution Reporting on https://ad.doubleclick.net failed. @ https://www.w3schools.com/colors/colors_converter.asp:0
[   39185ms] [WARNING] An iframe which has both allow-scripts and allow-same-origin for its sandbox attribute can escape its sandboxing. @ https://www.flashb.id/assets/js/hbdbrk_fef0c8b2caedfb449c01_m.js:0
[   39736ms] TypeError: Cannot read properties of undefined (reading 'replace')
    at validateColor (https://www.w3schools.com/colors/colors_converter.asp:3756:11)
    at convertColor (https://www.w3schools.com/colors/colors_converter.asp:3750:9)
    at HTMLInputElement.oninput (https://www.w3schools.com/colors/colors_converter.asp:3654:176)
[   39924ms] SecurityError: Failed to read a named property from 'Location': Blocked a frame with origin "https://srv.flashb.id" from accessing a cross-origin frame.
    at https://srv.flashb.id/sf/1.1/37dc2490-e69a-50b6-b814-d999fdbee40b/render.html?m=true&csa=1:122:461
[   37536ms] [ERROR] Attestation check for Shared Storage on https://www.googleadservices.com failed. @ https://www.googleadservices.com/pagead/managed/js/activeview/current/reach_worklet.html:0
[   41871ms] [ERROR] Attestation check for Shared Storage on https://www.googleadservices.com failed. @ https://www.googleadservices.com/pagead/managed/js/activeview/current/reach_worklet.html:0
[   44525ms] TypeError: Cannot read properties of undefined (reading 'replace')
    at validateColor (https://www.w3schools.com/colors/colors_converter.asp:3756:11)
    at convertColor (https://www.w3schools.com/colors/colors_converter.asp:3750:9)
    at HTMLInputElement.oninput (https://www.w3schools.com/colors/colors_converter.asp:3654:176)
[   45376ms] TypeError: Cannot read properties of undefined (reading 'replace')
    at validateColor (https://www.w3schools.com/colors/colors_converter.asp:3756:11)
    at HTMLInputElement.onchange (https://www.w3schools.com/colors/colors_converter.asp:3654:176)
[   45627ms] [ERROR] Failed to load resource: net::ERR_NAME_NOT_RESOLVED @ https://tags.bluekai.com/site/2981?redir=https%3A%2F%2Fcm.g.doubleclick.net%2Fpixel%3Fgoogle_nid%3Dbluekai%26google_hm%3D%24_BK_UUID_B64&gdpr=0:0
[   45777ms] [WARNING] An iframe which has both allow-scripts and allow-same-origin for its sandbox attribute can escape its sandboxing. @ https://www.flashb.id/assets/js/hbdbrk_fef0c8b2caedfb449c01_m.js:0
[   37536ms] [ERROR] Attestation check for Shared Storage on https://www.googleadservices.com failed. @ https://www.googleadservices.com/pagead/managed/js/activeview/current/reach_worklet.html:0
[   41871ms] [ERROR] Attestation check for Shared Storage on https://www.googleadservices.com failed. @ https://www.googleadservices.com/pagead/managed/js/activeview/current/reach_worklet.html:0
[   47126ms] [ERROR] Attestation check for Shared Storage on https://www.googleadservices.com failed. @ https://www.googleadservices.com/pagead/managed/js/activeview/current/reach_worklet.html:0
[   48146ms] [ERROR] Failed to load resource: net::ERR_CONNECTION_CLOSED @ https://pxl.iqm.com/i/ck/mnet?cid=4263714045655984000V10&gdpr=0&gdpr_consent=&gpp_string=&gpp_sid=&redirect=https%3A%2F%2Fcs.media.net%2Fcksync%3Fcs%3D3%26type%3Diqm%26ovsid%3D%7B%24PARTNER_UID%7D&cs=9:0
[   48146ms] [ERROR] Failed to load resource: net::ERR_CONNECTION_CLOSED @ https://pxl.iqm.com/i/ck/mnet?cid=4263714045655984000V10&gdpr=0&gdpr_consent=&gpp_string=&gpp_sid=&redirect=https%3A%2F%2Fcs.media.net%2Fcksync%3Fcs%3D3%26type%3Diqm%26ovsid%3D%7B%24PARTNER_UID%7D&cs=9:0
[   45627ms] [ERROR] Failed to load resource: net::ERR_NAME_NOT_RESOLVED @ https://tags.bluekai.com/site/2981?redir=https%3A%2F%2Fcm.g.doubleclick.net%2Fpixel%3Fgoogle_nid%3Dbluekai%26google_hm%3D%24_BK_UUID_B64&gdpr=0:0
[   37536ms] [ERROR] Attestation check for Shared Storage on https://www.googleadservices.com failed. @ https://www.googleadservices.com/pagead/managed/js/activeview/current/reach_worklet.html:0
[   41871ms] [ERROR] Attestation check for Shared Storage on https://www.googleadservices.com failed. @ https://www.googleadservices.com/pagead/managed/js/activeview/current/reach_worklet.html:0
[   47126ms] [ERROR] Attestation check for Shared Storage on https://www.googleadservices.com failed. @ https://www.googleadservices.com/pagead/managed/js/activeview/current/reach_worklet.html:0
[   51602ms] [ERROR] Attestation check for Shared Storage on https://www.googleadservices.com failed. @ https://www.googleadservices.com/pagead/managed/js/activeview/current/reach_worklet.html:0
[   51906ms] [WARNING] An iframe which has both allow-scripts and allow-same-origin for its sandbox attribute can escape its sandboxing. @ https://www.flashb.id/assets/js/hbdbrk_fef0c8b2caedfb449c01_m.js:0
[   52416ms] [WARNING] An iframe which has both allow-scripts and allow-same-origin for its sandbox attribute can escape its sandboxing. @ https://www.flashb.id/assets/js/hbdbrk_fef0c8b2caedfb449c01_m.js:0
[   52473ms] [ERROR] Failed to load resource: net::ERR_NAME_NOT_RESOLVED @ https://x.dlx.addthis.com/e/googlegdn_sync?na_exid=CAESEGbKRVIqQU-_SXHwJDIwKOs&gdpr=0&google_cver=1:0
[   45627ms] [ERROR] Failed to load resource: net::ERR_NAME_NOT_RESOLVED @ https://tags.bluekai.com/site/2981?redir=https%3A%2F%2Fcm.g.doubleclick.net%2Fpixel%3Fgoogle_nid%3Dbluekai%26google_hm%3D%24_BK_UUID_B64&gdpr=0:0
[   52473ms] [ERROR] Failed to load resource: net::ERR_NAME_NOT_RESOLVED @ https://x.dlx.addthis.com/e/googlegdn_sync?na_exid=CAESEGbKRVIqQU-_SXHwJDIwKOs&gdpr=0&google_cver=1:0
[   45627ms] [ERROR] Failed to load resource: net::ERR_NAME_NOT_RESOLVED @ https://tags.bluekai.com/site/2981?redir=https%3A%2F%2Fcm.g.doubleclick.net%2Fpixel%3Fgoogle_nid%3Dbluekai%26google_hm%3D%24_BK_UUID_B64&gdpr=0:0
[   52473ms] [ERROR] Failed to load resource: net::ERR_NAME_NOT_RESOLVED @ https://x.dlx.addthis.com/e/googlegdn_sync?na_exid=CAESEGbKRVIqQU-_SXHwJDIwKOs&gdpr=0&google_cver=1:0
[   37536ms] [ERROR] Attestation check for Shared Storage on https://www.googleadservices.com failed. @ https://www.googleadservices.com/pagead/managed/js/activeview/current/reach_worklet.html:0
[   41871ms] [ERROR] Attestation check for Shared Storage on https://www.googleadservices.com failed. @ https://www.googleadservices.com/pagead/managed/js/activeview/current/reach_worklet.html:0
[   47126ms] [ERROR] Attestation check for Shared Storage on https://www.googleadservices.com failed. @ https://www.googleadservices.com/pagead/managed/js/activeview/current/reach_worklet.html:0
[   51602ms] [ERROR] Attestation check for Shared Storage on https://www.googleadservices.com failed. @ https://www.googleadservices.com/pagead/managed/js/activeview/current/reach_worklet.html:0
[   45627ms] [ERROR] Failed to load resource: net::ERR_NAME_NOT_RESOLVED @ https://tags.bluekai.com/site/2981?redir=https%3A%2F%2Fcm.g.doubleclick.net%2Fpixel%3Fgoogle_nid%3Dbluekai%26google_hm%3D%24_BK_UUID_B64&gdpr=0:0
[   52473ms] [ERROR] Failed to load resource: net::ERR_NAME_NOT_RESOLVED @ https://x.dlx.addthis.com/e/googlegdn_sync?na_exid=CAESEGbKRVIqQU-_SXHwJDIwKOs&gdpr=0&google_cver=1:0
[   56466ms] [ERROR] Attestation check for Shared Storage on https://www.googleadservices.com failed. @ https://www.googleadservices.com/pagead/managed/js/activeview/current/reach_worklet.html:0
[   37536ms] [ERROR] Attestation check for Shared Storage on https://www.googleadservices.com failed. @ https://www.googleadservices.com/pagead/managed/js/activeview/current/reach_worklet.html:0
[   41871ms] [ERROR] Attestation check for Shared Storage on https://www.googleadservices.com failed. @ https://www.googleadservices.com/pagead/managed/js/activeview/current/reach_worklet.html:0
[   47126ms] [ERROR] Attestation check for Shared Storage on https://www.googleadservices.com failed. @ https://www.googleadservices.com/pagead/managed/js/activeview/current/reach_worklet.html:0
[   51602ms] [ERROR] Attestation check for Shared Storage on https://www.googleadservices.com failed. @ https://www.googleadservices.com/pagead/managed/js/activeview/current/reach_worklet.html:0
[   56466ms] [ERROR] Attestation check for Shared Storage on https://www.googleadservices.com failed. @ https://www.googleadservices.com/pagead/managed/js/activeview/current/reach_worklet.html:0
[   48146ms] [ERROR] Failed to load resource: net::ERR_CONNECTION_CLOSED @ https://pxl.iqm.com/i/ck/mnet?cid=4263714045655984000V10&gdpr=0&gdpr_consent=&gpp_string=&gpp_sid=&redirect=https%3A%2F%2Fcs.media.net%2Fcksync%3Fcs%3D3%26type%3Diqm%26ovsid%3D%7B%24PARTNER_UID%7D&cs=9:0
[   37536ms] [ERROR] Attestation check for Shared Storage on https://www.googleadservices.com failed. @ https://www.googleadservices.com/pagead/managed/js/activeview/current/reach_worklet.html:0
[   41871ms] [ERROR] Attestation check for Shared Storage on https://www.googleadservices.com failed. @ https://www.googleadservices.com/pagead/managed/js/activeview/current/reach_worklet.html:0
[   47126ms] [ERROR] Attestation check for Shared Storage on https://www.googleadservices.com failed. @ https://www.googleadservices.com/pagead/managed/js/activeview/current/reach_worklet.html:0
[   51602ms] [ERROR] Attestation check for Shared Storage on https://www.googleadservices.com failed. @ https://www.googleadservices.com/pagead/managed/js/activeview/current/reach_worklet.html:0
[   56466ms] [ERROR] Attestation check for Shared Storage on https://www.googleadservices.com failed. @ https://www.googleadservices.com/pagead/managed/js/activeview/current/reach_worklet.html:0
[   58427ms] [ERROR] Failed to load resource: net::ERR_CONNECTION_CLOSED @ https://pxl.iqm.com/i/ck/mnet?cid=4263714045655984000V10&gdpr=0&gdpr_consent=&gpp_string=&gpp_sid=&redirect=https%3A%2F%2Fcs.media.net%2Fcksync%3Fcs%3D3%26type%3Diqm%26ovsid%3D%7B%24PARTNER_UID%7D&cs=9:0
[   45627ms] [ERROR] Failed to load resource: net::ERR_NAME_NOT_RESOLVED @ https://tags.bluekai.com/site/2981?redir=https%3A%2F%2Fcm.g.doubleclick.net%2Fpixel%3Fgoogle_nid%3Dbluekai%26google_hm%3D%24_BK_UUID_B64&gdpr=0:0
[   52473ms] [ERROR] Failed to load resource: net::ERR_NAME_NOT_RESOLVED @ https://x.dlx.addthis.com/e/googlegdn_sync?na_exid=CAESEGbKRVIqQU-_SXHwJDIwKOs&gdpr=0&google_cver=1:0
[   59142ms] [ERROR] Attestation check for Shared Storage on https://www.googleadservices.com failed. @ https://www.googleadservices.com/pagead/managed/js/activeview/current/reach_worklet.html:0
[   59225ms] [WARNING] An iframe which has both allow-scripts and allow-same-origin for its sandbox attribute can escape its sandboxing. @ https://www.flashb.id/assets/js/hbdbrk_fef0c8b2caedfb449c01_m.js:0
[   59836ms] [ERROR] Attestation check for Shared Storage on https://www.googleadservices.com failed. @ https://www.googleadservices.com/pagead/managed/js/activeview/current/reach_worklet.html:0
[   37536ms] [ERROR] Attestation check for Shared Storage on https://www.googleadservices.com failed. @ https://www.googleadservices.com/pagead/managed/js/activeview/current/reach_worklet.html:0
[   41871ms] [ERROR] Attestation check for Shared Storage on https://www.googleadservices.com failed. @ https://www.googleadservices.com/pagead/managed/js/activeview/current/reach_worklet.html:0
[   47126ms] [ERROR] Attestation check for Shared Storage on https://www.googleadservices.com failed. @ https://www.googleadservices.com/pagead/managed/js/activeview/current/reach_worklet.html:0
[   51602ms] [ERROR] Attestation check for Shared Storage on https://www.googleadservices.com failed. @ https://www.googleadservices.com/pagead/managed/js/activeview/current/reach_worklet.html:0
[   56466ms] [ERROR] Attestation check for Shared Storage on https://www.googleadservices.com failed. @ https://www.googleadservices.com/pagead/managed/js/activeview/current/reach_worklet.html:0
[   59142ms] [ERROR] Attestation check for Shared Storage on https://www.googleadservices.com failed. @ https://www.googleadservices.com/pagead/managed/js/activeview/current/reach_worklet.html:0
[   59836ms] [ERROR] Attestation check for Shared Storage on https://www.googleadservices.com failed. @ https://www.googleadservices.com/pagead/managed/js/activeview/current/reach_worklet.html:0
[   61502ms] [ERROR] Attestation check for Shared Storage on https://www.googleadservices.com failed. @ https://www.googleadservices.com/pagead/managed/js/activeview/current/reach_worklet.html:0
[   62336ms] [ERROR] Failed to load resource: the server responded with a status of 400 () @ https://eb2.3lift.com/xuid?idenv=:0
[   45627ms] [ERROR] Failed to load resource: net::ERR_NAME_NOT_RESOLVED @ https://tags.bluekai.com/site/2981?redir=https%3A%2F%2Fcm.g.doubleclick.net%2Fpixel%3Fgoogle_nid%3Dbluekai%26google_hm%3D%24_BK_UUID_B64&gdpr=0:0
[   52473ms] [ERROR] Failed to load resource: net::ERR_NAME_NOT_RESOLVED @ https://x.dlx.addthis.com/e/googlegdn_sync?na_exid=CAESEGbKRVIqQU-_SXHwJDIwKOs&gdpr=0&google_cver=1:0
[   63196ms] [ERROR] Failed to load resource: net::ERR_NAME_NOT_RESOLVED @ https://s.thebrighttag.com/cs?tp=gcms&gdpr=0&google_gid=CAESEB06nAVDRE5rTUCPG0zop40&google_cver=1:0
[   45627ms] [ERROR] Failed to load resource: net::ERR_NAME_NOT_RESOLVED @ https://tags.bluekai.com/site/2981?redir=https%3A%2F%2Fcm.g.doubleclick.net%2Fpixel%3Fgoogle_nid%3Dbluekai%26google_hm%3D%24_BK_UUID_B64&gdpr=0:0
[   52473ms] [ERROR] Failed to load resource: net::ERR_NAME_NOT_RESOLVED @ https://x.dlx.addthis.com/e/googlegdn_sync?na_exid=CAESEGbKRVIqQU-_SXHwJDIwKOs&gdpr=0&google_cver=1:0
[   63196ms] [ERROR] Failed to load resource: net::ERR_NAME_NOT_RESOLVED @ https://s.thebrighttag.com/cs?tp=gcms&gdpr=0&google_gid=CAESEB06nAVDRE5rTUCPG0zop40&google_cver=1:0
[   64239ms] [ERROR] Failed to load resource: net::ERR_TOO_MANY_REDIRECTS @ https://um.simpli.fi/freewheel?gdpr=&gdpr_consent=:0
[   37536ms] [ERROR] Attestation check for Shared Storage on https://www.googleadservices.com failed. @ https://www.googleadservices.com/pagead/managed/js/activeview/current/reach_worklet.html:0
[   41871ms] [ERROR] Attestation check for Shared Storage on https://www.googleadservices.com failed. @ https://www.googleadservices.com/pagead/managed/js/activeview/current/reach_worklet.html:0
[   47126ms] [ERROR] Attestation check for Shared Storage on https://www.googleadservices.com failed. @ https://www.googleadservices.com/pagead/managed/js/activeview/current/reach_worklet.html:0
[   51602ms] [ERROR] Attestation check for Shared Storage on https://www.googleadservices.com failed. @ https://www.googleadservices.com/pagead/managed/js/activeview/current/reach_worklet.html:0
[   56466ms] [ERROR] Attestation check for Shared Storage on https://www.googleadservices.com failed. @ https://www.googleadservices.com/pagead/managed/js/activeview/current/reach_worklet.html:0
[   59142ms] [ERROR] Attestation check for Shared Storage on https://www.googleadservices.com failed. @ https://www.googleadservices.com/pagead/managed/js/activeview/current/reach_worklet.html:0
[   59836ms] [ERROR] Attestation check for Shared Storage on https://www.googleadservices.com failed. @ https://www.googleadservices.com/pagead/managed/js/activeview/current/reach_worklet.html:0
[   61502ms] [ERROR] Attestation check for Shared Storage on https://www.googleadservices.com failed. @ https://www.googleadservices.com/pagead/managed/js/activeview/current/reach_worklet.html:0
[   64952ms] [ERROR] Attestation check for Shared Storage on https://www.googleadservices.com failed. @ https://www.googleadservices.com/pagead/managed/js/activeview/current/reach_worklet.html:0
[   37536ms] [ERROR] Attestation check for Shared Storage on https://www.googleadservices.com failed. @ https://www.googleadservices.com/pagead/managed/js/activeview/current/reach_worklet.html:0
[   41871ms] [ERROR] Attestation check for Shared Storage on https://www.googleadservices.com failed. @ https://www.googleadservices.com/pagead/managed/js/activeview/current/reach_worklet.html:0
[   47126ms] [ERROR] Attestation check for Shared Storage on https://www.googleadservices.com failed. @ https://www.googleadservices.com/pagead/managed/js/activeview/current/reach_worklet.html:0
[   51602ms] [ERROR] Attestation check for Shared Storage on https://www.googleadservices.com failed. @ https://www.googleadservices.com/pagead/managed/js/activeview/current/reach_worklet.html:0
[   56466ms] [ERROR] Attestation check for Shared Storage on https://www.googleadservices.com failed. @ https://www.googleadservices.com/pagead/managed/js/activeview/current/reach_worklet.html:0
[   59142ms] [ERROR] Attestation check for Shared Storage on https://www.googleadservices.com failed. @ https://www.googleadservices.com/pagead/managed/js/activeview/current/reach_worklet.html:0
[   59836ms] [ERROR] Attestation check for Shared Storage on https://www.googleadservices.com failed. @ https://www.googleadservices.com/pagead/managed/js/activeview/current/reach_worklet.html:0
[   61502ms] [ERROR] Attestation check for Shared Storage on https://www.googleadservices.com failed. @ https://www.googleadservices.com/pagead/managed/js/activeview/current/reach_worklet.html:0
[   64952ms] [ERROR] Attestation check for Shared Storage on https://www.googleadservices.com failed. @ https://www.googleadservices.com/pagead/managed/js/activeview/current/reach_worklet.html:0
[   66197ms] [ERROR] Attestation check for Shared Storage on https://www.googleadservices.com failed. @ https://www.googleadservices.com/pagead/managed/js/activeview/current/reach_worklet.html:0
[   68121ms] [WARNING] This richload has both an name and id attribute. Only the name will be used to set the richload name in this context. @ https://cdn.flashtalking.com/frameworks/js/api/2/10/html5API.js:0
[   45627ms] [ERROR] Failed to load resource: net::ERR_NAME_NOT_RESOLVED @ https://tags.bluekai.com/site/2981?redir=https%3A%2F%2Fcm.g.doubleclick.net%2Fpixel%3Fgoogle_nid%3Dbluekai%26google_hm%3D%24_BK_UUID_B64&gdpr=0:0
[   52473ms] [ERROR] Failed to load resource: net::ERR_NAME_NOT_RESOLVED @ https://x.dlx.addthis.com/e/googlegdn_sync?na_exid=CAESEGbKRVIqQU-_SXHwJDIwKOs&gdpr=0&google_cver=1:0
[   63196ms] [ERROR] Failed to load resource: net::ERR_NAME_NOT_RESOLVED @ https://s.thebrighttag.com/cs?tp=gcms&gdpr=0&google_gid=CAESEB06nAVDRE5rTUCPG0zop40&google_cver=1:0
[   68983ms] [WARNING] An iframe which has both allow-scripts and allow-same-origin for its sandbox attribute can escape its sandboxing. @ https://www.flashb.id/assets/js/hbdbrk_fef0c8b2caedfb449c01_m.js:0
[   73440ms] [ERROR] Access to fetch at 'https://pbsj-us-east.bricks-co.com/openrtb2/auction' from origin 'https://www.w3schools.com' has been blocked by CORS policy: No 'Access-Control-Allow-Origin' header is present on the requested resource. @ https://www.w3schools.com/colors/colors_hsl.asp?color=hsl(195,%201,%200.5):0
[   73441ms] [ERROR] Failed to load resource: net::ERR_FAILED @ https://pbsj-us-east.bricks-co.com/openrtb2/auction:0
[   74094ms] [WARNING] An iframe which has both allow-scripts and allow-same-origin for its sandbox attribute can escape its sandboxing. @ https://www.flashb.id/assets/js/hbdbrk_fef0c8b2caedfb449c01_m.js:0
[   74161ms] [WARNING] An iframe which has both allow-scripts and allow-same-origin for its sandbox attribute can escape its sandboxing. @ https://www.flashb.id/assets/js/hbdbrk_fef0c8b2caedfb449c01_m.js:0
[   75214ms] [ERROR] Access to fetch at 'https://pbsj-us-east.bricks-co.com/openrtb2/auction' from origin 'https://www.w3schools.com' has been blocked by CORS policy: No 'Access-Control-Allow-Origin' header is present on the requested resource. @ https://www.w3schools.com/colors/colors_hsl.asp?color=hsl(195,%201,%200.5):0
[   75215ms] [ERROR] Failed to load resource: net::ERR_FAILED @ https://pbsj-us-east.bricks-co.com/openrtb2/auction:0
[   76991ms] [WARNING] An iframe which has both allow-scripts and allow-same-origin for its sandbox attribute can escape its sandboxing. @ https://www.flashb.id/assets/js/hbdbrk_fef0c8b2caedfb449c01_m.js:0
[   78529ms] [ERROR] Attestation check for Shared Storage on https://www.googleadservices.com failed. @ https://www.googleadservices.com/pagead/managed/js/activeview/current/reach_worklet.html:0
[   79622ms] [ERROR] Failed to load resource: net::ERR_CONNECTION_CLOSED @ https://pxl.iqm.com/i/ck/mnet?cid=4263714045655984000V10&gdpr=0&gdpr_consent=&gpp_string=&gpp_sid=&redirect=https%3A%2F%2Fcs.media.net%2Fcksync%3Fcs%3D3%26type%3Diqm%26ovsid%3D%7B%24PARTNER_UID%7D&cs=9:0
[   78529ms] [ERROR] Attestation check for Shared Storage on https://www.googleadservices.com failed. @ https://www.googleadservices.com/pagead/managed/js/activeview/current/reach_worklet.html:0
[   80049ms] [ERROR] Attestation check for Shared Storage on https://www.googleadservices.com failed. @ https://www.googleadservices.com/pagead/managed/js/activeview/current/reach_worklet.html:0
[   81129ms] [LOG] Polite loading scripts @ https://s0.2mdn.net/sadbundle/1106702326877005852/js/banner.js:10
[   79622ms] [ERROR] Failed to load resource: net::ERR_CONNECTION_CLOSED @ https://pxl.iqm.com/i/ck/mnet?cid=4263714045655984000V10&gdpr=0&gdpr_consent=&gpp_string=&gpp_sid=&redirect=https%3A%2F%2Fcs.media.net%2Fcksync%3Fcs%3D3%26type%3Diqm%26ovsid%3D%7B%24PARTNER_UID%7D&cs=9:0
[   78529ms] [ERROR] Attestation check for Shared Storage on https://www.googleadservices.com failed. @ https://www.googleadservices.com/pagead/managed/js/activeview/current/reach_worklet.html:0
[   80049ms] [ERROR] Attestation check for Shared Storage on https://www.googleadservices.com failed. @ https://www.googleadservices.com/pagead/managed/js/activeview/current/reach_worklet.html:0
[   83547ms] [LOG] Polite loading scripts @ https://s0.2mdn.net/sadbundle/1106702326877005852/js/banner.js:10
[   84334ms] [ERROR] Attestation check for Shared Storage on https://www.googleadservices.com failed. @ https://www.googleadservices.com/pagead/managed/js/activeview/current/reach_worklet.html:0
[   79622ms] [ERROR] Failed to load resource: net::ERR_CONNECTION_CLOSED @ https://pxl.iqm.com/i/ck/mnet?cid=4263714045655984000V10&gdpr=0&gdpr_consent=&gpp_string=&gpp_sid=&redirect=https%3A%2F%2Fcs.media.net%2Fcksync%3Fcs%3D3%26type%3Diqm%26ovsid%3D%7B%24PARTNER_UID%7D&cs=9:0
[   84558ms] [WARNING] GSAP target undefined not found. https://greensock.com @ https://s0.2mdn.net/ads/studio/cached_libs/gsap_3.11.1_min.js:9
[   84584ms] [WARNING] GSAP target undefined not found. https://greensock.com @ https://s0.2mdn.net/ads/studio/cached_libs/gsap_3.11.1_min.js:9
[   84938ms] [WARNING] GSAP target undefined not found. https://greensock.com @ https://s0.2mdn.net/ads/studio/cached_libs/gsap_3.11.1_min.js:9
[   84943ms] [WARNING] GSAP target undefined not found. https://greensock.com @ https://s0.2mdn.net/ads/studio/cached_libs/gsap_3.11.1_min.js:9
[   78529ms] [ERROR] Attestation check for Shared Storage on https://www.googleadservices.com failed. @ https://www.googleadservices.com/pagead/managed/js/activeview/current/reach_worklet.html:0
[   80049ms] [ERROR] Attestation check for Shared Storage on https://www.googleadservices.com failed. @ https://www.googleadservices.com/pagead/managed/js/activeview/current/reach_worklet.html:0
[   84334ms] [ERROR] Attestation check for Shared Storage on https://www.googleadservices.com failed. @ https://www.googleadservices.com/pagead/managed/js/activeview/current/reach_worklet.html:0
[   85754ms] [ERROR] Failed to load resource: net::ERR_NAME_NOT_RESOLVED @ https://cookie-sync.api.soundcast.fm/v1/esync?url=https%3A%2F%2Fcm.g.doubleclick.net%2Fpixel%3Fgoogle_nid%3Dsoundcast_dbm%26google_hm%3D%24UID&gdpr=0:0
[   86621ms] [ERROR] Attestation check for Shared Storage on https://www.googleadservices.com failed. @ https://www.googleadservices.com/pagead/managed/js/activeview/current/reach_worklet.html:0
[   79622ms] [ERROR] Failed to load resource: net::ERR_CONNECTION_CLOSED @ https://pxl.iqm.com/i/ck/mnet?cid=4263714045655984000V10&gdpr=0&gdpr_consent=&gpp_string=&gpp_sid=&redirect=https%3A%2F%2Fcs.media.net%2Fcksync%3Fcs%3D3%26type%3Diqm%26ovsid%3D%7B%24PARTNER_UID%7D&cs=9:0
[   85754ms] [ERROR] Failed to load resource: net::ERR_NAME_NOT_RESOLVED @ https://cookie-sync.api.soundcast.fm/v1/esync?url=https%3A%2F%2Fcm.g.doubleclick.net%2Fpixel%3Fgoogle_nid%3Dsoundcast_dbm%26google_hm%3D%24UID&gdpr=0:0
[   78529ms] [ERROR] Attestation check for Shared Storage on https://www.googleadservices.com failed. @ https://www.googleadservices.com/pagead/managed/js/activeview/current/reach_worklet.html:0
[   80049ms] [ERROR] Attestation check for Shared Storage on https://www.googleadservices.com failed. @ https://www.googleadservices.com/pagead/managed/js/activeview/current/reach_worklet.html:0
[   84334ms] [ERROR] Attestation check for Shared Storage on https://www.googleadservices.com failed. @ https://www.googleadservices.com/pagead/managed/js/activeview/current/reach_worklet.html:0
[   86621ms] [ERROR] Attestation check for Shared Storage on https://www.googleadservices.com failed. @ https://www.googleadservices.com/pagead/managed/js/activeview/current/reach_worklet.html:0
[   88257ms] [ERROR] Attestation check for Shared Storage on https://www.googleadservices.com failed. @ https://www.googleadservices.com/pagead/managed/js/activeview/current/reach_worklet.html:0
[   85754ms] [ERROR] Failed to load resource: net::ERR_NAME_NOT_RESOLVED @ https://cookie-sync.api.soundcast.fm/v1/esync?url=https%3A%2F%2Fcm.g.doubleclick.net%2Fpixel%3Fgoogle_nid%3Dsoundcast_dbm%26google_hm%3D%24UID&gdpr=0:0
[   78529ms] [ERROR] Attestation check for Shared Storage on https://www.googleadservices.com failed. @ https://www.googleadservices.com/pagead/managed/js/activeview/current/reach_worklet.html:0
[   80049ms] [ERROR] Attestation check for Shared Storage on https://www.googleadservices.com failed. @ https://www.googleadservices.com/pagead/managed/js/activeview/current/reach_worklet.html:0
[   84334ms] [ERROR] Attestation check for Shared Storage on https://www.googleadservices.com failed. @ https://www.googleadservices.com/pagead/managed/js/activeview/current/reach_worklet.html:0
[   86621ms] [ERROR] Attestation check for Shared Storage on https://www.googleadservices.com failed. @ https://www.googleadservices.com/pagead/managed/js/activeview/current/reach_worklet.html:0
[   88257ms] [ERROR] Attestation check for Shared Storage on https://www.googleadservices.com failed. @ https://www.googleadservices.com/pagead/managed/js/activeview/current/reach_worklet.html:0
[   90672ms] [ERROR] Access to fetch at 'https://pbsj-us-east.bricks-co.com/openrtb2/auction' from origin 'https://www.w3schools.com' has been blocked by CORS policy: No 'Access-Control-Allow-Origin' header is present on the requested resource. @ https://www.w3schools.com/colors/colors_hsl.asp?color=hsl(195,%201,%200.5):0
[   90672ms] [ERROR] Failed to load resource: net::ERR_FAILED @ https://pbsj-us-east.bricks-co.com/openrtb2/auction:0
[   91223ms] [ERROR] Failed to load resource: net::ERR_CONNECTION_CLOSED @ https://sync.connectad.io/umatch/1?dataid=data17&uuid=RX-9ec1288d-a6be-4e05-a575-925bfbfcec30-005&us_privacy=1---&rndcb=359565001:0
[   91243ms] [ERROR] Attestation check for Shared Storage on https://www.googleadservices.com failed. @ https://www.googleadservices.com/pagead/managed/js/activeview/current/reach_worklet.html:0
[   85754ms] [ERROR] Failed to load resource: net::ERR_NAME_NOT_RESOLVED @ https://cookie-sync.api.soundcast.fm/v1/esync?url=https%3A%2F%2Fcm.g.doubleclick.net%2Fpixel%3Fgoogle_nid%3Dsoundcast_dbm%26google_hm%3D%24UID&gdpr=0:0
[   91839ms] [ERROR] Failed to load resource: the server responded with a status of 400 () @ https://cm.mgid.com/m?cdsp=433142&c=RX-9ec1288d-a6be-4e05-a575-925bfbfcec30-005&us_privacy=1---&rndcb=3460803040:0
[   92364ms] [ERROR] Failed to load resource: net::ERR_CONNECTION_CLOSED @ https://csync.smilewanted.com/set_partner_userid_get/unruly/RX-9ec1288d-a6be-4e05-a575-925bfbfcec30-005?us_privacy=1---&rndcb=8477261241:0
[   92377ms] [ERROR] Failed to load resource: the server responded with a status of 400 (Bad Request) @ https://sync.adkernel.com/user-sync?dsp=11&t=image&uid=RX-9ec1288d-a6be-4e05-a575-925bfbfcec30-005&us_privacy=1---&rndcb=4809021070:0
[   92394ms] [ERROR] Failed to load resource: net::ERR_SOCKET_NOT_CONNECTED @ https://csync.loopme.me/?partner_id=2259&vt=RX-9ec1288d-a6be-4e05-a575-925bfbfcec30-005&us_privacy=1---&rndcb=3695539100:0
[   92527ms] [WARNING] An iframe which has both allow-scripts and allow-same-origin for its sandbox attribute can escape its sandboxing. @ https://www.flashb.id/assets/js/hbdbrk_fef0c8b2caedfb449c01_m.js:0
[   93148ms] [ERROR] Failed to load resource: the server responded with a status of 404 () @ https://cs.admanmedia.com/cbaf91328596cd8e6c6aac070d7c695b.gif?puid=[UID]&redir=[RED]&gdpr=[GDPR]&gdpr_consent=[GDPR_CONSENT]&ccpa=[CCPA]&coppa=[COPPA]&us_privacy=1---&rndcb=1210572107:0
[   93344ms] [ERROR] Failed to load resource: the server responded with a status of 400 () @ https://match.prod.bidr.io/cookie-sync/ro?us_privacy=1---&rndcb=1144717434:0
[   85754ms] [ERROR] Failed to load resource: net::ERR_NAME_NOT_RESOLVED @ https://cookie-sync.api.soundcast.fm/v1/esync?url=https%3A%2F%2Fcm.g.doubleclick.net%2Fpixel%3Fgoogle_nid%3Dsoundcast_dbm%26google_hm%3D%24UID&gdpr=0:0
[   78529ms] [ERROR] Attestation check for Shared Storage on https://www.googleadservices.com failed. @ https://www.googleadservices.com/pagead/managed/js/activeview/current/reach_worklet.html:0
[   80049ms] [ERROR] Attestation check for Shared Storage on https://www.googleadservices.com failed. @ https://www.googleadservices.com/pagead/managed/js/activeview/current/reach_worklet.html:0
[   84334ms] [ERROR] Attestation check for Shared Storage on https://www.googleadservices.com failed. @ https://www.googleadservices.com/pagead/managed/js/activeview/current/reach_worklet.html:0
[   86621ms] [ERROR] Attestation check for Shared Storage on https://www.googleadservices.com failed. @ https://www.googleadservices.com/pagead/managed/js/activeview/current/reach_worklet.html:0
[   88257ms] [ERROR] Attestation check for Shared Storage on https://www.googleadservices.com failed. @ https://www.googleadservices.com/pagead/managed/js/activeview/current/reach_worklet.html:0
[   91243ms] [ERROR] Attestation check for Shared Storage on https://www.googleadservices.com failed. @ https://www.googleadservices.com/pagead/managed/js/activeview/current/reach_worklet.html:0
[   91223ms] [ERROR] Failed to load resource: net::ERR_CONNECTION_CLOSED @ https://sync.connectad.io/umatch/1?dataid=data17&uuid=RX-9ec1288d-a6be-4e05-a575-925bfbfcec30-005&us_privacy=1---&rndcb=359565001:0
[   91839ms] [ERROR] Failed to load resource: the server responded with a status of 400 () @ https://cm.mgid.com/m?cdsp=433142&c=RX-9ec1288d-a6be-4e05-a575-925bfbfcec30-005&us_privacy=1---&rndcb=3460803040:0
[   92364ms] [ERROR] Failed to load resource: net::ERR_CONNECTION_CLOSED @ https://csync.smilewanted.com/set_partner_userid_get/unruly/RX-9ec1288d-a6be-4e05-a575-925bfbfcec30-005?us_privacy=1---&rndcb=8477261241:0
[   92377ms] [ERROR] Failed to load resource: the server responded with a status of 400 (Bad Request) @ https://sync.adkernel.com/user-sync?dsp=11&t=image&uid=RX-9ec1288d-a6be-4e05-a575-925bfbfcec30-005&us_privacy=1---&rndcb=4809021070:0
[   92394ms] [ERROR] Failed to load resource: net::ERR_SOCKET_NOT_CONNECTED @ https://csync.loopme.me/?partner_id=2259&vt=RX-9ec1288d-a6be-4e05-a575-925bfbfcec30-005&us_privacy=1---&rndcb=3695539100:0
[   93148ms] [ERROR] Failed to load resource: the server responded with a status of 404 () @ https://cs.admanmedia.com/cbaf91328596cd8e6c6aac070d7c695b.gif?puid=[UID]&redir=[RED]&gdpr=[GDPR]&gdpr_consent=[GDPR_CONSENT]&ccpa=[CCPA]&coppa=[COPPA]&us_privacy=1---&rndcb=1210572107:0
[   93344ms] [ERROR] Failed to load resource: the server responded with a status of 400 () @ https://match.prod.bidr.io/cookie-sync/ro?us_privacy=1---&rndcb=1144717434:0
[   95954ms] [ERROR] Failed to load resource: net::ERR_SOCKET_NOT_CONNECTED @ https://csync.loopme.me/?redirect=https%3A%2F%2Fsync.1rx.io%2Fusersync3%2Floopme%2F%2F%7Bdevice_id%7D%3Fzcc%3D0%26sspret%3D1%26us_privacy%3D1---&pubid=9718&us_privacy=1---&rndcb=2088199819:0
[   78529ms] [ERROR] Attestation check for Shared Storage on https://www.googleadservices.com failed. @ https://www.googleadservices.com/pagead/managed/js/activeview/current/reach_worklet.html:0
[   80049ms] [ERROR] Attestation check for Shared Storage on https://www.googleadservices.com failed. @ https://www.googleadservices.com/pagead/managed/js/activeview/current/reach_worklet.html:0
[   84334ms] [ERROR] Attestation check for Shared Storage on https://www.googleadservices.com failed. @ https://www.googleadservices.com/pagead/managed/js/activeview/current/reach_worklet.html:0
[   86621ms] [ERROR] Attestation check for Shared Storage on https://www.googleadservices.com failed. @ https://www.googleadservices.com/pagead/managed/js/activeview/current/reach_worklet.html:0
[   88257ms] [ERROR] Attestation check for Shared Storage on https://www.googleadservices.com failed. @ https://www.googleadservices.com/pagead/managed/js/activeview/current/reach_worklet.html:0
[   91243ms] [ERROR] Attestation check for Shared Storage on https://www.googleadservices.com failed. @ https://www.googleadservices.com/pagead/managed/js/activeview/current/reach_worklet.html:0
[   97248ms] [ERROR] Attestation check for Shared Storage on https://www.googleadservices.com failed. @ https://www.googleadservices.com/pagead/managed/js/activeview/current/reach_worklet.html:0
[   97413ms] [LOG] Polite loading scripts @ https://s0.2mdn.net/sadbundle/1106702326877005852/js/banner.js:10
[   85754ms] [ERROR] Failed to load resource: net::ERR_NAME_NOT_RESOLVED @ https://cookie-sync.api.soundcast.fm/v1/esync?url=https%3A%2F%2Fcm.g.doubleclick.net%2Fpixel%3Fgoogle_nid%3Dsoundcast_dbm%26google_hm%3D%24UID&gdpr=0:0
[   97681ms] [WARNING] GSAP target undefined not found. https://greensock.com @ https://s0.2mdn.net/ads/studio/cached_libs/gsap_3.11.1_min.js:9
[   97683ms] [WARNING] GSAP target undefined not found. https://greensock.com @ https://s0.2mdn.net/ads/studio/cached_libs/gsap_3.11.1_min.js:9
[   97727ms] [ERROR] Failed to load resource: net::ERR_NAME_NOT_RESOLVED @ https://tracker.pre.vr-tb.com/sync?id=3&uid=RX-9ec1288d-a6be-4e05-a575-925bfbfcec30-005&us_privacy=1---&rndcb=5500735770:0
[   98100ms] [ERROR] Access to fetch at 'https://pbsj-us-east.bricks-co.com/openrtb2/auction' from origin 'https://www.w3schools.com' has been blocked by CORS policy: No 'Access-Control-Allow-Origin' header is present on the requested resource. @ https://www.w3schools.com/colors/colors_hsl.asp?color=hsl(195,%201,%200.5):0
[   98101ms] [ERROR] Failed to load resource: net::ERR_FAILED @ https://pbsj-us-east.bricks-co.com/openrtb2/auction:0
[   98194ms] [ERROR] Failed to load resource: net::ERR_NAME_NOT_RESOLVED @ https://cs.iqzone.com/cd7df7742ce9820014dceb9d36ea934e.gif?puid=RX-9ec1288d-a6be-4e05-a575-925bfbfcec30-005&us_privacy=1---&rndcb=4646964125:0
[   78529ms] [ERROR] Attestation check for Shared Storage on https://www.googleadservices.com failed. @ https://www.googleadservices.com/pagead/managed/js/activeview/current/reach_worklet.html:0
[   80049ms] [ERROR] Attestation check for Shared Storage on https://www.googleadservices.com failed. @ https://www.googleadservices.com/pagead/managed/js/activeview/current/reach_worklet.html:0
[   84334ms] [ERROR] Attestation check for Shared Storage on https://www.googleadservices.com failed. @ https://www.googleadservices.com/pagead/managed/js/activeview/current/reach_worklet.html:0
[   86621ms] [ERROR] Attestation check for Shared Storage on https://www.googleadservices.com failed. @ https://www.googleadservices.com/pagead/managed/js/activeview/current/reach_worklet.html:0
[   88257ms] [ERROR] Attestation check for Shared Storage on https://www.googleadservices.com failed. @ https://www.googleadservices.com/pagead/managed/js/activeview/current/reach_worklet.html:0
[   91243ms] [ERROR] Attestation check for Shared Storage on https://www.googleadservices.com failed. @ https://www.googleadservices.com/pagead/managed/js/activeview/current/reach_worklet.html:0
[   97248ms] [ERROR] Attestation check for Shared Storage on https://www.googleadservices.com failed. @ https://www.googleadservices.com/pagead/managed/js/activeview/current/reach_worklet.html:0
[   85754ms] [ERROR] Failed to load resource: net::ERR_NAME_NOT_RESOLVED @ https://cookie-sync.api.soundcast.fm/v1/esync?url=https%3A%2F%2Fcm.g.doubleclick.net%2Fpixel%3Fgoogle_nid%3Dsoundcast_dbm%26google_hm%3D%24UID&gdpr=0:0
[   98816ms] [ERROR] Attestation check for Shared Storage on https://www.googleadservices.com failed. @ https://www.googleadservices.com/pagead/managed/js/activeview/current/reach_worklet.html:0
[   98901ms] [WARNING] An iframe which has both allow-scripts and allow-same-origin for its sandbox attribute can escape its sandboxing. @ https://www.flashb.id/assets/js/hbdbrk_fef0c8b2caedfb449c01_m.js:0
[   99759ms] [ERROR] Failed to load resource: net::ERR_NAME_NOT_RESOLVED @ https://x.fidelity-media.com/match.php?dsp=RHTMKUB&uid=RX-9ec1288d-a6be-4e05-a575-925bfbfcec30-005&us_privacy=1---&rndcb=5875170170:0
[   99759ms] [ERROR] Failed to load resource: the server responded with a status of 401 () @ https://sync.ex.co/v1/setuid/copper6/?gdpr=[GDPR]&gdpr_consent=[GDPR_CONSENT]&gpp=[GPP]&gpp_sid=[GPP_SID]&uid=8b40d63c-9b6e-4ae4-8015-10ac1a43d577:0
[   99760ms] [ERROR] Failed to load resource: the server responded with a status of 400 () @ https://cm.mgid.com/m?cdsp=834161&c=RX-9ec1288d-a6be-4e05-a575-925bfbfcec30-005&us_privacy=1---&rndcb=6837296067:0
[   99799ms] [ERROR] Failed to load resource: the server responded with a status of 404 () @ https://match.justpremium.com/match/un?rid=r-4111cedb-72e5-4a0d-8cbd-4b6c3882923c-1687-778229178&jp_uid=lk2-um-bfeb8f08-96fa-4da8-b070-7171050cd12e-1613989936&ex_uid=RX-9ec1288d-a6be-4e05-a575-925bfbfcec30-005&us_privacy=1---&rndcb=6755002177:0
[   99963ms] [ERROR] Failed to load resource: the server responded with a status of 400 () @ https://mfx.mobilefuse.com/setuid?pid=unr&uid=RX-9ec1288d-a6be-4e05-a575-925bfbfcec30-005&us_privacy=1---&rndcb=3485535791:0
[   99983ms] [ERROR] Failed to load resource: net::ERR_NAME_NOT_RESOLVED @ https://sync.spotim.market/csync?t=a&ep=708476&extuid=RX-9ec1288d-a6be-4e05-a575-925bfbfcec30-005&us_privacy=1---&rndcb=2790323897:0
[  100343ms] [ERROR] Attestation check for Shared Storage on https://www.googleadservices.com failed. @ https://www.googleadservices.com/pagead/managed/js/activeview/current/reach_worklet.html:0
[   91223ms] [ERROR] Failed to load resource: net::ERR_CONNECTION_CLOSED @ https://sync.connectad.io/umatch/1?dataid=data17&uuid=RX-9ec1288d-a6be-4e05-a575-925bfbfcec30-005&us_privacy=1---&rndcb=359565001:0
[   91839ms] [ERROR] Failed to load resource: the server responded with a status of 400 () @ https://cm.mgid.com/m?cdsp=433142&c=RX-9ec1288d-a6be-4e05-a575-925bfbfcec30-005&us_privacy=1---&rndcb=3460803040:0
[   92364ms] [ERROR] Failed to load resource: net::ERR_CONNECTION_CLOSED @ https://csync.smilewanted.com/set_partner_userid_get/unruly/RX-9ec1288d-a6be-4e05-a575-925bfbfcec30-005?us_privacy=1---&rndcb=8477261241:0
[   92377ms] [ERROR] Failed to load resource: the server responded with a status of 400 (Bad Request) @ https://sync.adkernel.com/user-sync?dsp=11&t=image&uid=RX-9ec1288d-a6be-4e05-a575-925bfbfcec30-005&us_privacy=1---&rndcb=4809021070:0
[   92394ms] [ERROR] Failed to load resource: net::ERR_SOCKET_NOT_CONNECTED @ https://csync.loopme.me/?partner_id=2259&vt=RX-9ec1288d-a6be-4e05-a575-925bfbfcec30-005&us_privacy=1---&rndcb=3695539100:0
[   93148ms] [ERROR] Failed to load resource: the server responded with a status of 404 () @ https://cs.admanmedia.com/cbaf91328596cd8e6c6aac070d7c695b.gif?puid=[UID]&redir=[RED]&gdpr=[GDPR]&gdpr_consent=[GDPR_CONSENT]&ccpa=[CCPA]&coppa=[COPPA]&us_privacy=1---&rndcb=1210572107:0
[   93344ms] [ERROR] Failed to load resource: the server responded with a status of 400 () @ https://match.prod.bidr.io/cookie-sync/ro?us_privacy=1---&rndcb=1144717434:0
[   95954ms] [ERROR] Failed to load resource: net::ERR_SOCKET_NOT_CONNECTED @ https://csync.loopme.me/?redirect=https%3A%2F%2Fsync.1rx.io%2Fusersync3%2Floopme%2F%2F%7Bdevice_id%7D%3Fzcc%3D0%26sspret%3D1%26us_privacy%3D1---&pubid=9718&us_privacy=1---&rndcb=2088199819:0
[   97727ms] [ERROR] Failed to load resource: net::ERR_NAME_NOT_RESOLVED @ https://tracker.pre.vr-tb.com/sync?id=3&uid=RX-9ec1288d-a6be-4e05-a575-925bfbfcec30-005&us_privacy=1---&rndcb=5500735770:0
[   98194ms] [ERROR] Failed to load resource: net::ERR_NAME_NOT_RESOLVED @ https://cs.iqzone.com/cd7df7742ce9820014dceb9d36ea934e.gif?puid=RX-9ec1288d-a6be-4e05-a575-925bfbfcec30-005&us_privacy=1---&rndcb=4646964125:0
[   99759ms] [ERROR] Failed to load resource: net::ERR_NAME_NOT_RESOLVED @ https://x.fidelity-media.com/match.php?dsp=RHTMKUB&uid=RX-9ec1288d-a6be-4e05-a575-925bfbfcec30-005&us_privacy=1---&rndcb=5875170170:0
[   99759ms] [ERROR] Failed to load resource: the server responded with a status of 401 () @ https://sync.ex.co/v1/setuid/copper6/?gdpr=[GDPR]&gdpr_consent=[GDPR_CONSENT]&gpp=[GPP]&gpp_sid=[GPP_SID]&uid=8b40d63c-9b6e-4ae4-8015-10ac1a43d577:0
[   99760ms] [ERROR] Failed to load resource: the server responded with a status of 400 () @ https://cm.mgid.com/m?cdsp=834161&c=RX-9ec1288d-a6be-4e05-a575-925bfbfcec30-005&us_privacy=1---&rndcb=6837296067:0
[   99799ms] [ERROR] Failed to load resource: the server responded with a status of 404 () @ https://match.justpremium.com/match/un?rid=r-4111cedb-72e5-4a0d-8cbd-4b6c3882923c-1687-778229178&jp_uid=lk2-um-bfeb8f08-96fa-4da8-b070-7171050cd12e-1613989936&ex_uid=RX-9ec1288d-a6be-4e05-a575-925bfbfcec30-005&us_privacy=1---&rndcb=6755002177:0
[   99963ms] [ERROR] Failed to load resource: the server responded with a status of 400 () @ https://mfx.mobilefuse.com/setuid?pid=unr&uid=RX-9ec1288d-a6be-4e05-a575-925bfbfcec30-005&us_privacy=1---&rndcb=3485535791:0
[   99983ms] [ERROR] Failed to load resource: net::ERR_NAME_NOT_RESOLVED @ https://sync.spotim.market/csync?t=a&ep=708476&extuid=RX-9ec1288d-a6be-4e05-a575-925bfbfcec30-005&us_privacy=1---&rndcb=2790323897:0
[  101251ms] [ERROR] Failed to load resource: net::ERR_NAME_NOT_RESOLVED @ https://sync.pubwise.io/usersync/unrulydspctv/RX-9ec1288d-a6be-4e05-a575-925bfbfcec30-005?us_privacy=1---&rndcb=431564914:0
[  104426ms] [ERROR] Failed to load resource: net::ERR_TOO_MANY_REDIRECTS @ https://sync-ssp.adsmovil.com/25272641f0ca28f71a7ea277c4985249.gif?puid=2648036472040787691&redir=https%3A%2F%2Fssbsync.smartadserver.com%2Fapi%2Fsync%3FcallerId%3D301&gdpr=0&gdpr_consent=:0
[  104567ms] [ERROR] Failed to load resource: net::ERR_CERT_COMMON_NAME_INVALID @ https://sync.programmaticx.ai/api/cookie?partnerId=progx-unruly&userId=RX-9ec1288d-a6be-4e05-a575-925bfbfcec30-005&us_privacy=1---&rndcb=1162585388:0
[   78529ms] [ERROR] Attestation check for Shared Storage on https://www.googleadservices.com failed. @ https://www.googleadservices.com/pagead/managed/js/activeview/current/reach_worklet.html:0
[   80049ms] [ERROR] Attestation check for Shared Storage on https://www.googleadservices.com failed. @ https://www.googleadservices.com/pagead/managed/js/activeview/current/reach_worklet.html:0
[   84334ms] [ERROR] Attestation check for Shared Storage on https://www.googleadservices.com failed. @ https://www.googleadservices.com/pagead/managed/js/activeview/current/reach_worklet.html:0
[   86621ms] [ERROR] Attestation check for Shared Storage on https://www.googleadservices.com failed. @ https://www.googleadservices.com/pagead/managed/js/activeview/current/reach_worklet.html:0
[   88257ms] [ERROR] Attestation check for Shared Storage on https://www.googleadservices.com failed. @ https://www.googleadservices.com/pagead/managed/js/activeview/current/reach_worklet.html:0
[   91243ms] [ERROR] Attestation check for Shared Storage on https://www.googleadservices.com failed. @ https://www.googleadservices.com/pagead/managed/js/activeview/current/reach_worklet.html:0
[   97248ms] [ERROR] Attestation check for Shared Storage on https://www.googleadservices.com failed. @ https://www.googleadservices.com/pagead/managed/js/activeview/current/reach_worklet.html:0
[   98816ms] [ERROR] Attestation check for Shared Storage on https://www.googleadservices.com failed. @ https://www.googleadservices.com/pagead/managed/js/activeview/current/reach_worklet.html:0
[  100343ms] [ERROR] Attestation check for Shared Storage on https://www.googleadservices.com failed. @ https://www.googleadservices.com/pagead/managed/js/activeview/current/reach_worklet.html:0
[  106043ms] [ERROR] Attestation check for Shared Storage on https://www.googleadservices.com failed. @ https://www.googleadservices.com/pagead/managed/js/activeview/current/reach_worklet.html:0
[   85754ms] [ERROR] Failed to load resource: net::ERR_NAME_NOT_RESOLVED @ https://cookie-sync.api.soundcast.fm/v1/esync?url=https%3A%2F%2Fcm.g.doubleclick.net%2Fpixel%3Fgoogle_nid%3Dsoundcast_dbm%26google_hm%3D%24UID&gdpr=0:0
[   78529ms] [ERROR] Attestation check for Shared Storage on https://www.googleadservices.com failed. @ https://www.googleadservices.com/pagead/managed/js/activeview/current/reach_worklet.html:0
[   80049ms] [ERROR] Attestation check for Shared Storage on https://www.googleadservices.com failed. @ https://www.googleadservices.com/pagead/managed/js/activeview/current/reach_worklet.html:0
[   84334ms] [ERROR] Attestation check for Shared Storage on https://www.googleadservices.com failed. @ https://www.googleadservices.com/pagead/managed/js/activeview/current/reach_worklet.html:0
[   86621ms] [ERROR] Attestation check for Shared Storage on https://www.googleadservices.com failed. @ https://www.googleadservices.com/pagead/managed/js/activeview/current/reach_worklet.html:0
[   88257ms] [ERROR] Attestation check for Shared Storage on https://www.googleadservices.com failed. @ https://www.googleadservices.com/pagead/managed/js/activeview/current/reach_worklet.html:0
[   91243ms] [ERROR] Attestation check for Shared Storage on https://www.googleadservices.com failed. @ https://www.googleadservices.com/pagead/managed/js/activeview/current/reach_worklet.html:0
[   97248ms] [ERROR] Attestation check for Shared Storage on https://www.googleadservices.com failed. @ https://www.googleadservices.com/pagead/managed/js/activeview/current/reach_worklet.html:0
[   98816ms] [ERROR] Attestation check for Shared Storage on https://www.googleadservices.com failed. @ https://www.googleadservices.com/pagead/managed/js/activeview/current/reach_worklet.html:0
[  100343ms] [ERROR] Attestation check for Shared Storage on https://www.googleadservices.com failed. @ https://www.googleadservices.com/pagead/managed/js/activeview/current/reach_worklet.html:0
[  106043ms] [ERROR] Attestation check for Shared Storage on https://www.googleadservices.com failed. @ https://www.googleadservices.com/pagead/managed/js/activeview/current/reach_worklet.html:0
[  107059ms] [ERROR] Failed to load resource: net::ERR_SOCKET_NOT_CONNECTED @ https://csync.loopme.me/?pubid=11466&redirect=https%3A%2F%2Fdsum-sec.casalemedia.com%2Frum%3Fcm_dsp_id%3D24%26external_user_id%3D%7Bviewer_token%7D&us_privacy=&gdpr=&gdpr_consent=&gpp=&gpp_sid=:0
[  109092ms] [ERROR] Failed to load resource: net::ERR_TOO_MANY_REDIRECTS @ https://cs.pgammedia.com/bf4103da5f0fb6ae0166419ea1a784aa.gif?gdpr=$$[GDPR]&gdpr_consent=$$[GDPR_CONSENT]&us_privacy=$[CCPA]&uid=$5e8b229a-39dc-4495-8c54-0b4c4d198901&cookie_age=$[COOKIE_AGE]:0
[  109104ms] [ERROR] Failed to load resource: net::ERR_NAME_NOT_RESOLVED @ https://tracker.ortb.vuukle.com/sync?id=35&uid=RX-9ec1288d-a6be-4e05-a575-925bfbfcec30-005&us_privacy=1---&rndcb=4007536479:0
[  109111ms] [ERROR] Failed to load resource: net::ERR_NAME_NOT_RESOLVED @ https://hb.yahoo.net/cksync.php?cs=1&type=56551&ovsid=RX-9ec1288d-a6be-4e05-a575-925bfbfcec30-005&us_privacy=1---&rndcb=1521567313:0
[  109119ms] [ERROR] Failed to load resource: net::ERR_NAME_NOT_RESOLVED @ https://cs.iqzone.com/dad9a774fb4631ad27a2b1e349bf882f.gif?puid=[UID]&redir=[RED]&gdpr=[GDPR]&gdpr_consent=[GDPR_CONSENT]&ccpa=[CCPA]&coppa=[COPPA]&us_privacy=1---&rndcb=5043859670:0
[  109119ms] [ERROR] Failed to load resource: net::ERR_NAME_NOT_RESOLVED @ https://cs.iqzone.com/dad9a774fb4631ad27a2b1e349bf882f.gif?puid=[UID]&redir=[RED]&gdpr=[GDPR]&gdpr_consent=[GDPR_CONSENT]&ccpa=[CCPA]&coppa=[COPPA]&us_privacy=1---&rndcb=743145145:0
[  109172ms] [ERROR] Attestation check for Shared Storage on https://www.googleadservices.com failed. @ https://www.googleadservices.com/pagead/managed/js/activeview/current/reach_worklet.html:0
[  109520ms] [ERROR] Access to fetch at 'https://pbsj-us-east.bricks-co.com/openrtb2/auction' from origin 'https://www.w3schools.com' has been blocked by CORS policy: No 'Access-Control-Allow-Origin' header is present on the requested resource. @ https://www.w3schools.com/colors/colors_hsl.asp?color=hsl(195,%201,%200.5):0
[  109520ms] [ERROR] Failed to load resource: net::ERR_FAILED @ https://pbsj-us-east.bricks-co.com/openrtb2/auction:0
[  109760ms] [ERROR] Failed to load resource: net::ERR_NAME_NOT_RESOLVED @ https://tracker-zmd.ortb.net/sync.html?us_privacy=1---&rndcb=1645288100:0
[  109761ms] [ERROR] Failed to load resource: the server responded with a status of 400 (Bad Request) @ https://sync.adkernel.com/user-sync?zone=83074&r=https%3A%2F%2Fsync.1rx.io%2Fusersync3%2Fyieldnexus%2F%2F%7BUID%7D%3Fzcc%3D0%26sspret%3D1%26us_privacy%3D1---&us_privacy=1---&rndcb=2924073219:0
[  109762ms] [ERROR] Failed to load resource: the server responded with a status of 400 (Bad Request) @ https://sync.adkernel.com/user-sync?zone=42861&r=https%3A%2F%2Fsync.1rx.io%2Fusersync3%2Fnativeads%2F%2F%7BUID%7D%3Fzcc%3D0%26sspret%3D1%26us_privacy%3D1---&us_privacy=1---&rndcb=4133114690:0
[  109764ms] [ERROR] Failed to load resource: the server responded with a status of 404 (Not Found) @ https://us.shb-sync.com/70d23a5f-6400-4661-9a33-825cbc2d2a1a.gif?puid=RX-9ec1288d-a6be-4e05-a575-925bfbfcec30-005&redir=[RED]&gdpr=[GDPR]&gdpr_consent=[GDPR_CONSENT]&ccpa=[CCPA]&us_privacy=1---&rndcb=2797034035:0
[   85754ms] [ERROR] Failed to load resource: net::ERR_NAME_NOT_RESOLVED @ https://cookie-sync.api.soundcast.fm/v1/esync?url=https%3A%2F%2Fcm.g.doubleclick.net%2Fpixel%3Fgoogle_nid%3Dsoundcast_dbm%26google_hm%3D%24UID&gdpr=0:0
[   85754ms] [ERROR] Failed to load resource: net::ERR_NAME_NOT_RESOLVED @ https://cookie-sync.api.soundcast.fm/v1/esync?url=https%3A%2F%2Fcm.g.doubleclick.net%2Fpixel%3Fgoogle_nid%3Dsoundcast_dbm%26google_hm%3D%24UID&gdpr=0:0
[  113738ms] [ERROR] Failed to load resource: net::ERR_NAME_NOT_RESOLVED @ https://visitor-gen01.omnitagjs.com/visitor/bsync?uid=5183beddfca39cdc784820fdf854594d&name=gen01&url=https%3A%2F%2Fpbjs.rbstsystems.live%2Fsync_proceed%3Fbn%3Dseat_218%26brk%3D0%26brk2%3D0%26us_privacy%3D%252C%26gdpr%3D%26gdpr_consent%3D%252C%26u%3DPARTNER_USER_ID:0
[  114192ms] [ERROR] Failed to load resource: net::ERR_TOO_MANY_REDIRECTS @ https://sync.intentiq.com/profiles_engine/ProfilesEngineServlet?at=20&dpi=1357991113&mi=10&csh=793790479;1486637409;259151345;1868283820;396218182;1207058874&rnd=816938424&pcid=4263714045655984000V10:0
[  114213ms] [LOG] JSHandle@node @ https://s0.2mdn.net/sadbundle/4654669881717542224/728x90-Display/animation.js:64
[   85754ms] [ERROR] Failed to load resource: net::ERR_NAME_NOT_RESOLVED @ https://cookie-sync.api.soundcast.fm/v1/esync?url=https%3A%2F%2Fcm.g.doubleclick.net%2Fpixel%3Fgoogle_nid%3Dsoundcast_dbm%26google_hm%3D%24UID&gdpr=0:0
[   79622ms] [ERROR] Failed to load resource: net::ERR_CONNECTION_CLOSED @ https://pxl.iqm.com/i/ck/mnet?cid=4263714045655984000V10&gdpr=0&gdpr_consent=&gpp_string=&gpp_sid=&redirect=https%3A%2F%2Fcs.media.net%2Fcksync%3Fcs%3D3%26type%3Diqm%26ovsid%3D%7B%24PARTNER_UID%7D&cs=9:0
[  118465ms] [ERROR] Failed to load resource: net::ERR_CONNECTION_CLOSED @ https://pxl.iqm.com/i/ck/mnet?cid=4263714045655984000V10&gdpr=0&gdpr_consent=&gpp_string=&gpp_sid=&redirect=https%3A%2F%2Fcs.media.net%2Fcksync%3Fcs%3D3%26type%3Diqm%26ovsid%3D%7B%24PARTNER_UID%7D&cs=9:0
[  119342ms] [ERROR] Access to fetch at 'https://pbsj-us-east.bricks-co.com/openrtb2/auction' from origin 'https://www.w3schools.com' has been blocked by CORS policy: No 'Access-Control-Allow-Origin' header is present on the requested resource. @ https://www.w3schools.com/colors/colors_hsl.asp?color=hsl(195,%201,%200.5):0
[  119342ms] [ERROR] Failed to load resource: net::ERR_FAILED @ https://pbsj-us-east.bricks-co.com/openrtb2/auction:0
[   85754ms] [ERROR] Failed to load resource: net::ERR_NAME_NOT_RESOLVED @ https://cookie-sync.api.soundcast.fm/v1/esync?url=https%3A%2F%2Fcm.g.doubleclick.net%2Fpixel%3Fgoogle_nid%3Dsoundcast_dbm%26google_hm%3D%24UID&gdpr=0:0
[   85754ms] [ERROR] Failed to load resource: net::ERR_NAME_NOT_RESOLVED @ https://cookie-sync.api.soundcast.fm/v1/esync?url=https%3A%2F%2Fcm.g.doubleclick.net%2Fpixel%3Fgoogle_nid%3Dsoundcast_dbm%26google_hm%3D%24UID&gdpr=0:0
[   78529ms] [ERROR] Attestation check for Shared Storage on https://www.googleadservices.com failed. @ https://www.googleadservices.com/pagead/managed/js/activeview/current/reach_worklet.html:0
[   80049ms] [ERROR] Attestation check for Shared Storage on https://www.googleadservices.com failed. @ https://www.googleadservices.com/pagead/managed/js/activeview/current/reach_worklet.html:0
[   84334ms] [ERROR] Attestation check for Shared Storage on https://www.googleadservices.com failed. @ https://www.googleadservices.com/pagead/managed/js/activeview/current/reach_worklet.html:0
[   86621ms] [ERROR] Attestation check for Shared Storage on https://www.googleadservices.com failed. @ https://www.googleadservices.com/pagead/managed/js/activeview/current/reach_worklet.html:0
[   88257ms] [ERROR] Attestation check for Shared Storage on https://www.googleadservices.com failed. @ https://www.googleadservices.com/pagead/managed/js/activeview/current/reach_worklet.html:0
[   91243ms] [ERROR] Attestation check for Shared Storage on https://www.googleadservices.com failed. @ https://www.googleadservices.com/pagead/managed/js/activeview/current/reach_worklet.html:0
[   97248ms] [ERROR] Attestation check for Shared Storage on https://www.googleadservices.com failed. @ https://www.googleadservices.com/pagead/managed/js/activeview/current/reach_worklet.html:0
[   98816ms] [ERROR] Attestation check for Shared Storage on https://www.googleadservices.com failed. @ https://www.googleadservices.com/pagead/managed/js/activeview/current/reach_worklet.html:0
[  100343ms] [ERROR] Attestation check for Shared Storage on https://www.googleadservices.com failed. @ https://www.googleadservices.com/pagead/managed/js/activeview/current/reach_worklet.html:0
[  106043ms] [ERROR] Attestation check for Shared Storage on https://www.googleadservices.com failed. @ https://www.googleadservices.com/pagead/managed/js/activeview/current/reach_worklet.html:0
[  109172ms] [ERROR] Attestation check for Shared Storage on https://www.googleadservices.com failed. @ https://www.googleadservices.com/pagead/managed/js/activeview/current/reach_worklet.html:0
[   78529ms] [ERROR] Attestation check for Shared Storage on https://www.googleadservices.com failed. @ https://www.googleadservices.com/pagead/managed/js/activeview/current/reach_worklet.html:0
[   80049ms] [ERROR] Attestation check for Shared Storage on https://www.googleadservices.com failed. @ https://www.googleadservices.com/pagead/managed/js/activeview/current/reach_worklet.html:0
[   84334ms] [ERROR] Attestation check for Shared Storage on https://www.googleadservices.com failed. @ https://www.googleadservices.com/pagead/managed/js/activeview/current/reach_worklet.html:0
[   86621ms] [ERROR] Attestation check for Shared Storage on https://www.googleadservices.com failed. @ https://www.googleadservices.com/pagead/managed/js/activeview/current/reach_worklet.html:0
[   88257ms] [ERROR] Attestation check for Shared Storage on https://www.googleadservices.com failed. @ https://www.googleadservices.com/pagead/managed/js/activeview/current/reach_worklet.html:0
[   91243ms] [ERROR] Attestation check for Shared Storage on https://www.googleadservices.com failed. @ https://www.googleadservices.com/pagead/managed/js/activeview/current/reach_worklet.html:0
[   97248ms] [ERROR] Attestation check for Shared Storage on https://www.googleadservices.com failed. @ https://www.googleadservices.com/pagead/managed/js/activeview/current/reach_worklet.html:0
[   98816ms] [ERROR] Attestation check for Shared Storage on https://www.googleadservices.com failed. @ https://www.googleadservices.com/pagead/managed/js/activeview/current/reach_worklet.html:0
[  100343ms] [ERROR] Attestation check for Shared Storage on https://www.googleadservices.com failed. @ https://www.googleadservices.com/pagead/managed/js/activeview/current/reach_worklet.html:0
[  106043ms] [ERROR] Attestation check for Shared Storage on https://www.googleadservices.com failed. @ https://www.googleadservices.com/pagead/managed/js/activeview/current/reach_worklet.html:0
[  109172ms] [ERROR] Attestation check for Shared Storage on https://www.googleadservices.com failed. @ https://www.googleadservices.com/pagead/managed/js/activeview/current/reach_worklet.html:0
[  124379ms] [ERROR] Attestation check for Shared Storage on https://www.googleadservices.com failed. @ https://www.googleadservices.com/pagead/managed/js/activeview/current/reach_worklet.html:0
[  124947ms] [ERROR] Attestation check for Shared Storage on https://www.googleadservices.com failed. @ https://www.googleadservices.com/pagead/managed/js/activeview/current/reach_worklet.html:0
[   78529ms] [ERROR] Attestation check for Shared Storage on https://www.googleadservices.com failed. @ https://www.googleadservices.com/pagead/managed/js/activeview/current/reach_worklet.html:0
[   80049ms] [ERROR] Attestation check for Shared Storage on https://www.googleadservices.com failed. @ https://www.googleadservices.com/pagead/managed/js/activeview/current/reach_worklet.html:0
[   84334ms] [ERROR] Attestation check for Shared Storage on https://www.googleadservices.com failed. @ https://www.googleadservices.com/pagead/managed/js/activeview/current/reach_worklet.html:0
[   86621ms] [ERROR] Attestation check for Shared Storage on https://www.googleadservices.com failed. @ https://www.googleadservices.com/pagead/managed/js/activeview/current/reach_worklet.html:0
[   88257ms] [ERROR] Attestation check for Shared Storage on https://www.googleadservices.com failed. @ https://www.googleadservices.com/pagead/managed/js/activeview/current/reach_worklet.html:0
[   91243ms] [ERROR] Attestation check for Shared Storage on https://www.googleadservices.com failed. @ https://www.googleadservices.com/pagead/managed/js/activeview/current/reach_worklet.html:0
[   97248ms] [ERROR] Attestation check for Shared Storage on https://www.googleadservices.com failed. @ https://www.googleadservices.com/pagead/managed/js/activeview/current/reach_worklet.html:0
[   98816ms] [ERROR] Attestation check for Shared Storage on https://www.googleadservices.com failed. @ https://www.googleadservices.com/pagead/managed/js/activeview/current/reach_worklet.html:0
[  100343ms] [ERROR] Attestation check for Shared Storage on https://www.googleadservices.com failed. @ https://www.googleadservices.com/pagead/managed/js/activeview/current/reach_worklet.html:0
[  106043ms] [ERROR] Attestation check for Shared Storage on https://www.googleadservices.com failed. @ https://www.googleadservices.com/pagead/managed/js/activeview/current/reach_worklet.html:0
[  109172ms] [ERROR] Attestation check for Shared Storage on https://www.googleadservices.com failed. @ https://www.googleadservices.com/pagead/managed/js/activeview/current/reach_worklet.html:0
[  124379ms] [ERROR] Attestation check for Shared Storage on https://www.googleadservices.com failed. @ https://www.googleadservices.com/pagead/managed/js/activeview/current/reach_worklet.html:0
[  124947ms] [ERROR] Attestation check for Shared Storage on https://www.googleadservices.com failed. @ https://www.googleadservices.com/pagead/managed/js/activeview/current/reach_worklet.html:0
[  126634ms] [ERROR] Access to fetch at 'https://pbsj-us-east.bricks-co.com/openrtb2/auction' from origin 'https://www.w3schools.com' has been blocked by CORS policy: No 'Access-Control-Allow-Origin' header is present on the requested resource. @ https://www.w3schools.com/colors/colors_hsl.asp?color=hsl(195,%201,%200.5):0
[  126634ms] [ERROR] Failed to load resource: net::ERR_FAILED @ https://pbsj-us-east.bricks-co.com/openrtb2/auction:0
[  127473ms] [ERROR] Failed to load resource: net::ERR_TIMED_OUT @ https://ittpx.eskimi.com/sync?dp_id=170&user_id=RX-9ec1288d-a6be-4e05-a575-925bfbfcec30-005&us_privacy=1---&rndcb=5712487485:0
[  127917ms] [WARNING] An iframe which has both allow-scripts and allow-same-origin for its sandbox attribute can escape its sandboxing. @ https://www.flashb.id/assets/js/hbdbrk_fef0c8b2caedfb449c01_m.js:0
[   91223ms] [ERROR] Failed to load resource: net::ERR_CONNECTION_CLOSED @ https://sync.connectad.io/umatch/1?dataid=data17&uuid=RX-9ec1288d-a6be-4e05-a575-925bfbfcec30-005&us_privacy=1---&rndcb=359565001:0
[   91839ms] [ERROR] Failed to load resource: the server responded with a status of 400 () @ https://cm.mgid.com/m?cdsp=433142&c=RX-9ec1288d-a6be-4e05-a575-925bfbfcec30-005&us_privacy=1---&rndcb=3460803040:0
[   92364ms] [ERROR] Failed to load resource: net::ERR_CONNECTION_CLOSED @ https://csync.smilewanted.com/set_partner_userid_get/unruly/RX-9ec1288d-a6be-4e05-a575-925bfbfcec30-005?us_privacy=1---&rndcb=8477261241:0
[   92377ms] [ERROR] Failed to load resource: the server responded with a status of 400 (Bad Request) @ https://sync.adkernel.com/user-sync?dsp=11&t=image&uid=RX-9ec1288d-a6be-4e05-a575-925bfbfcec30-005&us_privacy=1---&rndcb=4809021070:0
[   92394ms] [ERROR] Failed to load resource: net::ERR_SOCKET_NOT_CONNECTED @ https://csync.loopme.me/?partner_id=2259&vt=RX-9ec1288d-a6be-4e05-a575-925bfbfcec30-005&us_privacy=1---&rndcb=3695539100:0
[   93148ms] [ERROR] Failed to load resource: the server responded with a status of 404 () @ https://cs.admanmedia.com/cbaf91328596cd8e6c6aac070d7c695b.gif?puid=[UID]&redir=[RED]&gdpr=[GDPR]&gdpr_consent=[GDPR_CONSENT]&ccpa=[CCPA]&coppa=[COPPA]&us_privacy=1---&rndcb=1210572107:0
[   93344ms] [ERROR] Failed to load resource: the server responded with a status of 400 () @ https://match.prod.bidr.io/cookie-sync/ro?us_privacy=1---&rndcb=1144717434:0
[   95954ms] [ERROR] Failed to load resource: net::ERR_SOCKET_NOT_CONNECTED @ https://csync.loopme.me/?redirect=https%3A%2F%2Fsync.1rx.io%2Fusersync3%2Floopme%2F%2F%7Bdevice_id%7D%3Fzcc%3D0%26sspret%3D1%26us_privacy%3D1---&pubid=9718&us_privacy=1---&rndcb=2088199819:0
[   97727ms] [ERROR] Failed to load resource: net::ERR_NAME_NOT_RESOLVED @ https://tracker.pre.vr-tb.com/sync?id=3&uid=RX-9ec1288d-a6be-4e05-a575-925bfbfcec30-005&us_privacy=1---&rndcb=5500735770:0
[   98194ms] [ERROR] Failed to load resource: net::ERR_NAME_NOT_RESOLVED @ https://cs.iqzone.com/cd7df7742ce9820014dceb9d36ea934e.gif?puid=RX-9ec1288d-a6be-4e05-a575-925bfbfcec30-005&us_privacy=1---&rndcb=4646964125:0
[   99759ms] [ERROR] Failed to load resource: net::ERR_NAME_NOT_RESOLVED @ https://x.fidelity-media.com/match.php?dsp=RHTMKUB&uid=RX-9ec1288d-a6be-4e05-a575-925bfbfcec30-005&us_privacy=1---&rndcb=5875170170:0
[   99759ms] [ERROR] Failed to load resource: the server responded with a status of 401 () @ https://sync.ex.co/v1/setuid/copper6/?gdpr=[GDPR]&gdpr_consent=[GDPR_CONSENT]&gpp=[GPP]&gpp_sid=[GPP_SID]&uid=8b40d63c-9b6e-4ae4-8015-10ac1a43d577:0
[   99760ms] [ERROR] Failed to load resource: the server responded with a status of 400 () @ https://cm.mgid.com/m?cdsp=834161&c=RX-9ec1288d-a6be-4e05-a575-925bfbfcec30-005&us_privacy=1---&rndcb=6837296067:0
[   99799ms] [ERROR] Failed to load resource: the server responded with a status of 404 () @ https://match.justpremium.com/match/un?rid=r-4111cedb-72e5-4a0d-8cbd-4b6c3882923c-1687-778229178&jp_uid=lk2-um-bfeb8f08-96fa-4da8-b070-7171050cd12e-1613989936&ex_uid=RX-9ec1288d-a6be-4e05-a575-925bfbfcec30-005&us_privacy=1---&rndcb=6755002177:0
[   99963ms] [ERROR] Failed to load resource: the server responded with a status of 400 () @ https://mfx.mobilefuse.com/setuid?pid=unr&uid=RX-9ec1288d-a6be-4e05-a575-925bfbfcec30-005&us_privacy=1---&rndcb=3485535791:0
[   99983ms] [ERROR] Failed to load resource: net::ERR_NAME_NOT_RESOLVED @ https://sync.spotim.market/csync?t=a&ep=708476&extuid=RX-9ec1288d-a6be-4e05-a575-925bfbfcec30-005&us_privacy=1---&rndcb=2790323897:0
[  101251ms] [ERROR] Failed to load resource: net::ERR_NAME_NOT_RESOLVED @ https://sync.pubwise.io/usersync/unrulydspctv/RX-9ec1288d-a6be-4e05-a575-925bfbfcec30-005?us_privacy=1---&rndcb=431564914:0
[  104426ms] [ERROR] Failed to load resource: net::ERR_TOO_MANY_REDIRECTS @ https://sync-ssp.adsmovil.com/25272641f0ca28f71a7ea277c4985249.gif?puid=2648036472040787691&redir=https%3A%2F%2Fssbsync.smartadserver.com%2Fapi%2Fsync%3FcallerId%3D301&gdpr=0&gdpr_consent=:0
[  104567ms] [ERROR] Failed to load resource: net::ERR_CERT_COMMON_NAME_INVALID @ https://sync.programmaticx.ai/api/cookie?partnerId=progx-unruly&userId=RX-9ec1288d-a6be-4e05-a575-925bfbfcec30-005&us_privacy=1---&rndcb=1162585388:0
[  109092ms] [ERROR] Failed to load resource: net::ERR_TOO_MANY_REDIRECTS @ https://cs.pgammedia.com/bf4103da5f0fb6ae0166419ea1a784aa.gif?gdpr=$$[GDPR]&gdpr_consent=$$[GDPR_CONSENT]&us_privacy=$[CCPA]&uid=$5e8b229a-39dc-4495-8c54-0b4c4d198901&cookie_age=$[COOKIE_AGE]:0
[  109104ms] [ERROR] Failed to load resource: net::ERR_NAME_NOT_RESOLVED @ https://tracker.ortb.vuukle.com/sync?id=35&uid=RX-9ec1288d-a6be-4e05-a575-925bfbfcec30-005&us_privacy=1---&rndcb=4007536479:0
[  109111ms] [ERROR] Failed to load resource: net::ERR_NAME_NOT_RESOLVED @ https://hb.yahoo.net/cksync.php?cs=1&type=56551&ovsid=RX-9ec1288d-a6be-4e05-a575-925bfbfcec30-005&us_privacy=1---&rndcb=1521567313:0
[  109119ms] [ERROR] Failed to load resource: net::ERR_NAME_NOT_RESOLVED @ https://cs.iqzone.com/dad9a774fb4631ad27a2b1e349bf882f.gif?puid=[UID]&redir=[RED]&gdpr=[GDPR]&gdpr_consent=[GDPR_CONSENT]&ccpa=[CCPA]&coppa=[COPPA]&us_privacy=1---&rndcb=5043859670:0
[  109119ms] [ERROR] Failed to load resource: net::ERR_NAME_NOT_RESOLVED @ https://cs.iqzone.com/dad9a774fb4631ad27a2b1e349bf882f.gif?puid=[UID]&redir=[RED]&gdpr=[GDPR]&gdpr_consent=[GDPR_CONSENT]&ccpa=[CCPA]&coppa=[COPPA]&us_privacy=1---&rndcb=743145145:0
[  109760ms] [ERROR] Failed to load resource: net::ERR_NAME_NOT_RESOLVED @ https://tracker-zmd.ortb.net/sync.html?us_privacy=1---&rndcb=1645288100:0
[  109761ms] [ERROR] Failed to load resource: the server responded with a status of 400 (Bad Request) @ https://sync.adkernel.com/user-sync?zone=83074&r=https%3A%2F%2Fsync.1rx.io%2Fusersync3%2Fyieldnexus%2F%2F%7BUID%7D%3Fzcc%3D0%26sspret%3D1%26us_privacy%3D1---&us_privacy=1---&rndcb=2924073219:0
[  109762ms] [ERROR] Failed to load resource: the server responded with a status of 400 (Bad Request) @ https://sync.adkernel.com/user-sync?zone=42861&r=https%3A%2F%2Fsync.1rx.io%2Fusersync3%2Fnativeads%2F%2F%7BUID%7D%3Fzcc%3D0%26sspret%3D1%26us_privacy%3D1---&us_privacy=1---&rndcb=4133114690:0
[  109764ms] [ERROR] Failed to load resource: the server responded with a status of 404 (Not Found) @ https://us.shb-sync.com/70d23a5f-6400-4661-9a33-825cbc2d2a1a.gif?puid=RX-9ec1288d-a6be-4e05-a575-925bfbfcec30-005&redir=[RED]&gdpr=[GDPR]&gdpr_consent=[GDPR_CONSENT]&ccpa=[CCPA]&us_privacy=1---&rndcb=2797034035:0
[  113738ms] [ERROR] Failed to load resource: net::ERR_NAME_NOT_RESOLVED @ https://visitor-gen01.omnitagjs.com/visitor/bsync?uid=5183beddfca39cdc784820fdf854594d&name=gen01&url=https%3A%2F%2Fpbjs.rbstsystems.live%2Fsync_proceed%3Fbn%3Dseat_218%26brk%3D0%26brk2%3D0%26us_privacy%3D%252C%26gdpr%3D%26gdpr_consent%3D%252C%26u%3DPARTNER_USER_ID:0
[  114192ms] [ERROR] Failed to load resource: net::ERR_TOO_MANY_REDIRECTS @ https://sync.intentiq.com/profiles_engine/ProfilesEngineServlet?at=20&dpi=1357991113&mi=10&csh=793790479;1486637409;259151345;1868283820;396218182;1207058874&rnd=816938424&pcid=4263714045655984000V10:0
[  127473ms] [ERROR] Failed to load resource: net::ERR_TIMED_OUT @ https://ittpx.eskimi.com/sync?dp_id=170&user_id=RX-9ec1288d-a6be-4e05-a575-925bfbfcec30-005&us_privacy=1---&rndcb=5712487485:0
[  132136ms] [TIMEEND] a: 0.002197265625 ms @ https://static.adsafeprotected.com/sca.17.6.4.js:31
[  132622ms] [DIR] SyntaxError @ https://js.ad-score.com/score.min.js?pid=1000925&tt=g:1
[   85754ms] [ERROR] Failed to load resource: net::ERR_NAME_NOT_RESOLVED @ https://cookie-sync.api.soundcast.fm/v1/esync?url=https%3A%2F%2Fcm.g.doubleclick.net%2Fpixel%3Fgoogle_nid%3Dsoundcast_dbm%26google_hm%3D%24UID&gdpr=0:0
[   78529ms] [ERROR] Attestation check for Shared Storage on https://www.googleadservices.com failed. @ https://www.googleadservices.com/pagead/managed/js/activeview/current/reach_worklet.html:0
[   80049ms] [ERROR] Attestation check for Shared Storage on https://www.googleadservices.com failed. @ https://www.googleadservices.com/pagead/managed/js/activeview/current/reach_worklet.html:0
[   84334ms] [ERROR] Attestation check for Shared Storage on https://www.googleadservices.com failed. @ https://www.googleadservices.com/pagead/managed/js/activeview/current/reach_worklet.html:0
[   86621ms] [ERROR] Attestation check for Shared Storage on https://www.googleadservices.com failed. @ https://www.googleadservices.com/pagead/managed/js/activeview/current/reach_worklet.html:0
[   88257ms] [ERROR] Attestation check for Shared Storage on https://www.googleadservices.com failed. @ https://www.googleadservices.com/pagead/managed/js/activeview/current/reach_worklet.html:0
[   91243ms] [ERROR] Attestation check for Shared Storage on https://www.googleadservices.com failed. @ https://www.googleadservices.com/pagead/managed/js/activeview/current/reach_worklet.html:0
[   97248ms] [ERROR] Attestation check for Shared Storage on https://www.googleadservices.com failed. @ https://www.googleadservices.com/pagead/managed/js/activeview/current/reach_worklet.html:0
[   98816ms] [ERROR] Attestation check for Shared Storage on https://www.googleadservices.com failed. @ https://www.googleadservices.com/pagead/managed/js/activeview/current/reach_worklet.html:0
[  100343ms] [ERROR] Attestation check for Shared Storage on https://www.googleadservices.com failed. @ https://www.googleadservices.com/pagead/managed/js/activeview/current/reach_worklet.html:0
[  106043ms] [ERROR] Attestation check for Shared Storage on https://www.googleadservices.com failed. @ https://www.googleadservices.com/pagead/managed/js/activeview/current/reach_worklet.html:0
[  109172ms] [ERROR] Attestation check for Shared Storage on https://www.googleadservices.com failed. @ https://www.googleadservices.com/pagead/managed/js/activeview/current/reach_worklet.html:0
[  124379ms] [ERROR] Attestation check for Shared Storage on https://www.googleadservices.com failed. @ https://www.googleadservices.com/pagead/managed/js/activeview/current/reach_worklet.html:0
[  124947ms] [ERROR] Attestation check for Shared Storage on https://www.googleadservices.com failed. @ https://www.googleadservices.com/pagead/managed/js/activeview/current/reach_worklet.html:0
[  138093ms] [ERROR] Attestation check for Shared Storage on https://www.googleadservices.com failed. @ https://www.googleadservices.com/pagead/managed/js/activeview/current/reach_worklet.html:0
[  138225ms] [ERROR] Access to fetch at 'https://pbsj-us-east.bricks-co.com/openrtb2/auction' from origin 'https://www.w3schools.com' has been blocked by CORS policy: No 'Access-Control-Allow-Origin' header is present on the requested resource. @ https://www.w3schools.com/colors/colors_hsl.asp?color=hsl(195,%201,%200.5):0
[  138226ms] [ERROR] Failed to load resource: net::ERR_FAILED @ https://pbsj-us-east.bricks-co.com/openrtb2/auction:0
[  139173ms] [WARNING] This richload has both an name and id attribute. Only the name will be used to set the richload name in this context. @ https://cdn.flashtalking.com/frameworks/js/api/2/10/html5API.js:0
[  139410ms] [WARNING] An iframe which has both allow-scripts and allow-same-origin for its sandbox attribute can escape its sandboxing. @ https://www.flashb.id/assets/js/hbdbrk_fef0c8b2caedfb449c01_m.js:0
[   85754ms] [ERROR] Failed to load resource: net::ERR_NAME_NOT_RESOLVED @ https://cookie-sync.api.soundcast.fm/v1/esync?url=https%3A%2F%2Fcm.g.doubleclick.net%2Fpixel%3Fgoogle_nid%3Dsoundcast_dbm%26google_hm%3D%24UID&gdpr=0:0
[   91223ms] [ERROR] Failed to load resource: net::ERR_CONNECTION_CLOSED @ https://sync.connectad.io/umatch/1?dataid=data17&uuid=RX-9ec1288d-a6be-4e05-a575-925bfbfcec30-005&us_privacy=1---&rndcb=359565001:0
[   91839ms] [ERROR] Failed to load resource: the server responded with a status of 400 () @ https://cm.mgid.com/m?cdsp=433142&c=RX-9ec1288d-a6be-4e05-a575-925bfbfcec30-005&us_privacy=1---&rndcb=3460803040:0
[   92364ms] [ERROR] Failed to load resource: net::ERR_CONNECTION_CLOSED @ https://csync.smilewanted.com/set_partner_userid_get/unruly/RX-9ec1288d-a6be-4e05-a575-925bfbfcec30-005?us_privacy=1---&rndcb=8477261241:0
[   92377ms] [ERROR] Failed to load resource: the server responded with a status of 400 (Bad Request) @ https://sync.adkernel.com/user-sync?dsp=11&t=image&uid=RX-9ec1288d-a6be-4e05-a575-925bfbfcec30-005&us_privacy=1---&rndcb=4809021070:0
[   92394ms] [ERROR] Failed to load resource: net::ERR_SOCKET_NOT_CONNECTED @ https://csync.loopme.me/?partner_id=2259&vt=RX-9ec1288d-a6be-4e05-a575-925bfbfcec30-005&us_privacy=1---&rndcb=3695539100:0
[   93148ms] [ERROR] Failed to load resource: the server responded with a status of 404 () @ https://cs.admanmedia.com/cbaf91328596cd8e6c6aac070d7c695b.gif?puid=[UID]&redir=[RED]&gdpr=[GDPR]&gdpr_consent=[GDPR_CONSENT]&ccpa=[CCPA]&coppa=[COPPA]&us_privacy=1---&rndcb=1210572107:0
[   93344ms] [ERROR] Failed to load resource: the server responded with a status of 400 () @ https://match.prod.bidr.io/cookie-sync/ro?us_privacy=1---&rndcb=1144717434:0
[   95954ms] [ERROR] Failed to load resource: net::ERR_SOCKET_NOT_CONNECTED @ https://csync.loopme.me/?redirect=https%3A%2F%2Fsync.1rx.io%2Fusersync3%2Floopme%2F%2F%7Bdevice_id%7D%3Fzcc%3D0%26sspret%3D1%26us_privacy%3D1---&pubid=9718&us_privacy=1---&rndcb=2088199819:0
[   97727ms] [ERROR] Failed to load resource: net::ERR_NAME_NOT_RESOLVED @ https://tracker.pre.vr-tb.com/sync?id=3&uid=RX-9ec1288d-a6be-4e05-a575-925bfbfcec30-005&us_privacy=1---&rndcb=5500735770:0
[   98194ms] [ERROR] Failed to load resource: net::ERR_NAME_NOT_RESOLVED @ https://cs.iqzone.com/cd7df7742ce9820014dceb9d36ea934e.gif?puid=RX-9ec1288d-a6be-4e05-a575-925bfbfcec30-005&us_privacy=1---&rndcb=4646964125:0
[   99759ms] [ERROR] Failed to load resource: net::ERR_NAME_NOT_RESOLVED @ https://x.fidelity-media.com/match.php?dsp=RHTMKUB&uid=RX-9ec1288d-a6be-4e05-a575-925bfbfcec30-005&us_privacy=1---&rndcb=5875170170:0
[   99759ms] [ERROR] Failed to load resource: the server responded with a status of 401 () @ https://sync.ex.co/v1/setuid/copper6/?gdpr=[GDPR]&gdpr_consent=[GDPR_CONSENT]&gpp=[GPP]&gpp_sid=[GPP_SID]&uid=8b40d63c-9b6e-4ae4-8015-10ac1a43d577:0
[   99760ms] [ERROR] Failed to load resource: the server responded with a status of 400 () @ https://cm.mgid.com/m?cdsp=834161&c=RX-9ec1288d-a6be-4e05-a575-925bfbfcec30-005&us_privacy=1---&rndcb=6837296067:0
[   99799ms] [ERROR] Failed to load resource: the server responded with a status of 404 () @ https://match.justpremium.com/match/un?rid=r-4111cedb-72e5-4a0d-8cbd-4b6c3882923c-1687-778229178&jp_uid=lk2-um-bfeb8f08-96fa-4da8-b070-7171050cd12e-1613989936&ex_uid=RX-9ec1288d-a6be-4e05-a575-925bfbfcec30-005&us_privacy=1---&rndcb=6755002177:0
[   99963ms] [ERROR] Failed to load resource: the server responded with a status of 400 () @ https://mfx.mobilefuse.com/setuid?pid=unr&uid=RX-9ec1288d-a6be-4e05-a575-925bfbfcec30-005&us_privacy=1---&rndcb=3485535791:0
[   99983ms] [ERROR] Failed to load resource: net::ERR_NAME_NOT_RESOLVED @ https://sync.spotim.market/csync?t=a&ep=708476&extuid=RX-9ec1288d-a6be-4e05-a575-925bfbfcec30-005&us_privacy=1---&rndcb=2790323897:0
[  101251ms] [ERROR] Failed to load resource: net::ERR_NAME_NOT_RESOLVED @ https://sync.pubwise.io/usersync/unrulydspctv/RX-9ec1288d-a6be-4e05-a575-925bfbfcec30-005?us_privacy=1---&rndcb=431564914:0
[  104426ms] [ERROR] Failed to load resource: net::ERR_TOO_MANY_REDIRECTS @ https://sync-ssp.adsmovil.com/25272641f0ca28f71a7ea277c4985249.gif?puid=2648036472040787691&redir=https%3A%2F%2Fssbsync.smartadserver.com%2Fapi%2Fsync%3FcallerId%3D301&gdpr=0&gdpr_consent=:0
[  104567ms] [ERROR] Failed to load resource: net::ERR_CERT_COMMON_NAME_INVALID @ https://sync.programmaticx.ai/api/cookie?partnerId=progx-unruly&userId=RX-9ec1288d-a6be-4e05-a575-925bfbfcec30-005&us_privacy=1---&rndcb=1162585388:0
[  109092ms] [ERROR] Failed to load resource: net::ERR_TOO_MANY_REDIRECTS @ https://cs.pgammedia.com/bf4103da5f0fb6ae0166419ea1a784aa.gif?gdpr=$$[GDPR]&gdpr_consent=$$[GDPR_CONSENT]&us_privacy=$[CCPA]&uid=$5e8b229a-39dc-4495-8c54-0b4c4d198901&cookie_age=$[COOKIE_AGE]:0
[  109104ms] [ERROR] Failed to load resource: net::ERR_NAME_NOT_RESOLVED @ https://tracker.ortb.vuukle.com/sync?id=35&uid=RX-9ec1288d-a6be-4e05-a575-925bfbfcec30-005&us_privacy=1---&rndcb=4007536479:0
[  109111ms] [ERROR] Failed to load resource: net::ERR_NAME_NOT_RESOLVED @ https://hb.yahoo.net/cksync.php?cs=1&type=56551&ovsid=RX-9ec1288d-a6be-4e05-a575-925bfbfcec30-005&us_privacy=1---&rndcb=1521567313:0
[  109119ms] [ERROR] Failed to load resource: net::ERR_NAME_NOT_RESOLVED @ https://cs.iqzone.com/dad9a774fb4631ad27a2b1e349bf882f.gif?puid=[UID]&redir=[RED]&gdpr=[GDPR]&gdpr_consent=[GDPR_CONSENT]&ccpa=[CCPA]&coppa=[COPPA]&us_privacy=1---&rndcb=5043859670:0
[  109119ms] [ERROR] Failed to load resource: net::ERR_NAME_NOT_RESOLVED @ https://cs.iqzone.com/dad9a774fb4631ad27a2b1e349bf882f.gif?puid=[UID]&redir=[RED]&gdpr=[GDPR]&gdpr_consent=[GDPR_CONSENT]&ccpa=[CCPA]&coppa=[COPPA]&us_privacy=1---&rndcb=743145145:0
[  109760ms] [ERROR] Failed to load resource: net::ERR_NAME_NOT_RESOLVED @ https://tracker-zmd.ortb.net/sync.html?us_privacy=1---&rndcb=1645288100:0
[  109761ms] [ERROR] Failed to load resource: the server responded with a status of 400 (Bad Request) @ https://sync.adkernel.com/user-sync?zone=83074&r=https%3A%2F%2Fsync.1rx.io%2Fusersync3%2Fyieldnexus%2F%2F%7BUID%7D%3Fzcc%3D0%26sspret%3D1%26us_privacy%3D1---&us_privacy=1---&rndcb=2924073219:0
[  109762ms] [ERROR] Failed to load resource: the server responded with a status of 400 (Bad Request) @ https://sync.adkernel.com/user-sync?zone=42861&r=https%3A%2F%2Fsync.1rx.io%2Fusersync3%2Fnativeads%2F%2F%7BUID%7D%3Fzcc%3D0%26sspret%3D1%26us_privacy%3D1---&us_privacy=1---&rndcb=4133114690:0
[  109764ms] [ERROR] Failed to load resource: the server responded with a status of 404 (Not Found) @ https://us.shb-sync.com/70d23a5f-6400-4661-9a33-825cbc2d2a1a.gif?puid=RX-9ec1288d-a6be-4e05-a575-925bfbfcec30-005&redir=[RED]&gdpr=[GDPR]&gdpr_consent=[GDPR_CONSENT]&ccpa=[CCPA]&us_privacy=1---&rndcb=2797034035:0
[  113738ms] [ERROR] Failed to load resource: net::ERR_NAME_NOT_RESOLVED @ https://visitor-gen01.omnitagjs.com/visitor/bsync?uid=5183beddfca39cdc784820fdf854594d&name=gen01&url=https%3A%2F%2Fpbjs.rbstsystems.live%2Fsync_proceed%3Fbn%3Dseat_218%26brk%3D0%26brk2%3D0%26us_privacy%3D%252C%26gdpr%3D%26gdpr_consent%3D%252C%26u%3DPARTNER_USER_ID:0
[  114192ms] [ERROR] Failed to load resource: net::ERR_TOO_MANY_REDIRECTS @ https://sync.intentiq.com/profiles_engine/ProfilesEngineServlet?at=20&dpi=1357991113&mi=10&csh=793790479;1486637409;259151345;1868283820;396218182;1207058874&rnd=816938424&pcid=4263714045655984000V10:0
[  127473ms] [ERROR] Failed to load resource: net::ERR_TIMED_OUT @ https://ittpx.eskimi.com/sync?dp_id=170&user_id=RX-9ec1288d-a6be-4e05-a575-925bfbfcec30-005&us_privacy=1---&rndcb=5712487485:0
[   78529ms] [ERROR] Attestation check for Shared Storage on https://www.googleadservices.com failed. @ https://www.googleadservices.com/pagead/managed/js/activeview/current/reach_worklet.html:0
[   80049ms] [ERROR] Attestation check for Shared Storage on https://www.googleadservices.com failed. @ https://www.googleadservices.com/pagead/managed/js/activeview/current/reach_worklet.html:0
[   84334ms] [ERROR] Attestation check for Shared Storage on https://www.googleadservices.com failed. @ https://www.googleadservices.com/pagead/managed/js/activeview/current/reach_worklet.html:0
[   86621ms] [ERROR] Attestation check for Shared Storage on https://www.googleadservices.com failed. @ https://www.googleadservices.com/pagead/managed/js/activeview/current/reach_worklet.html:0
[   88257ms] [ERROR] Attestation check for Shared Storage on https://www.googleadservices.com failed. @ https://www.googleadservices.com/pagead/managed/js/activeview/current/reach_worklet.html:0
[   91243ms] [ERROR] Attestation check for Shared Storage on https://www.googleadservices.com failed. @ https://www.googleadservices.com/pagead/managed/js/activeview/current/reach_worklet.html:0
[   97248ms] [ERROR] Attestation check for Shared Storage on https://www.googleadservices.com failed. @ https://www.googleadservices.com/pagead/managed/js/activeview/current/reach_worklet.html:0
[   98816ms] [ERROR] Attestation check for Shared Storage on https://www.googleadservices.com failed. @ https://www.googleadservices.com/pagead/managed/js/activeview/current/reach_worklet.html:0
[  100343ms] [ERROR] Attestation check for Shared Storage on https://www.googleadservices.com failed. @ https://www.googleadservices.com/pagead/managed/js/activeview/current/reach_worklet.html:0
[  106043ms] [ERROR] Attestation check for Shared Storage on https://www.googleadservices.com failed. @ https://www.googleadservices.com/pagead/managed/js/activeview/current/reach_worklet.html:0
[  109172ms] [ERROR] Attestation check for Shared Storage on https://www.googleadservices.com failed. @ https://www.googleadservices.com/pagead/managed/js/activeview/current/reach_worklet.html:0
[  124379ms] [ERROR] Attestation check for Shared Storage on https://www.googleadservices.com failed. @ https://www.googleadservices.com/pagead/managed/js/activeview/current/reach_worklet.html:0
[  124947ms] [ERROR] Attestation check for Shared Storage on https://www.googleadservices.com failed. @ https://www.googleadservices.com/pagead/managed/js/activeview/current/reach_worklet.html:0
[  138093ms] [ERROR] Attestation check for Shared Storage on https://www.googleadservices.com failed. @ https://www.googleadservices.com/pagead/managed/js/activeview/current/reach_worklet.html:0
[  140951ms] [ERROR] Attestation check for Shared Storage on https://www.googleadservices.com failed. @ https://www.googleadservices.com/pagead/managed/js/activeview/current/reach_worklet.html:0
[  142035ms] [WARNING] This richload has both an name and id attribute. Only the name will be used to set the richload name in this context. @ https://cdn.flashtalking.com/frameworks/js/api/2/10/html5API.js:0
[   85754ms] [ERROR] Failed to load resource: net::ERR_NAME_NOT_RESOLVED @ https://cookie-sync.api.soundcast.fm/v1/esync?url=https%3A%2F%2Fcm.g.doubleclick.net%2Fpixel%3Fgoogle_nid%3Dsoundcast_dbm%26google_hm%3D%24UID&gdpr=0:0
[  143171ms] [ERROR] Access to fetch at 'https://pbsj-us-east.bricks-co.com/openrtb2/auction' from origin 'https://www.w3schools.com' has been blocked by CORS policy: No 'Access-Control-Allow-Origin' header is present on the requested resource. @ https://www.w3schools.com/colors/colors_hsl.asp?color=hsl(195,%201,%200.5):0
[  143171ms] [ERROR] Failed to load resource: net::ERR_FAILED @ https://pbsj-us-east.bricks-co.com/openrtb2/auction:0
[   79622ms] [ERROR] Failed to load resource: net::ERR_CONNECTION_CLOSED @ https://pxl.iqm.com/i/ck/mnet?cid=4263714045655984000V10&gdpr=0&gdpr_consent=&gpp_string=&gpp_sid=&redirect=https%3A%2F%2Fcs.media.net%2Fcksync%3Fcs%3D3%26type%3Diqm%26ovsid%3D%7B%24PARTNER_UID%7D&cs=9:0
[  118465ms] [ERROR] Failed to load resource: net::ERR_CONNECTION_CLOSED @ https://pxl.iqm.com/i/ck/mnet?cid=4263714045655984000V10&gdpr=0&gdpr_consent=&gpp_string=&gpp_sid=&redirect=https%3A%2F%2Fcs.media.net%2Fcksync%3Fcs%3D3%26type%3Diqm%26ovsid%3D%7B%24PARTNER_UID%7D&cs=9:0
[  143792ms] [ERROR] Failed to load resource: net::ERR_CONNECTION_RESET @ https://pxl.iqm.com/i/ck/mnet?cid=4263714045655984000V10&gdpr=0&gdpr_consent=&gpp_string=&gpp_sid=&redirect=https%3A%2F%2Fcs.media.net%2Fcksync%3Fcs%3D3%26type%3Diqm%26ovsid%3D%7B%24PARTNER_UID%7D&cs=9:0
[   78529ms] [ERROR] Attestation check for Shared Storage on https://www.googleadservices.com failed. @ https://www.googleadservices.com/pagead/managed/js/activeview/current/reach_worklet.html:0
[   80049ms] [ERROR] Attestation check for Shared Storage on https://www.googleadservices.com failed. @ https://www.googleadservices.com/pagead/managed/js/activeview/current/reach_worklet.html:0
[   84334ms] [ERROR] Attestation check for Shared Storage on https://www.googleadservices.com failed. @ https://www.googleadservices.com/pagead/managed/js/activeview/current/reach_worklet.html:0
[   86621ms] [ERROR] Attestation check for Shared Storage on https://www.googleadservices.com failed. @ https://www.googleadservices.com/pagead/managed/js/activeview/current/reach_worklet.html:0
[   88257ms] [ERROR] Attestation check for Shared Storage on https://www.googleadservices.com failed. @ https://www.googleadservices.com/pagead/managed/js/activeview/current/reach_worklet.html:0
[   91243ms] [ERROR] Attestation check for Shared Storage on https://www.googleadservices.com failed. @ https://www.googleadservices.com/pagead/managed/js/activeview/current/reach_worklet.html:0
[   97248ms] [ERROR] Attestation check for Shared Storage on https://www.googleadservices.com failed. @ https://www.googleadservices.com/pagead/managed/js/activeview/current/reach_worklet.html:0
[   98816ms] [ERROR] Attestation check for Shared Storage on https://www.googleadservices.com failed. @ https://www.googleadservices.com/pagead/managed/js/activeview/current/reach_worklet.html:0
[  100343ms] [ERROR] Attestation check for Shared Storage on https://www.googleadservices.com failed. @ https://www.googleadservices.com/pagead/managed/js/activeview/current/reach_worklet.html:0
[  106043ms] [ERROR] Attestation check for Shared Storage on https://www.googleadservices.com failed. @ https://www.googleadservices.com/pagead/managed/js/activeview/current/reach_worklet.html:0
[  109172ms] [ERROR] Attestation check for Shared Storage on https://www.googleadservices.com failed. @ https://www.googleadservices.com/pagead/managed/js/activeview/current/reach_worklet.html:0
[  124379ms] [ERROR] Attestation check for Shared Storage on https://www.googleadservices.com failed. @ https://www.googleadservices.com/pagead/managed/js/activeview/current/reach_worklet.html:0
[  124947ms] [ERROR] Attestation check for Shared Storage on https://www.googleadservices.com failed. @ https://www.googleadservices.com/pagead/managed/js/activeview/current/reach_worklet.html:0
[  138093ms] [ERROR] Attestation check for Shared Storage on https://www.googleadservices.com failed. @ https://www.googleadservices.com/pagead/managed/js/activeview/current/reach_worklet.html:0
[  140951ms] [ERROR] Attestation check for Shared Storage on https://www.googleadservices.com failed. @ https://www.googleadservices.com/pagead/managed/js/activeview/current/reach_worklet.html:0
[  144487ms] [LOG] Targeted Exit Value: Custom @ https://s0.2mdn.net/sadbundle/7593572851012893525/728x90-Display-728x90/invocation.js:61
[  144756ms] [WARNING] An iframe which has both allow-scripts and allow-same-origin for its sandbox attribute can escape its sandboxing. @ https://www.flashb.id/assets/js/hbdbrk_fef0c8b2caedfb449c01_m.js:0
[  145508ms] [ERROR] Attestation check for Shared Storage on https://www.googleadservices.com failed. @ https://www.googleadservices.com/pagead/managed/js/activeview/current/reach_worklet.html:0
[   91223ms] [ERROR] Failed to load resource: net::ERR_CONNECTION_CLOSED @ https://sync.connectad.io/umatch/1?dataid=data17&uuid=RX-9ec1288d-a6be-4e05-a575-925bfbfcec30-005&us_privacy=1---&rndcb=359565001:0
[   91839ms] [ERROR] Failed to load resource: the server responded with a status of 400 () @ https://cm.mgid.com/m?cdsp=433142&c=RX-9ec1288d-a6be-4e05-a575-925bfbfcec30-005&us_privacy=1---&rndcb=3460803040:0
[   92364ms] [ERROR] Failed to load resource: net::ERR_CONNECTION_CLOSED @ https://csync.smilewanted.com/set_partner_userid_get/unruly/RX-9ec1288d-a6be-4e05-a575-925bfbfcec30-005?us_privacy=1---&rndcb=8477261241:0
[   92377ms] [ERROR] Failed to load resource: the server responded with a status of 400 (Bad Request) @ https://sync.adkernel.com/user-sync?dsp=11&t=image&uid=RX-9ec1288d-a6be-4e05-a575-925bfbfcec30-005&us_privacy=1---&rndcb=4809021070:0
[   92394ms] [ERROR] Failed to load resource: net::ERR_SOCKET_NOT_CONNECTED @ https://csync.loopme.me/?partner_id=2259&vt=RX-9ec1288d-a6be-4e05-a575-925bfbfcec30-005&us_privacy=1---&rndcb=3695539100:0
[   93148ms] [ERROR] Failed to load resource: the server responded with a status of 404 () @ https://cs.admanmedia.com/cbaf91328596cd8e6c6aac070d7c695b.gif?puid=[UID]&redir=[RED]&gdpr=[GDPR]&gdpr_consent=[GDPR_CONSENT]&ccpa=[CCPA]&coppa=[COPPA]&us_privacy=1---&rndcb=1210572107:0
[   93344ms] [ERROR] Failed to load resource: the server responded with a status of 400 () @ https://match.prod.bidr.io/cookie-sync/ro?us_privacy=1---&rndcb=1144717434:0
[   95954ms] [ERROR] Failed to load resource: net::ERR_SOCKET_NOT_CONNECTED @ https://csync.loopme.me/?redirect=https%3A%2F%2Fsync.1rx.io%2Fusersync3%2Floopme%2F%2F%7Bdevice_id%7D%3Fzcc%3D0%26sspret%3D1%26us_privacy%3D1---&pubid=9718&us_privacy=1---&rndcb=2088199819:0
[   97727ms] [ERROR] Failed to load resource: net::ERR_NAME_NOT_RESOLVED @ https://tracker.pre.vr-tb.com/sync?id=3&uid=RX-9ec1288d-a6be-4e05-a575-925bfbfcec30-005&us_privacy=1---&rndcb=5500735770:0
[   98194ms] [ERROR] Failed to load resource: net::ERR_NAME_NOT_RESOLVED @ https://cs.iqzone.com/cd7df7742ce9820014dceb9d36ea934e.gif?puid=RX-9ec1288d-a6be-4e05-a575-925bfbfcec30-005&us_privacy=1---&rndcb=4646964125:0
[   99759ms] [ERROR] Failed to load resource: net::ERR_NAME_NOT_RESOLVED @ https://x.fidelity-media.com/match.php?dsp=RHTMKUB&uid=RX-9ec1288d-a6be-4e05-a575-925bfbfcec30-005&us_privacy=1---&rndcb=5875170170:0
[   99759ms] [ERROR] Failed to load resource: the server responded with a status of 401 () @ https://sync.ex.co/v1/setuid/copper6/?gdpr=[GDPR]&gdpr_consent=[GDPR_CONSENT]&gpp=[GPP]&gpp_sid=[GPP_SID]&uid=8b40d63c-9b6e-4ae4-8015-10ac1a43d577:0
[   99760ms] [ERROR] Failed to load resource: the server responded with a status of 400 () @ https://cm.mgid.com/m?cdsp=834161&c=RX-9ec1288d-a6be-4e05-a575-925bfbfcec30-005&us_privacy=1---&rndcb=6837296067:0
[   99799ms] [ERROR] Failed to load resource: the server responded with a status of 404 () @ https://match.justpremium.com/match/un?rid=r-4111cedb-72e5-4a0d-8cbd-4b6c3882923c-1687-778229178&jp_uid=lk2-um-bfeb8f08-96fa-4da8-b070-7171050cd12e-1613989936&ex_uid=RX-9ec1288d-a6be-4e05-a575-925bfbfcec30-005&us_privacy=1---&rndcb=6755002177:0
[   99963ms] [ERROR] Failed to load resource: the server responded with a status of 400 () @ https://mfx.mobilefuse.com/setuid?pid=unr&uid=RX-9ec1288d-a6be-4e05-a575-925bfbfcec30-005&us_privacy=1---&rndcb=3485535791:0
[   99983ms] [ERROR] Failed to load resource: net::ERR_NAME_NOT_RESOLVED @ https://sync.spotim.market/csync?t=a&ep=708476&extuid=RX-9ec1288d-a6be-4e05-a575-925bfbfcec30-005&us_privacy=1---&rndcb=2790323897:0
[  101251ms] [ERROR] Failed to load resource: net::ERR_NAME_NOT_RESOLVED @ https://sync.pubwise.io/usersync/unrulydspctv/RX-9ec1288d-a6be-4e05-a575-925bfbfcec30-005?us_privacy=1---&rndcb=431564914:0
[  104426ms] [ERROR] Failed to load resource: net::ERR_TOO_MANY_REDIRECTS @ https://sync-ssp.adsmovil.com/25272641f0ca28f71a7ea277c4985249.gif?puid=2648036472040787691&redir=https%3A%2F%2Fssbsync.smartadserver.com%2Fapi%2Fsync%3FcallerId%3D301&gdpr=0&gdpr_consent=:0
[  104567ms] [ERROR] Failed to load resource: net::ERR_CERT_COMMON_NAME_INVALID @ https://sync.programmaticx.ai/api/cookie?partnerId=progx-unruly&userId=RX-9ec1288d-a6be-4e05-a575-925bfbfcec30-005&us_privacy=1---&rndcb=1162585388:0
[  109092ms] [ERROR] Failed to load resource: net::ERR_TOO_MANY_REDIRECTS @ https://cs.pgammedia.com/bf4103da5f0fb6ae0166419ea1a784aa.gif?gdpr=$$[GDPR]&gdpr_consent=$$[GDPR_CONSENT]&us_privacy=$[CCPA]&uid=$5e8b229a-39dc-4495-8c54-0b4c4d198901&cookie_age=$[COOKIE_AGE]:0
[  109104ms] [ERROR] Failed to load resource: net::ERR_NAME_NOT_RESOLVED @ https://tracker.ortb.vuukle.com/sync?id=35&uid=RX-9ec1288d-a6be-4e05-a575-925bfbfcec30-005&us_privacy=1---&rndcb=4007536479:0
[  109111ms] [ERROR] Failed to load resource: net::ERR_NAME_NOT_RESOLVED @ https://hb.yahoo.net/cksync.php?cs=1&type=56551&ovsid=RX-9ec1288d-a6be-4e05-a575-925bfbfcec30-005&us_privacy=1---&rndcb=1521567313:0
[  109119ms] [ERROR] Failed to load resource: net::ERR_NAME_NOT_RESOLVED @ https://cs.iqzone.com/dad9a774fb4631ad27a2b1e349bf882f.gif?puid=[UID]&redir=[RED]&gdpr=[GDPR]&gdpr_consent=[GDPR_CONSENT]&ccpa=[CCPA]&coppa=[COPPA]&us_privacy=1---&rndcb=5043859670:0
[  109119ms] [ERROR] Failed to load resource: net::ERR_NAME_NOT_RESOLVED @ https://cs.iqzone.com/dad9a774fb4631ad27a2b1e349bf882f.gif?puid=[UID]&redir=[RED]&gdpr=[GDPR]&gdpr_consent=[GDPR_CONSENT]&ccpa=[CCPA]&coppa=[COPPA]&us_privacy=1---&rndcb=743145145:0
[  109760ms] [ERROR] Failed to load resource: net::ERR_NAME_NOT_RESOLVED @ https://tracker-zmd.ortb.net/sync.html?us_privacy=1---&rndcb=1645288100:0
[  109761ms] [ERROR] Failed to load resource: the server responded with a status of 400 (Bad Request) @ https://sync.adkernel.com/user-sync?zone=83074&r=https%3A%2F%2Fsync.1rx.io%2Fusersync3%2Fyieldnexus%2F%2F%7BUID%7D%3Fzcc%3D0%26sspret%3D1%26us_privacy%3D1---&us_privacy=1---&rndcb=2924073219:0
[  109762ms] [ERROR] Failed to load resource: the server responded with a status of 400 (Bad Request) @ https://sync.adkernel.com/user-sync?zone=42861&r=https%3A%2F%2Fsync.1rx.io%2Fusersync3%2Fnativeads%2F%2F%7BUID%7D%3Fzcc%3D0%26sspret%3D1%26us_privacy%3D1---&us_privacy=1---&rndcb=4133114690:0
[  109764ms] [ERROR] Failed to load resource: the server responded with a status of 404 (Not Found) @ https://us.shb-sync.com/70d23a5f-6400-4661-9a33-825cbc2d2a1a.gif?puid=RX-9ec1288d-a6be-4e05-a575-925bfbfcec30-005&redir=[RED]&gdpr=[GDPR]&gdpr_consent=[GDPR_CONSENT]&ccpa=[CCPA]&us_privacy=1---&rndcb=2797034035:0
[  113738ms] [ERROR] Failed to load resource: net::ERR_NAME_NOT_RESOLVED @ https://visitor-gen01.omnitagjs.com/visitor/bsync?uid=5183beddfca39cdc784820fdf854594d&name=gen01&url=https%3A%2F%2Fpbjs.rbstsystems.live%2Fsync_proceed%3Fbn%3Dseat_218%26brk%3D0%26brk2%3D0%26us_privacy%3D%252C%26gdpr%3D%26gdpr_consent%3D%252C%26u%3DPARTNER_USER_ID:0
[  114192ms] [ERROR] Failed to load resource: net::ERR_TOO_MANY_REDIRECTS @ https://sync.intentiq.com/profiles_engine/ProfilesEngineServlet?at=20&dpi=1357991113&mi=10&csh=793790479;1486637409;259151345;1868283820;396218182;1207058874&rnd=816938424&pcid=4263714045655984000V10:0
[  127473ms] [ERROR] Failed to load resource: net::ERR_TIMED_OUT @ https://ittpx.eskimi.com/sync?dp_id=170&user_id=RX-9ec1288d-a6be-4e05-a575-925bfbfcec30-005&us_privacy=1---&rndcb=5712487485:0
[   85754ms] [ERROR] Failed to load resource: net::ERR_NAME_NOT_RESOLVED @ https://cookie-sync.api.soundcast.fm/v1/esync?url=https%3A%2F%2Fcm.g.doubleclick.net%2Fpixel%3Fgoogle_nid%3Dsoundcast_dbm%26google_hm%3D%24UID&gdpr=0:0
[   79622ms] [ERROR] Failed to load resource: net::ERR_CONNECTION_CLOSED @ https://pxl.iqm.com/i/ck/mnet?cid=4263714045655984000V10&gdpr=0&gdpr_consent=&gpp_string=&gpp_sid=&redirect=https%3A%2F%2Fcs.media.net%2Fcksync%3Fcs%3D3%26type%3Diqm%26ovsid%3D%7B%24PARTNER_UID%7D&cs=9:0
[  118465ms] [ERROR] Failed to load resource: net::ERR_CONNECTION_CLOSED @ https://pxl.iqm.com/i/ck/mnet?cid=4263714045655984000V10&gdpr=0&gdpr_consent=&gpp_string=&gpp_sid=&redirect=https%3A%2F%2Fcs.media.net%2Fcksync%3Fcs%3D3%26type%3Diqm%26ovsid%3D%7B%24PARTNER_UID%7D&cs=9:0
[  143792ms] [ERROR] Failed to load resource: net::ERR_CONNECTION_RESET @ https://pxl.iqm.com/i/ck/mnet?cid=4263714045655984000V10&gdpr=0&gdpr_consent=&gpp_string=&gpp_sid=&redirect=https%3A%2F%2Fcs.media.net%2Fcksync%3Fcs%3D3%26type%3Diqm%26ovsid%3D%7B%24PARTNER_UID%7D&cs=9:0
[  148950ms] [LOG] Polite loading scripts @ https://s0.2mdn.net/sadbundle/1106702326877005852/js/banner.js:10
[  149129ms] [WARNING] GSAP target undefined not found. https://greensock.com @ https://s0.2mdn.net/ads/studio/cached_libs/gsap_3.11.1_min.js:9
[  149133ms] [WARNING] GSAP target undefined not found. https://greensock.com @ https://s0.2mdn.net/ads/studio/cached_libs/gsap_3.11.1_min.js:9
[   78529ms] [ERROR] Attestation check for Shared Storage on https://www.googleadservices.com failed. @ https://www.googleadservices.com/pagead/managed/js/activeview/current/reach_worklet.html:0
[   80049ms] [ERROR] Attestation check for Shared Storage on https://www.googleadservices.com failed. @ https://www.googleadservices.com/pagead/managed/js/activeview/current/reach_worklet.html:0
[   84334ms] [ERROR] Attestation check for Shared Storage on https://www.googleadservices.com failed. @ https://www.googleadservices.com/pagead/managed/js/activeview/current/reach_worklet.html:0
[   86621ms] [ERROR] Attestation check for Shared Storage on https://www.googleadservices.com failed. @ https://www.googleadservices.com/pagead/managed/js/activeview/current/reach_worklet.html:0
[   88257ms] [ERROR] Attestation check for Shared Storage on https://www.googleadservices.com failed. @ https://www.googleadservices.com/pagead/managed/js/activeview/current/reach_worklet.html:0
[   91243ms] [ERROR] Attestation check for Shared Storage on https://www.googleadservices.com failed. @ https://www.googleadservices.com/pagead/managed/js/activeview/current/reach_worklet.html:0
[   97248ms] [ERROR] Attestation check for Shared Storage on https://www.googleadservices.com failed. @ https://www.googleadservices.com/pagead/managed/js/activeview/current/reach_worklet.html:0
[   98816ms] [ERROR] Attestation check for Shared Storage on https://www.googleadservices.com failed. @ https://www.googleadservices.com/pagead/managed/js/activeview/current/reach_worklet.html:0
[  100343ms] [ERROR] Attestation check for Shared Storage on https://www.googleadservices.com failed. @ https://www.googleadservices.com/pagead/managed/js/activeview/current/reach_worklet.html:0
[  106043ms] [ERROR] Attestation check for Shared Storage on https://www.googleadservices.com failed. @ https://www.googleadservices.com/pagead/managed/js/activeview/current/reach_worklet.html:0
[  109172ms] [ERROR] Attestation check for Shared Storage on https://www.googleadservices.com failed. @ https://www.googleadservices.com/pagead/managed/js/activeview/current/reach_worklet.html:0
[  124379ms] [ERROR] Attestation check for Shared Storage on https://www.googleadservices.com failed. @ https://www.googleadservices.com/pagead/managed/js/activeview/current/reach_worklet.html:0
[  124947ms] [ERROR] Attestation check for Shared Storage on https://www.googleadservices.com failed. @ https://www.googleadservices.com/pagead/managed/js/activeview/current/reach_worklet.html:0
[  138093ms] [ERROR] Attestation check for Shared Storage on https://www.googleadservices.com failed. @ https://www.googleadservices.com/pagead/managed/js/activeview/current/reach_worklet.html:0
[  140951ms] [ERROR] Attestation check for Shared Storage on https://www.googleadservices.com failed. @ https://www.googleadservices.com/pagead/managed/js/activeview/current/reach_worklet.html:0
[  145508ms] [ERROR] Attestation check for Shared Storage on https://www.googleadservices.com failed. @ https://www.googleadservices.com/pagead/managed/js/activeview/current/reach_worklet.html:0
[  149876ms] [ERROR] Attestation check for Shared Storage on https://www.googleadservices.com failed. @ https://www.googleadservices.com/pagead/managed/js/activeview/current/reach_worklet.html:0
[   85754ms] [ERROR] Failed to load resource: net::ERR_NAME_NOT_RESOLVED @ https://cookie-sync.api.soundcast.fm/v1/esync?url=https%3A%2F%2Fcm.g.doubleclick.net%2Fpixel%3Fgoogle_nid%3Dsoundcast_dbm%26google_hm%3D%24UID&gdpr=0:0
[   79622ms] [ERROR] Failed to load resource: net::ERR_CONNECTION_CLOSED @ https://pxl.iqm.com/i/ck/mnet?cid=4263714045655984000V10&gdpr=0&gdpr_consent=&gpp_string=&gpp_sid=&redirect=https%3A%2F%2Fcs.media.net%2Fcksync%3Fcs%3D3%26type%3Diqm%26ovsid%3D%7B%24PARTNER_UID%7D&cs=9:0
[  118465ms] [ERROR] Failed to load resource: net::ERR_CONNECTION_CLOSED @ https://pxl.iqm.com/i/ck/mnet?cid=4263714045655984000V10&gdpr=0&gdpr_consent=&gpp_string=&gpp_sid=&redirect=https%3A%2F%2Fcs.media.net%2Fcksync%3Fcs%3D3%26type%3Diqm%26ovsid%3D%7B%24PARTNER_UID%7D&cs=9:0
[  143792ms] [ERROR] Failed to load resource: net::ERR_CONNECTION_RESET @ https://pxl.iqm.com/i/ck/mnet?cid=4263714045655984000V10&gdpr=0&gdpr_consent=&gpp_string=&gpp_sid=&redirect=https%3A%2F%2Fcs.media.net%2Fcksync%3Fcs%3D3%26type%3Diqm%26ovsid%3D%7B%24PARTNER_UID%7D&cs=9:0
[   85754ms] [ERROR] Failed to load resource: net::ERR_NAME_NOT_RESOLVED @ https://cookie-sync.api.soundcast.fm/v1/esync?url=https%3A%2F%2Fcm.g.doubleclick.net%2Fpixel%3Fgoogle_nid%3Dsoundcast_dbm%26google_hm%3D%24UID&gdpr=0:0
[  153276ms] [LOG] Polite loading scripts @ https://s0.2mdn.net/sadbundle/6262827461785137240/js/banner.js:10
[  153478ms] [WARNING] Invalid property weight set to light Missing plugin? gsap.registerPlugin() @ https://s0.2mdn.net/ads/studio/cached_libs/gsap_3.11.1_min.js:9
[  153489ms] [WARNING] GSAP target undefined not found. https://greensock.com @ https://s0.2mdn.net/ads/studio/cached_libs/gsap_3.11.1_min.js:9
[  153503ms] [WARNING] GSAP target undefined not found. https://greensock.com @ https://s0.2mdn.net/ads/studio/cached_libs/gsap_3.11.1_min.js:9
[   78529ms] [ERROR] Attestation check for Shared Storage on https://www.googleadservices.com failed. @ https://www.googleadservices.com/pagead/managed/js/activeview/current/reach_worklet.html:0
[   80049ms] [ERROR] Attestation check for Shared Storage on https://www.googleadservices.com failed. @ https://www.googleadservices.com/pagead/managed/js/activeview/current/reach_worklet.html:0
[   84334ms] [ERROR] Attestation check for Shared Storage on https://www.googleadservices.com failed. @ https://www.googleadservices.com/pagead/managed/js/activeview/current/reach_worklet.html:0
[   86621ms] [ERROR] Attestation check for Shared Storage on https://www.googleadservices.com failed. @ https://www.googleadservices.com/pagead/managed/js/activeview/current/reach_worklet.html:0
[   88257ms] [ERROR] Attestation check for Shared Storage on https://www.googleadservices.com failed. @ https://www.googleadservices.com/pagead/managed/js/activeview/current/reach_worklet.html:0
[   91243ms] [ERROR] Attestation check for Shared Storage on https://www.googleadservices.com failed. @ https://www.googleadservices.com/pagead/managed/js/activeview/current/reach_worklet.html:0
[   97248ms] [ERROR] Attestation check for Shared Storage on https://www.googleadservices.com failed. @ https://www.googleadservices.com/pagead/managed/js/activeview/current/reach_worklet.html:0
[   98816ms] [ERROR] Attestation check for Shared Storage on https://www.googleadservices.com failed. @ https://www.googleadservices.com/pagead/managed/js/activeview/current/reach_worklet.html:0
[  100343ms] [ERROR] Attestation check for Shared Storage on https://www.googleadservices.com failed. @ https://www.googleadservices.com/pagead/managed/js/activeview/current/reach_worklet.html:0
[  106043ms] [ERROR] Attestation check for Shared Storage on https://www.googleadservices.com failed. @ https://www.googleadservices.com/pagead/managed/js/activeview/current/reach_worklet.html:0
[  109172ms] [ERROR] Attestation check for Shared Storage on https://www.googleadservices.com failed. @ https://www.googleadservices.com/pagead/managed/js/activeview/current/reach_worklet.html:0
[  124379ms] [ERROR] Attestation check for Shared Storage on https://www.googleadservices.com failed. @ https://www.googleadservices.com/pagead/managed/js/activeview/current/reach_worklet.html:0
[  124947ms] [ERROR] Attestation check for Shared Storage on https://www.googleadservices.com failed. @ https://www.googleadservices.com/pagead/managed/js/activeview/current/reach_worklet.html:0
[  138093ms] [ERROR] Attestation check for Shared Storage on https://www.googleadservices.com failed. @ https://www.googleadservices.com/pagead/managed/js/activeview/current/reach_worklet.html:0
[  140951ms] [ERROR] Attestation check for Shared Storage on https://www.googleadservices.com failed. @ https://www.googleadservices.com/pagead/managed/js/activeview/current/reach_worklet.html:0
[  145508ms] [ERROR] Attestation check for Shared Storage on https://www.googleadservices.com failed. @ https://www.googleadservices.com/pagead/managed/js/activeview/current/reach_worklet.html:0
[  149876ms] [ERROR] Attestation check for Shared Storage on https://www.googleadservices.com failed. @ https://www.googleadservices.com/pagead/managed/js/activeview/current/reach_worklet.html:0
[  155200ms] [ERROR] Attestation check for Shared Storage on https://www.googleadservices.com failed. @ https://www.googleadservices.com/pagead/managed/js/activeview/current/reach_worklet.html:0
[   78529ms] [ERROR] Attestation check for Shared Storage on https://www.googleadservices.com failed. @ https://www.googleadservices.com/pagead/managed/js/activeview/current/reach_worklet.html:0
[   80049ms] [ERROR] Attestation check for Shared Storage on https://www.googleadservices.com failed. @ https://www.googleadservices.com/pagead/managed/js/activeview/current/reach_worklet.html:0
[   84334ms] [ERROR] Attestation check for Shared Storage on https://www.googleadservices.com failed. @ https://www.googleadservices.com/pagead/managed/js/activeview/current/reach_worklet.html:0
[   86621ms] [ERROR] Attestation check for Shared Storage on https://www.googleadservices.com failed. @ https://www.googleadservices.com/pagead/managed/js/activeview/current/reach_worklet.html:0
[   88257ms] [ERROR] Attestation check for Shared Storage on https://www.googleadservices.com failed. @ https://www.googleadservices.com/pagead/managed/js/activeview/current/reach_worklet.html:0
[   91243ms] [ERROR] Attestation check for Shared Storage on https://www.googleadservices.com failed. @ https://www.googleadservices.com/pagead/managed/js/activeview/current/reach_worklet.html:0
[   97248ms] [ERROR] Attestation check for Shared Storage on https://www.googleadservices.com failed. @ https://www.googleadservices.com/pagead/managed/js/activeview/current/reach_worklet.html:0
[   98816ms] [ERROR] Attestation check for Shared Storage on https://www.googleadservices.com failed. @ https://www.googleadservices.com/pagead/managed/js/activeview/current/reach_worklet.html:0
[  100343ms] [ERROR] Attestation check for Shared Storage on https://www.googleadservices.com failed. @ https://www.googleadservices.com/pagead/managed/js/activeview/current/reach_worklet.html:0
[  106043ms] [ERROR] Attestation check for Shared Storage on https://www.googleadservices.com failed. @ https://www.googleadservices.com/pagead/managed/js/activeview/current/reach_worklet.html:0
[  109172ms] [ERROR] Attestation check for Shared Storage on https://www.googleadservices.com failed. @ https://www.googleadservices.com/pagead/managed/js/activeview/current/reach_worklet.html:0
[  124379ms] [ERROR] Attestation check for Shared Storage on https://www.googleadservices.com failed. @ https://www.googleadservices.com/pagead/managed/js/activeview/current/reach_worklet.html:0
[  124947ms] [ERROR] Attestation check for Shared Storage on https://www.googleadservices.com failed. @ https://www.googleadservices.com/pagead/managed/js/activeview/current/reach_worklet.html:0
[  138093ms] [ERROR] Attestation check for Shared Storage on https://www.googleadservices.com failed. @ https://www.googleadservices.com/pagead/managed/js/activeview/current/reach_worklet.html:0
[  140951ms] [ERROR] Attestation check for Shared Storage on https://www.googleadservices.com failed. @ https://www.googleadservices.com/pagead/managed/js/activeview/current/reach_worklet.html:0
[  145508ms] [ERROR] Attestation check for Shared Storage on https://www.googleadservices.com failed. @ https://www.googleadservices.com/pagead/managed/js/activeview/current/reach_worklet.html:0
[  149876ms] [ERROR] Attestation check for Shared Storage on https://www.googleadservices.com failed. @ https://www.googleadservices.com/pagead/managed/js/activeview/current/reach_worklet.html:0
[  155200ms] [ERROR] Attestation check for Shared Storage on https://www.googleadservices.com failed. @ https://www.googleadservices.com/pagead/managed/js/activeview/current/reach_worklet.html:0
[  156627ms] [LOG] Hello wonderful human. This banner has been loaded politely. @ https://s0.2mdn.net/sadbundle/5155910378209865874/FY27MAPPJ4LG_160x600_061726-070826_V1.html?ev=01_262:29
[  156849ms] [ERROR] Failed to load resource: net::ERR_NAME_NOT_RESOLVED @ https://tags.bluekai.com/site/2964?id=TQpS42x51WGPXV5:0
[   85754ms] [ERROR] Failed to load resource: net::ERR_NAME_NOT_RESOLVED @ https://cookie-sync.api.soundcast.fm/v1/esync?url=https%3A%2F%2Fcm.g.doubleclick.net%2Fpixel%3Fgoogle_nid%3Dsoundcast_dbm%26google_hm%3D%24UID&gdpr=0:0
[  157371ms] [ERROR] Access to fetch at 'https://pbsj-us-east.bricks-co.com/openrtb2/auction' from origin 'https://www.w3schools.com' has been blocked by CORS policy: No 'Access-Control-Allow-Origin' header is present on the requested resource. @ https://www.w3schools.com/colors/colors_hsl.asp?color=hsl(195,%201,%200.5):0
[  157372ms] [ERROR] Failed to load resource: net::ERR_FAILED @ https://pbsj-us-east.bricks-co.com/openrtb2/auction:0
[  157463ms] [ERROR] Attestation check for Shared Storage on https://www.googleadservices.com failed. @ https://www.googleadservices.com/pagead/managed/js/activeview/current/reach_worklet.html:0
[   85754ms] [ERROR] Failed to load resource: net::ERR_NAME_NOT_RESOLVED @ https://cookie-sync.api.soundcast.fm/v1/esync?url=https%3A%2F%2Fcm.g.doubleclick.net%2Fpixel%3Fgoogle_nid%3Dsoundcast_dbm%26google_hm%3D%24UID&gdpr=0:0
[  158310ms] [WARNING] An iframe which has both allow-scripts and allow-same-origin for its sandbox attribute can escape its sandboxing. @ https://www.flashb.id/assets/js/hbdbrk_fef0c8b2caedfb449c01_m.js:0
[   79622ms] [ERROR] Failed to load resource: net::ERR_CONNECTION_CLOSED @ https://pxl.iqm.com/i/ck/mnet?cid=4263714045655984000V10&gdpr=0&gdpr_consent=&gpp_string=&gpp_sid=&redirect=https%3A%2F%2Fcs.media.net%2Fcksync%3Fcs%3D3%26type%3Diqm%26ovsid%3D%7B%24PARTNER_UID%7D&cs=9:0
[  118465ms] [ERROR] Failed to load resource: net::ERR_CONNECTION_CLOSED @ https://pxl.iqm.com/i/ck/mnet?cid=4263714045655984000V10&gdpr=0&gdpr_consent=&gpp_string=&gpp_sid=&redirect=https%3A%2F%2Fcs.media.net%2Fcksync%3Fcs%3D3%26type%3Diqm%26ovsid%3D%7B%24PARTNER_UID%7D&cs=9:0
[  143792ms] [ERROR] Failed to load resource: net::ERR_CONNECTION_RESET @ https://pxl.iqm.com/i/ck/mnet?cid=4263714045655984000V10&gdpr=0&gdpr_consent=&gpp_string=&gpp_sid=&redirect=https%3A%2F%2Fcs.media.net%2Fcksync%3Fcs%3D3%26type%3Diqm%26ovsid%3D%7B%24PARTNER_UID%7D&cs=9:0
[  159452ms] [ERROR] Failed to load resource: net::ERR_EMPTY_RESPONSE @ https://pxl.iqm.com/i/ck/mnet?cid=4263714045655984000V10&gdpr=0&gdpr_consent=&gpp_string=&gpp_sid=&redirect=https%3A%2F%2Fcs.media.net%2Fcksync%3Fcs%3D3%26type%3Diqm%26ovsid%3D%7B%24PARTNER_UID%7D&cs=9:0
[   91223ms] [ERROR] Failed to load resource: net::ERR_CONNECTION_CLOSED @ https://sync.connectad.io/umatch/1?dataid=data17&uuid=RX-9ec1288d-a6be-4e05-a575-925bfbfcec30-005&us_privacy=1---&rndcb=359565001:0
[   91839ms] [ERROR] Failed to load resource: the server responded with a status of 400 () @ https://cm.mgid.com/m?cdsp=433142&c=RX-9ec1288d-a6be-4e05-a575-925bfbfcec30-005&us_privacy=1---&rndcb=3460803040:0
[   92364ms] [ERROR] Failed to load resource: net::ERR_CONNECTION_CLOSED @ https://csync.smilewanted.com/set_partner_userid_get/unruly/RX-9ec1288d-a6be-4e05-a575-925bfbfcec30-005?us_privacy=1---&rndcb=8477261241:0
[   92377ms] [ERROR] Failed to load resource: the server responded with a status of 400 (Bad Request) @ https://sync.adkernel.com/user-sync?dsp=11&t=image&uid=RX-9ec1288d-a6be-4e05-a575-925bfbfcec30-005&us_privacy=1---&rndcb=4809021070:0
[   92394ms] [ERROR] Failed to load resource: net::ERR_SOCKET_NOT_CONNECTED @ https://csync.loopme.me/?partner_id=2259&vt=RX-9ec1288d-a6be-4e05-a575-925bfbfcec30-005&us_privacy=1---&rndcb=3695539100:0
[   93148ms] [ERROR] Failed to load resource: the server responded with a status of 404 () @ https://cs.admanmedia.com/cbaf91328596cd8e6c6aac070d7c695b.gif?puid=[UID]&redir=[RED]&gdpr=[GDPR]&gdpr_consent=[GDPR_CONSENT]&ccpa=[CCPA]&coppa=[COPPA]&us_privacy=1---&rndcb=1210572107:0
[   93344ms] [ERROR] Failed to load resource: the server responded with a status of 400 () @ https://match.prod.bidr.io/cookie-sync/ro?us_privacy=1---&rndcb=1144717434:0
[   95954ms] [ERROR] Failed to load resource: net::ERR_SOCKET_NOT_CONNECTED @ https://csync.loopme.me/?redirect=https%3A%2F%2Fsync.1rx.io%2Fusersync3%2Floopme%2F%2F%7Bdevice_id%7D%3Fzcc%3D0%26sspret%3D1%26us_privacy%3D1---&pubid=9718&us_privacy=1---&rndcb=2088199819:0
[   97727ms] [ERROR] Failed to load resource: net::ERR_NAME_NOT_RESOLVED @ https://tracker.pre.vr-tb.com/sync?id=3&uid=RX-9ec1288d-a6be-4e05-a575-925bfbfcec30-005&us_privacy=1---&rndcb=5500735770:0
[   98194ms] [ERROR] Failed to load resource: net::ERR_NAME_NOT_RESOLVED @ https://cs.iqzone.com/cd7df7742ce9820014dceb9d36ea934e.gif?puid=RX-9ec1288d-a6be-4e05-a575-925bfbfcec30-005&us_privacy=1---&rndcb=4646964125:0
[   99759ms] [ERROR] Failed to load resource: net::ERR_NAME_NOT_RESOLVED @ https://x.fidelity-media.com/match.php?dsp=RHTMKUB&uid=RX-9ec1288d-a6be-4e05-a575-925bfbfcec30-005&us_privacy=1---&rndcb=5875170170:0
[   99759ms] [ERROR] Failed to load resource: the server responded with a status of 401 () @ https://sync.ex.co/v1/setuid/copper6/?gdpr=[GDPR]&gdpr_consent=[GDPR_CONSENT]&gpp=[GPP]&gpp_sid=[GPP_SID]&uid=8b40d63c-9b6e-4ae4-8015-10ac1a43d577:0
[   99760ms] [ERROR] Failed to load resource: the server responded with a status of 400 () @ https://cm.mgid.com/m?cdsp=834161&c=RX-9ec1288d-a6be-4e05-a575-925bfbfcec30-005&us_privacy=1---&rndcb=6837296067:0
[   99799ms] [ERROR] Failed to load resource: the server responded with a status of 404 () @ https://match.justpremium.com/match/un?rid=r-4111cedb-72e5-4a0d-8cbd-4b6c3882923c-1687-778229178&jp_uid=lk2-um-bfeb8f08-96fa-4da8-b070-7171050cd12e-1613989936&ex_uid=RX-9ec1288d-a6be-4e05-a575-925bfbfcec30-005&us_privacy=1---&rndcb=6755002177:0
[   99963ms] [ERROR] Failed to load resource: the server responded with a status of 400 () @ https://mfx.mobilefuse.com/setuid?pid=unr&uid=RX-9ec1288d-a6be-4e05-a575-925bfbfcec30-005&us_privacy=1---&rndcb=3485535791:0
[   99983ms] [ERROR] Failed to load resource: net::ERR_NAME_NOT_RESOLVED @ https://sync.spotim.market/csync?t=a&ep=708476&extuid=RX-9ec1288d-a6be-4e05-a575-925bfbfcec30-005&us_privacy=1---&rndcb=2790323897:0
[  101251ms] [ERROR] Failed to load resource: net::ERR_NAME_NOT_RESOLVED @ https://sync.pubwise.io/usersync/unrulydspctv/RX-9ec1288d-a6be-4e05-a575-925bfbfcec30-005?us_privacy=1---&rndcb=431564914:0
[  104426ms] [ERROR] Failed to load resource: net::ERR_TOO_MANY_REDIRECTS @ https://sync-ssp.adsmovil.com/25272641f0ca28f71a7ea277c4985249.gif?puid=2648036472040787691&redir=https%3A%2F%2Fssbsync.smartadserver.com%2Fapi%2Fsync%3FcallerId%3D301&gdpr=0&gdpr_consent=:0
[  104567ms] [ERROR] Failed to load resource: net::ERR_CERT_COMMON_NAME_INVALID @ https://sync.programmaticx.ai/api/cookie?partnerId=progx-unruly&userId=RX-9ec1288d-a6be-4e05-a575-925bfbfcec30-005&us_privacy=1---&rndcb=1162585388:0
[  109092ms] [ERROR] Failed to load resource: net::ERR_TOO_MANY_REDIRECTS @ https://cs.pgammedia.com/bf4103da5f0fb6ae0166419ea1a784aa.gif?gdpr=$$[GDPR]&gdpr_consent=$$[GDPR_CONSENT]&us_privacy=$[CCPA]&uid=$5e8b229a-39dc-4495-8c54-0b4c4d198901&cookie_age=$[COOKIE_AGE]:0
[  109104ms] [ERROR] Failed to load resource: net::ERR_NAME_NOT_RESOLVED @ https://tracker.ortb.vuukle.com/sync?id=35&uid=RX-9ec1288d-a6be-4e05-a575-925bfbfcec30-005&us_privacy=1---&rndcb=4007536479:0
[  109111ms] [ERROR] Failed to load resource: net::ERR_NAME_NOT_RESOLVED @ https://hb.yahoo.net/cksync.php?cs=1&type=56551&ovsid=RX-9ec1288d-a6be-4e05-a575-925bfbfcec30-005&us_privacy=1---&rndcb=1521567313:0
[  109119ms] [ERROR] Failed to load resource: net::ERR_NAME_NOT_RESOLVED @ https://cs.iqzone.com/dad9a774fb4631ad27a2b1e349bf882f.gif?puid=[UID]&redir=[RED]&gdpr=[GDPR]&gdpr_consent=[GDPR_CONSENT]&ccpa=[CCPA]&coppa=[COPPA]&us_privacy=1---&rndcb=5043859670:0
[  109119ms] [ERROR] Failed to load resource: net::ERR_NAME_NOT_RESOLVED @ https://cs.iqzone.com/dad9a774fb4631ad27a2b1e349bf882f.gif?puid=[UID]&redir=[RED]&gdpr=[GDPR]&gdpr_consent=[GDPR_CONSENT]&ccpa=[CCPA]&coppa=[COPPA]&us_privacy=1---&rndcb=743145145:0
[  109760ms] [ERROR] Failed to load resource: net::ERR_NAME_NOT_RESOLVED @ https://tracker-zmd.ortb.net/sync.html?us_privacy=1---&rndcb=1645288100:0
[  109761ms] [ERROR] Failed to load resource: the server responded with a status of 400 (Bad Request) @ https://sync.adkernel.com/user-sync?zone=83074&r=https%3A%2F%2Fsync.1rx.io%2Fusersync3%2Fyieldnexus%2F%2F%7BUID%7D%3Fzcc%3D0%26sspret%3D1%26us_privacy%3D1---&us_privacy=1---&rndcb=2924073219:0
[  109762ms] [ERROR] Failed to load resource: the server responded with a status of 400 (Bad Request) @ https://sync.adkernel.com/user-sync?zone=42861&r=https%3A%2F%2Fsync.1rx.io%2Fusersync3%2Fnativeads%2F%2F%7BUID%7D%3Fzcc%3D0%26sspret%3D1%26us_privacy%3D1---&us_privacy=1---&rndcb=4133114690:0
[  109764ms] [ERROR] Failed to load resource: the server responded with a status of 404 (Not Found) @ https://us.shb-sync.com/70d23a5f-6400-4661-9a33-825cbc2d2a1a.gif?puid=RX-9ec1288d-a6be-4e05-a575-925bfbfcec30-005&redir=[RED]&gdpr=[GDPR]&gdpr_consent=[GDPR_CONSENT]&ccpa=[CCPA]&us_privacy=1---&rndcb=2797034035:0
[  113738ms] [ERROR] Failed to load resource: net::ERR_NAME_NOT_RESOLVED @ https://visitor-gen01.omnitagjs.com/visitor/bsync?uid=5183beddfca39cdc784820fdf854594d&name=gen01&url=https%3A%2F%2Fpbjs.rbstsystems.live%2Fsync_proceed%3Fbn%3Dseat_218%26brk%3D0%26brk2%3D0%26us_privacy%3D%252C%26gdpr%3D%26gdpr_consent%3D%252C%26u%3DPARTNER_USER_ID:0
[  114192ms] [ERROR] Failed to load resource: net::ERR_TOO_MANY_REDIRECTS @ https://sync.intentiq.com/profiles_engine/ProfilesEngineServlet?at=20&dpi=1357991113&mi=10&csh=793790479;1486637409;259151345;1868283820;396218182;1207058874&rnd=816938424&pcid=4263714045655984000V10:0
[  127473ms] [ERROR] Failed to load resource: net::ERR_TIMED_OUT @ https://ittpx.eskimi.com/sync?dp_id=170&user_id=RX-9ec1288d-a6be-4e05-a575-925bfbfcec30-005&us_privacy=1---&rndcb=5712487485:0
[  160170ms] [ERROR] Access to fetch at 'https://pbsj-us-east.bricks-co.com/openrtb2/auction' from origin 'https://www.w3schools.com' has been blocked by CORS policy: No 'Access-Control-Allow-Origin' header is present on the requested resource. @ https://www.w3schools.com/colors/colors_hsl.asp?color=hsl(195,%201,%200.5):0
[  160172ms] [ERROR] Failed to load resource: net::ERR_FAILED @ https://pbsj-us-east.bricks-co.com/openrtb2/auction:0
[   78529ms] [ERROR] Attestation check for Shared Storage on https://www.googleadservices.com failed. @ https://www.googleadservices.com/pagead/managed/js/activeview/current/reach_worklet.html:0
[   80049ms] [ERROR] Attestation check for Shared Storage on https://www.googleadservices.com failed. @ https://www.googleadservices.com/pagead/managed/js/activeview/current/reach_worklet.html:0
[   84334ms] [ERROR] Attestation check for Shared Storage on https://www.googleadservices.com failed. @ https://www.googleadservices.com/pagead/managed/js/activeview/current/reach_worklet.html:0
[   86621ms] [ERROR] Attestation check for Shared Storage on https://www.googleadservices.com failed. @ https://www.googleadservices.com/pagead/managed/js/activeview/current/reach_worklet.html:0
[   88257ms] [ERROR] Attestation check for Shared Storage on https://www.googleadservices.com failed. @ https://www.googleadservices.com/pagead/managed/js/activeview/current/reach_worklet.html:0
[   91243ms] [ERROR] Attestation check for Shared Storage on https://www.googleadservices.com failed. @ https://www.googleadservices.com/pagead/managed/js/activeview/current/reach_worklet.html:0
[   97248ms] [ERROR] Attestation check for Shared Storage on https://www.googleadservices.com failed. @ https://www.googleadservices.com/pagead/managed/js/activeview/current/reach_worklet.html:0
[   98816ms] [ERROR] Attestation check for Shared Storage on https://www.googleadservices.com failed. @ https://www.googleadservices.com/pagead/managed/js/activeview/current/reach_worklet.html:0
[  100343ms] [ERROR] Attestation check for Shared Storage on https://www.googleadservices.com failed. @ https://www.googleadservices.com/pagead/managed/js/activeview/current/reach_worklet.html:0
[  106043ms] [ERROR] Attestation check for Shared Storage on https://www.googleadservices.com failed. @ https://www.googleadservices.com/pagead/managed/js/activeview/current/reach_worklet.html:0
[  109172ms] [ERROR] Attestation check for Shared Storage on https://www.googleadservices.com failed. @ https://www.googleadservices.com/pagead/managed/js/activeview/current/reach_worklet.html:0
[  124379ms] [ERROR] Attestation check for Shared Storage on https://www.googleadservices.com failed. @ https://www.googleadservices.com/pagead/managed/js/activeview/current/reach_worklet.html:0
[  124947ms] [ERROR] Attestation check for Shared Storage on https://www.googleadservices.com failed. @ https://www.googleadservices.com/pagead/managed/js/activeview/current/reach_worklet.html:0
[  138093ms] [ERROR] Attestation check for Shared Storage on https://www.googleadservices.com failed. @ https://www.googleadservices.com/pagead/managed/js/activeview/current/reach_worklet.html:0
[  140951ms] [ERROR] Attestation check for Shared Storage on https://www.googleadservices.com failed. @ https://www.googleadservices.com/pagead/managed/js/activeview/current/reach_worklet.html:0
[  145508ms] [ERROR] Attestation check for Shared Storage on https://www.googleadservices.com failed. @ https://www.googleadservices.com/pagead/managed/js/activeview/current/reach_worklet.html:0
[  149876ms] [ERROR] Attestation check for Shared Storage on https://www.googleadservices.com failed. @ https://www.googleadservices.com/pagead/managed/js/activeview/current/reach_worklet.html:0
[  155200ms] [ERROR] Attestation check for Shared Storage on https://www.googleadservices.com failed. @ https://www.googleadservices.com/pagead/managed/js/activeview/current/reach_worklet.html:0
[  157463ms] [ERROR] Attestation check for Shared Storage on https://www.googleadservices.com failed. @ https://www.googleadservices.com/pagead/managed/js/activeview/current/reach_worklet.html:0
[  160680ms] [ERROR] Attestation check for Shared Storage on https://www.googleadservices.com failed. @ https://www.googleadservices.com/pagead/managed/js/activeview/current/reach_worklet.html:0
[  161384ms] [WARNING] An iframe which has both allow-scripts and allow-same-origin for its sandbox attribute can escape its sandboxing. @ https://www.flashb.id/assets/js/hbdbrk_fef0c8b2caedfb449c01_m.js:0
[   85754ms] [ERROR] Failed to load resource: net::ERR_NAME_NOT_RESOLVED @ https://cookie-sync.api.soundcast.fm/v1/esync?url=https%3A%2F%2Fcm.g.doubleclick.net%2Fpixel%3Fgoogle_nid%3Dsoundcast_dbm%26google_hm%3D%24UID&gdpr=0:0
[   91223ms] [ERROR] Failed to load resource: net::ERR_CONNECTION_CLOSED @ https://sync.connectad.io/umatch/1?dataid=data17&uuid=RX-9ec1288d-a6be-4e05-a575-925bfbfcec30-005&us_privacy=1---&rndcb=359565001:0
[   91839ms] [ERROR] Failed to load resource: the server responded with a status of 400 () @ https://cm.mgid.com/m?cdsp=433142&c=RX-9ec1288d-a6be-4e05-a575-925bfbfcec30-005&us_privacy=1---&rndcb=3460803040:0
[   92364ms] [ERROR] Failed to load resource: net::ERR_CONNECTION_CLOSED @ https://csync.smilewanted.com/set_partner_userid_get/unruly/RX-9ec1288d-a6be-4e05-a575-925bfbfcec30-005?us_privacy=1---&rndcb=8477261241:0
[   92377ms] [ERROR] Failed to load resource: the server responded with a status of 400 (Bad Request) @ https://sync.adkernel.com/user-sync?dsp=11&t=image&uid=RX-9ec1288d-a6be-4e05-a575-925bfbfcec30-005&us_privacy=1---&rndcb=4809021070:0
[   92394ms] [ERROR] Failed to load resource: net::ERR_SOCKET_NOT_CONNECTED @ https://csync.loopme.me/?partner_id=2259&vt=RX-9ec1288d-a6be-4e05-a575-925bfbfcec30-005&us_privacy=1---&rndcb=3695539100:0
[   93148ms] [ERROR] Failed to load resource: the server responded with a status of 404 () @ https://cs.admanmedia.com/cbaf91328596cd8e6c6aac070d7c695b.gif?puid=[UID]&redir=[RED]&gdpr=[GDPR]&gdpr_consent=[GDPR_CONSENT]&ccpa=[CCPA]&coppa=[COPPA]&us_privacy=1---&rndcb=1210572107:0
[   93344ms] [ERROR] Failed to load resource: the server responded with a status of 400 () @ https://match.prod.bidr.io/cookie-sync/ro?us_privacy=1---&rndcb=1144717434:0
[   95954ms] [ERROR] Failed to load resource: net::ERR_SOCKET_NOT_CONNECTED @ https://csync.loopme.me/?redirect=https%3A%2F%2Fsync.1rx.io%2Fusersync3%2Floopme%2F%2F%7Bdevice_id%7D%3Fzcc%3D0%26sspret%3D1%26us_privacy%3D1---&pubid=9718&us_privacy=1---&rndcb=2088199819:0
[   97727ms] [ERROR] Failed to load resource: net::ERR_NAME_NOT_RESOLVED @ https://tracker.pre.vr-tb.com/sync?id=3&uid=RX-9ec1288d-a6be-4e05-a575-925bfbfcec30-005&us_privacy=1---&rndcb=5500735770:0
[   98194ms] [ERROR] Failed to load resource: net::ERR_NAME_NOT_RESOLVED @ https://cs.iqzone.com/cd7df7742ce9820014dceb9d36ea934e.gif?puid=RX-9ec1288d-a6be-4e05-a575-925bfbfcec30-005&us_privacy=1---&rndcb=4646964125:0
[   99759ms] [ERROR] Failed to load resource: net::ERR_NAME_NOT_RESOLVED @ https://x.fidelity-media.com/match.php?dsp=RHTMKUB&uid=RX-9ec1288d-a6be-4e05-a575-925bfbfcec30-005&us_privacy=1---&rndcb=5875170170:0
[   99759ms] [ERROR] Failed to load resource: the server responded with a status of 401 () @ https://sync.ex.co/v1/setuid/copper6/?gdpr=[GDPR]&gdpr_consent=[GDPR_CONSENT]&gpp=[GPP]&gpp_sid=[GPP_SID]&uid=8b40d63c-9b6e-4ae4-8015-10ac1a43d577:0
[   99760ms] [ERROR] Failed to load resource: the server responded with a status of 400 () @ https://cm.mgid.com/m?cdsp=834161&c=RX-9ec1288d-a6be-4e05-a575-925bfbfcec30-005&us_privacy=1---&rndcb=6837296067:0
[   99799ms] [ERROR] Failed to load resource: the server responded with a status of 404 () @ https://match.justpremium.com/match/un?rid=r-4111cedb-72e5-4a0d-8cbd-4b6c3882923c-1687-778229178&jp_uid=lk2-um-bfeb8f08-96fa-4da8-b070-7171050cd12e-1613989936&ex_uid=RX-9ec1288d-a6be-4e05-a575-925bfbfcec30-005&us_privacy=1---&rndcb=6755002177:0
[   99963ms] [ERROR] Failed to load resource: the server responded with a status of 400 () @ https://mfx.mobilefuse.com/setuid?pid=unr&uid=RX-9ec1288d-a6be-4e05-a575-925bfbfcec30-005&us_privacy=1---&rndcb=3485535791:0
[   99983ms] [ERROR] Failed to load resource: net::ERR_NAME_NOT_RESOLVED @ https://sync.spotim.market/csync?t=a&ep=708476&extuid=RX-9ec1288d-a6be-4e05-a575-925bfbfcec30-005&us_privacy=1---&rndcb=2790323897:0
[  101251ms] [ERROR] Failed to load resource: net::ERR_NAME_NOT_RESOLVED @ https://sync.pubwise.io/usersync/unrulydspctv/RX-9ec1288d-a6be-4e05-a575-925bfbfcec30-005?us_privacy=1---&rndcb=431564914:0
[  104426ms] [ERROR] Failed to load resource: net::ERR_TOO_MANY_REDIRECTS @ https://sync-ssp.adsmovil.com/25272641f0ca28f71a7ea277c4985249.gif?puid=2648036472040787691&redir=https%3A%2F%2Fssbsync.smartadserver.com%2Fapi%2Fsync%3FcallerId%3D301&gdpr=0&gdpr_consent=:0
[  104567ms] [ERROR] Failed to load resource: net::ERR_CERT_COMMON_NAME_INVALID @ https://sync.programmaticx.ai/api/cookie?partnerId=progx-unruly&userId=RX-9ec1288d-a6be-4e05-a575-925bfbfcec30-005&us_privacy=1---&rndcb=1162585388:0
[  109092ms] [ERROR] Failed to load resource: net::ERR_TOO_MANY_REDIRECTS @ https://cs.pgammedia.com/bf4103da5f0fb6ae0166419ea1a784aa.gif?gdpr=$$[GDPR]&gdpr_consent=$$[GDPR_CONSENT]&us_privacy=$[CCPA]&uid=$5e8b229a-39dc-4495-8c54-0b4c4d198901&cookie_age=$[COOKIE_AGE]:0
[  109104ms] [ERROR] Failed to load resource: net::ERR_NAME_NOT_RESOLVED @ https://tracker.ortb.vuukle.com/sync?id=35&uid=RX-9ec1288d-a6be-4e05-a575-925bfbfcec30-005&us_privacy=1---&rndcb=4007536479:0
[  109111ms] [ERROR] Failed to load resource: net::ERR_NAME_NOT_RESOLVED @ https://hb.yahoo.net/cksync.php?cs=1&type=56551&ovsid=RX-9ec1288d-a6be-4e05-a575-925bfbfcec30-005&us_privacy=1---&rndcb=1521567313:0
[  109119ms] [ERROR] Failed to load resource: net::ERR_NAME_NOT_RESOLVED @ https://cs.iqzone.com/dad9a774fb4631ad27a2b1e349bf882f.gif?puid=[UID]&redir=[RED]&gdpr=[GDPR]&gdpr_consent=[GDPR_CONSENT]&ccpa=[CCPA]&coppa=[COPPA]&us_privacy=1---&rndcb=5043859670:0
[  109119ms] [ERROR] Failed to load resource: net::ERR_NAME_NOT_RESOLVED @ https://cs.iqzone.com/dad9a774fb4631ad27a2b1e349bf882f.gif?puid=[UID]&redir=[RED]&gdpr=[GDPR]&gdpr_consent=[GDPR_CONSENT]&ccpa=[CCPA]&coppa=[COPPA]&us_privacy=1---&rndcb=743145145:0
[  109760ms] [ERROR] Failed to load resource: net::ERR_NAME_NOT_RESOLVED @ https://tracker-zmd.ortb.net/sync.html?us_privacy=1---&rndcb=1645288100:0
[  109761ms] [ERROR] Failed to load resource: the server responded with a status of 400 (Bad Request) @ https://sync.adkernel.com/user-sync?zone=83074&r=https%3A%2F%2Fsync.1rx.io%2Fusersync3%2Fyieldnexus%2F%2F%7BUID%7D%3Fzcc%3D0%26sspret%3D1%26us_privacy%3D1---&us_privacy=1---&rndcb=2924073219:0
[  109762ms] [ERROR] Failed to load resource: the server responded with a status of 400 (Bad Request) @ https://sync.adkernel.com/user-sync?zone=42861&r=https%3A%2F%2Fsync.1rx.io%2Fusersync3%2Fnativeads%2F%2F%7BUID%7D%3Fzcc%3D0%26sspret%3D1%26us_privacy%3D1---&us_privacy=1---&rndcb=4133114690:0
[  109764ms] [ERROR] Failed to load resource: the server responded with a status of 404 (Not Found) @ https://us.shb-sync.com/70d23a5f-6400-4661-9a33-825cbc2d2a1a.gif?puid=RX-9ec1288d-a6be-4e05-a575-925bfbfcec30-005&redir=[RED]&gdpr=[GDPR]&gdpr_consent=[GDPR_CONSENT]&ccpa=[CCPA]&us_privacy=1---&rndcb=2797034035:0
[  113738ms] [ERROR] Failed to load resource: net::ERR_NAME_NOT_RESOLVED @ https://visitor-gen01.omnitagjs.com/visitor/bsync?uid=5183beddfca39cdc784820fdf854594d&name=gen01&url=https%3A%2F%2Fpbjs.rbstsystems.live%2Fsync_proceed%3Fbn%3Dseat_218%26brk%3D0%26brk2%3D0%26us_privacy%3D%252C%26gdpr%3D%26gdpr_consent%3D%252C%26u%3DPARTNER_USER_ID:0
[  114192ms] [ERROR] Failed to load resource: net::ERR_TOO_MANY_REDIRECTS @ https://sync.intentiq.com/profiles_engine/ProfilesEngineServlet?at=20&dpi=1357991113&mi=10&csh=793790479;1486637409;259151345;1868283820;396218182;1207058874&rnd=816938424&pcid=4263714045655984000V10:0
[  127473ms] [ERROR] Failed to load resource: net::ERR_TIMED_OUT @ https://ittpx.eskimi.com/sync?dp_id=170&user_id=RX-9ec1288d-a6be-4e05-a575-925bfbfcec30-005&us_privacy=1---&rndcb=5712487485:0
[   79622ms] [ERROR] Failed to load resource: net::ERR_CONNECTION_CLOSED @ https://pxl.iqm.com/i/ck/mnet?cid=4263714045655984000V10&gdpr=0&gdpr_consent=&gpp_string=&gpp_sid=&redirect=https%3A%2F%2Fcs.media.net%2Fcksync%3Fcs%3D3%26type%3Diqm%26ovsid%3D%7B%24PARTNER_UID%7D&cs=9:0
[  118465ms] [ERROR] Failed to load resource: net::ERR_CONNECTION_CLOSED @ https://pxl.iqm.com/i/ck/mnet?cid=4263714045655984000V10&gdpr=0&gdpr_consent=&gpp_string=&gpp_sid=&redirect=https%3A%2F%2Fcs.media.net%2Fcksync%3Fcs%3D3%26type%3Diqm%26ovsid%3D%7B%24PARTNER_UID%7D&cs=9:0
[  143792ms] [ERROR] Failed to load resource: net::ERR_CONNECTION_RESET @ https://pxl.iqm.com/i/ck/mnet?cid=4263714045655984000V10&gdpr=0&gdpr_consent=&gpp_string=&gpp_sid=&redirect=https%3A%2F%2Fcs.media.net%2Fcksync%3Fcs%3D3%26type%3Diqm%26ovsid%3D%7B%24PARTNER_UID%7D&cs=9:0
[  159452ms] [ERROR] Failed to load resource: net::ERR_EMPTY_RESPONSE @ https://pxl.iqm.com/i/ck/mnet?cid=4263714045655984000V10&gdpr=0&gdpr_consent=&gpp_string=&gpp_sid=&redirect=https%3A%2F%2Fcs.media.net%2Fcksync%3Fcs%3D3%26type%3Diqm%26ovsid%3D%7B%24PARTNER_UID%7D&cs=9:0
[  162484ms] [LOG] Polite loading scripts @ https://s0.2mdn.net/sadbundle/6262827461785137240/js/banner.js:10
[  162537ms] [WARNING] Invalid property weight set to light Missing plugin? gsap.registerPlugin() @ https://s0.2mdn.net/ads/studio/cached_libs/gsap_3.11.1_min.js:9
[  162541ms] [WARNING] GSAP target undefined not found. https://greensock.com @ https://s0.2mdn.net/ads/studio/cached_libs/gsap_3.11.1_min.js:9
[  162543ms] [WARNING] GSAP target undefined not found. https://greensock.com @ https://s0.2mdn.net/ads/studio/cached_libs/gsap_3.11.1_min.js:9
[   78529ms] [ERROR] Attestation check for Shared Storage on https://www.googleadservices.com failed. @ https://www.googleadservices.com/pagead/managed/js/activeview/current/reach_worklet.html:0
[   80049ms] [ERROR] Attestation check for Shared Storage on https://www.googleadservices.com failed. @ https://www.googleadservices.com/pagead/managed/js/activeview/current/reach_worklet.html:0
[   84334ms] [ERROR] Attestation check for Shared Storage on https://www.googleadservices.com failed. @ https://www.googleadservices.com/pagead/managed/js/activeview/current/reach_worklet.html:0
[   86621ms] [ERROR] Attestation check for Shared Storage on https://www.googleadservices.com failed. @ https://www.googleadservices.com/pagead/managed/js/activeview/current/reach_worklet.html:0
[   88257ms] [ERROR] Attestation check for Shared Storage on https://www.googleadservices.com failed. @ https://www.googleadservices.com/pagead/managed/js/activeview/current/reach_worklet.html:0
[   91243ms] [ERROR] Attestation check for Shared Storage on https://www.googleadservices.com failed. @ https://www.googleadservices.com/pagead/managed/js/activeview/current/reach_worklet.html:0
[   97248ms] [ERROR] Attestation check for Shared Storage on https://www.googleadservices.com failed. @ https://www.googleadservices.com/pagead/managed/js/activeview/current/reach_worklet.html:0
[   98816ms] [ERROR] Attestation check for Shared Storage on https://www.googleadservices.com failed. @ https://www.googleadservices.com/pagead/managed/js/activeview/current/reach_worklet.html:0
[  100343ms] [ERROR] Attestation check for Shared Storage on https://www.googleadservices.com failed. @ https://www.googleadservices.com/pagead/managed/js/activeview/current/reach_worklet.html:0
[  106043ms] [ERROR] Attestation check for Shared Storage on https://www.googleadservices.com failed. @ https://www.googleadservices.com/pagead/managed/js/activeview/current/reach_worklet.html:0
[  109172ms] [ERROR] Attestation check for Shared Storage on https://www.googleadservices.com failed. @ https://www.googleadservices.com/pagead/managed/js/activeview/current/reach_worklet.html:0
[  124379ms] [ERROR] Attestation check for Shared Storage on https://www.googleadservices.com failed. @ https://www.googleadservices.com/pagead/managed/js/activeview/current/reach_worklet.html:0
[  124947ms] [ERROR] Attestation check for Shared Storage on https://www.googleadservices.com failed. @ https://www.googleadservices.com/pagead/managed/js/activeview/current/reach_worklet.html:0
[  138093ms] [ERROR] Attestation check for Shared Storage on https://www.googleadservices.com failed. @ https://www.googleadservices.com/pagead/managed/js/activeview/current/reach_worklet.html:0
[  140951ms] [ERROR] Attestation check for Shared Storage on https://www.googleadservices.com failed. @ https://www.googleadservices.com/pagead/managed/js/activeview/current/reach_worklet.html:0
[  145508ms] [ERROR] Attestation check for Shared Storage on https://www.googleadservices.com failed. @ https://www.googleadservices.com/pagead/managed/js/activeview/current/reach_worklet.html:0
[  149876ms] [ERROR] Attestation check for Shared Storage on https://www.googleadservices.com failed. @ https://www.googleadservices.com/pagead/managed/js/activeview/current/reach_worklet.html:0
[  155200ms] [ERROR] Attestation check for Shared Storage on https://www.googleadservices.com failed. @ https://www.googleadservices.com/pagead/managed/js/activeview/current/reach_worklet.html:0
[  157463ms] [ERROR] Attestation check for Shared Storage on https://www.googleadservices.com failed. @ https://www.googleadservices.com/pagead/managed/js/activeview/current/reach_worklet.html:0
[  160680ms] [ERROR] Attestation check for Shared Storage on https://www.googleadservices.com failed. @ https://www.googleadservices.com/pagead/managed/js/activeview/current/reach_worklet.html:0
[  163140ms] [ERROR] Attestation check for Shared Storage on https://www.googleadservices.com failed. @ https://www.googleadservices.com/pagead/managed/js/activeview/current/reach_worklet.html:0
[   85754ms] [ERROR] Failed to load resource: net::ERR_NAME_NOT_RESOLVED @ https://cookie-sync.api.soundcast.fm/v1/esync?url=https%3A%2F%2Fcm.g.doubleclick.net%2Fpixel%3Fgoogle_nid%3Dsoundcast_dbm%26google_hm%3D%24UID&gdpr=0:0
[  165754ms] [ERROR] Failed to load resource: net::ERR_CONNECTION_TIMED_OUT @ https://cookie.360playvid.com/e14743b15a44763f7d074962a0ede981.gif?puid=RX-9ec1288d-a6be-4e05-a575-925bfbfcec30-005&us_privacy=1---&rndcb=1023525675:0
[   78529ms] [ERROR] Attestation check for Shared Storage on https://www.googleadservices.com failed. @ https://www.googleadservices.com/pagead/managed/js/activeview/current/reach_worklet.html:0
[   80049ms] [ERROR] Attestation check for Shared Storage on https://www.googleadservices.com failed. @ https://www.googleadservices.com/pagead/managed/js/activeview/current/reach_worklet.html:0
[   84334ms] [ERROR] Attestation check for Shared Storage on https://www.googleadservices.com failed. @ https://www.googleadservices.com/pagead/managed/js/activeview/current/reach_worklet.html:0
[   86621ms] [ERROR] Attestation check for Shared Storage on https://www.googleadservices.com failed. @ https://www.googleadservices.com/pagead/managed/js/activeview/current/reach_worklet.html:0
[   88257ms] [ERROR] Attestation check for Shared Storage on https://www.googleadservices.com failed. @ https://www.googleadservices.com/pagead/managed/js/activeview/current/reach_worklet.html:0
[   91243ms] [ERROR] Attestation check for Shared Storage on https://www.googleadservices.com failed. @ https://www.googleadservices.com/pagead/managed/js/activeview/current/reach_worklet.html:0
[   97248ms] [ERROR] Attestation check for Shared Storage on https://www.googleadservices.com failed. @ https://www.googleadservices.com/pagead/managed/js/activeview/current/reach_worklet.html:0
[   98816ms] [ERROR] Attestation check for Shared Storage on https://www.googleadservices.com failed. @ https://www.googleadservices.com/pagead/managed/js/activeview/current/reach_worklet.html:0
[  100343ms] [ERROR] Attestation check for Shared Storage on https://www.googleadservices.com failed. @ https://www.googleadservices.com/pagead/managed/js/activeview/current/reach_worklet.html:0
[  106043ms] [ERROR] Attestation check for Shared Storage on https://www.googleadservices.com failed. @ https://www.googleadservices.com/pagead/managed/js/activeview/current/reach_worklet.html:0
[  109172ms] [ERROR] Attestation check for Shared Storage on https://www.googleadservices.com failed. @ https://www.googleadservices.com/pagead/managed/js/activeview/current/reach_worklet.html:0
[  124379ms] [ERROR] Attestation check for Shared Storage on https://www.googleadservices.com failed. @ https://www.googleadservices.com/pagead/managed/js/activeview/current/reach_worklet.html:0
[  124947ms] [ERROR] Attestation check for Shared Storage on https://www.googleadservices.com failed. @ https://www.googleadservices.com/pagead/managed/js/activeview/current/reach_worklet.html:0
[  138093ms] [ERROR] Attestation check for Shared Storage on https://www.googleadservices.com failed. @ https://www.googleadservices.com/pagead/managed/js/activeview/current/reach_worklet.html:0
[  140951ms] [ERROR] Attestation check for Shared Storage on https://www.googleadservices.com failed. @ https://www.googleadservices.com/pagead/managed/js/activeview/current/reach_worklet.html:0
[  145508ms] [ERROR] Attestation check for Shared Storage on https://www.googleadservices.com failed. @ https://www.googleadservices.com/pagead/managed/js/activeview/current/reach_worklet.html:0
[  149876ms] [ERROR] Attestation check for Shared Storage on https://www.googleadservices.com failed. @ https://www.googleadservices.com/pagead/managed/js/activeview/current/reach_worklet.html:0
[  155200ms] [ERROR] Attestation check for Shared Storage on https://www.googleadservices.com failed. @ https://www.googleadservices.com/pagead/managed/js/activeview/current/reach_worklet.html:0
[  157463ms] [ERROR] Attestation check for Shared Storage on https://www.googleadservices.com failed. @ https://www.googleadservices.com/pagead/managed/js/activeview/current/reach_worklet.html:0
[  160680ms] [ERROR] Attestation check for Shared Storage on https://www.googleadservices.com failed. @ https://www.googleadservices.com/pagead/managed/js/activeview/current/reach_worklet.html:0
[  163140ms] [ERROR] Attestation check for Shared Storage on https://www.googleadservices.com failed. @ https://www.googleadservices.com/pagead/managed/js/activeview/current/reach_worklet.html:0
[  166167ms] [ERROR] Attestation check for Shared Storage on https://www.googleadservices.com failed. @ https://www.googleadservices.com/pagead/managed/js/activeview/current/reach_worklet.html:0
[   85754ms] [ERROR] Failed to load resource: net::ERR_NAME_NOT_RESOLVED @ https://cookie-sync.api.soundcast.fm/v1/esync?url=https%3A%2F%2Fcm.g.doubleclick.net%2Fpixel%3Fgoogle_nid%3Dsoundcast_dbm%26google_hm%3D%24UID&gdpr=0:0
[   79622ms] [ERROR] Failed to load resource: net::ERR_CONNECTION_CLOSED @ https://pxl.iqm.com/i/ck/mnet?cid=4263714045655984000V10&gdpr=0&gdpr_consent=&gpp_string=&gpp_sid=&redirect=https%3A%2F%2Fcs.media.net%2Fcksync%3Fcs%3D3%26type%3Diqm%26ovsid%3D%7B%24PARTNER_UID%7D&cs=9:0
[  118465ms] [ERROR] Failed to load resource: net::ERR_CONNECTION_CLOSED @ https://pxl.iqm.com/i/ck/mnet?cid=4263714045655984000V10&gdpr=0&gdpr_consent=&gpp_string=&gpp_sid=&redirect=https%3A%2F%2Fcs.media.net%2Fcksync%3Fcs%3D3%26type%3Diqm%26ovsid%3D%7B%24PARTNER_UID%7D&cs=9:0
[  143792ms] [ERROR] Failed to load resource: net::ERR_CONNECTION_RESET @ https://pxl.iqm.com/i/ck/mnet?cid=4263714045655984000V10&gdpr=0&gdpr_consent=&gpp_string=&gpp_sid=&redirect=https%3A%2F%2Fcs.media.net%2Fcksync%3Fcs%3D3%26type%3Diqm%26ovsid%3D%7B%24PARTNER_UID%7D&cs=9:0
[  159452ms] [ERROR] Failed to load resource: net::ERR_EMPTY_RESPONSE @ https://pxl.iqm.com/i/ck/mnet?cid=4263714045655984000V10&gdpr=0&gdpr_consent=&gpp_string=&gpp_sid=&redirect=https%3A%2F%2Fcs.media.net%2Fcksync%3Fcs%3D3%26type%3Diqm%26ovsid%3D%7B%24PARTNER_UID%7D&cs=9:0
[   78529ms] [ERROR] Attestation check for Shared Storage on https://www.googleadservices.com failed. @ https://www.googleadservices.com/pagead/managed/js/activeview/current/reach_worklet.html:0
[   80049ms] [ERROR] Attestation check for Shared Storage on https://www.googleadservices.com failed. @ https://www.googleadservices.com/pagead/managed/js/activeview/current/reach_worklet.html:0
[   84334ms] [ERROR] Attestation check for Shared Storage on https://www.googleadservices.com failed. @ https://www.googleadservices.com/pagead/managed/js/activeview/current/reach_worklet.html:0
[   86621ms] [ERROR] Attestation check for Shared Storage on https://www.googleadservices.com failed. @ https://www.googleadservices.com/pagead/managed/js/activeview/current/reach_worklet.html:0
[   88257ms] [ERROR] Attestation check for Shared Storage on https://www.googleadservices.com failed. @ https://www.googleadservices.com/pagead/managed/js/activeview/current/reach_worklet.html:0
[   91243ms] [ERROR] Attestation check for Shared Storage on https://www.googleadservices.com failed. @ https://www.googleadservices.com/pagead/managed/js/activeview/current/reach_worklet.html:0
[   97248ms] [ERROR] Attestation check for Shared Storage on https://www.googleadservices.com failed. @ https://www.googleadservices.com/pagead/managed/js/activeview/current/reach_worklet.html:0
[   98816ms] [ERROR] Attestation check for Shared Storage on https://www.googleadservices.com failed. @ https://www.googleadservices.com/pagead/managed/js/activeview/current/reach_worklet.html:0
[  100343ms] [ERROR] Attestation check for Shared Storage on https://www.googleadservices.com failed. @ https://www.googleadservices.com/pagead/managed/js/activeview/current/reach_worklet.html:0
[  106043ms] [ERROR] Attestation check for Shared Storage on https://www.googleadservices.com failed. @ https://www.googleadservices.com/pagead/managed/js/activeview/current/reach_worklet.html:0
[  109172ms] [ERROR] Attestation check for Shared Storage on https://www.googleadservices.com failed. @ https://www.googleadservices.com/pagead/managed/js/activeview/current/reach_worklet.html:0
[  124379ms] [ERROR] Attestation check for Shared Storage on https://www.googleadservices.com failed. @ https://www.googleadservices.com/pagead/managed/js/activeview/current/reach_worklet.html:0
[  124947ms] [ERROR] Attestation check for Shared Storage on https://www.googleadservices.com failed. @ https://www.googleadservices.com/pagead/managed/js/activeview/current/reach_worklet.html:0
[  138093ms] [ERROR] Attestation check for Shared Storage on https://www.googleadservices.com failed. @ https://www.googleadservices.com/pagead/managed/js/activeview/current/reach_worklet.html:0
[  140951ms] [ERROR] Attestation check for Shared Storage on https://www.googleadservices.com failed. @ https://www.googleadservices.com/pagead/managed/js/activeview/current/reach_worklet.html:0
[  145508ms] [ERROR] Attestation check for Shared Storage on https://www.googleadservices.com failed. @ https://www.googleadservices.com/pagead/managed/js/activeview/current/reach_worklet.html:0
[  149876ms] [ERROR] Attestation check for Shared Storage on https://www.googleadservices.com failed. @ https://www.googleadservices.com/pagead/managed/js/activeview/current/reach_worklet.html:0
[  155200ms] [ERROR] Attestation check for Shared Storage on https://www.googleadservices.com failed. @ https://www.googleadservices.com/pagead/managed/js/activeview/current/reach_worklet.html:0
[  157463ms] [ERROR] Attestation check for Shared Storage on https://www.googleadservices.com failed. @ https://www.googleadservices.com/pagead/managed/js/activeview/current/reach_worklet.html:0
[  160680ms] [ERROR] Attestation check for Shared Storage on https://www.googleadservices.com failed. @ https://www.googleadservices.com/pagead/managed/js/activeview/current/reach_worklet.html:0
[  163140ms] [ERROR] Attestation check for Shared Storage on https://www.googleadservices.com failed. @ https://www.googleadservices.com/pagead/managed/js/activeview/current/reach_worklet.html:0
[  166167ms] [ERROR] Attestation check for Shared Storage on https://www.googleadservices.com failed. @ https://www.googleadservices.com/pagead/managed/js/activeview/current/reach_worklet.html:0
[  168519ms] [ERROR] Attestation check for Shared Storage on https://www.googleadservices.com failed. @ https://www.googleadservices.com/pagead/managed/js/activeview/current/reach_worklet.html:0
[   85754ms] [ERROR] Failed to load resource: net::ERR_NAME_NOT_RESOLVED @ https://cookie-sync.api.soundcast.fm/v1/esync?url=https%3A%2F%2Fcm.g.doubleclick.net%2Fpixel%3Fgoogle_nid%3Dsoundcast_dbm%26google_hm%3D%24UID&gdpr=0:0
[   78529ms] [ERROR] Attestation check for Shared Storage on https://www.googleadservices.com failed. @ https://www.googleadservices.com/pagead/managed/js/activeview/current/reach_worklet.html:0
[   80049ms] [ERROR] Attestation check for Shared Storage on https://www.googleadservices.com failed. @ https://www.googleadservices.com/pagead/managed/js/activeview/current/reach_worklet.html:0
[   84334ms] [ERROR] Attestation check for Shared Storage on https://www.googleadservices.com failed. @ https://www.googleadservices.com/pagead/managed/js/activeview/current/reach_worklet.html:0
[   86621ms] [ERROR] Attestation check for Shared Storage on https://www.googleadservices.com failed. @ https://www.googleadservices.com/pagead/managed/js/activeview/current/reach_worklet.html:0
[   88257ms] [ERROR] Attestation check for Shared Storage on https://www.googleadservices.com failed. @ https://www.googleadservices.com/pagead/managed/js/activeview/current/reach_worklet.html:0
[   91243ms] [ERROR] Attestation check for Shared Storage on https://www.googleadservices.com failed. @ https://www.googleadservices.com/pagead/managed/js/activeview/current/reach_worklet.html:0
[   97248ms] [ERROR] Attestation check for Shared Storage on https://www.googleadservices.com failed. @ https://www.googleadservices.com/pagead/managed/js/activeview/current/reach_worklet.html:0
[   98816ms] [ERROR] Attestation check for Shared Storage on https://www.googleadservices.com failed. @ https://www.googleadservices.com/pagead/managed/js/activeview/current/reach_worklet.html:0
[  100343ms] [ERROR] Attestation check for Shared Storage on https://www.googleadservices.com failed. @ https://www.googleadservices.com/pagead/managed/js/activeview/current/reach_worklet.html:0
[  106043ms] [ERROR] Attestation check for Shared Storage on https://www.googleadservices.com failed. @ https://www.googleadservices.com/pagead/managed/js/activeview/current/reach_worklet.html:0
[  109172ms] [ERROR] Attestation check for Shared Storage on https://www.googleadservices.com failed. @ https://www.googleadservices.com/pagead/managed/js/activeview/current/reach_worklet.html:0
[  124379ms] [ERROR] Attestation check for Shared Storage on https://www.googleadservices.com failed. @ https://www.googleadservices.com/pagead/managed/js/activeview/current/reach_worklet.html:0
[  124947ms] [ERROR] Attestation check for Shared Storage on https://www.googleadservices.com failed. @ https://www.googleadservices.com/pagead/managed/js/activeview/current/reach_worklet.html:0
[  138093ms] [ERROR] Attestation check for Shared Storage on https://www.googleadservices.com failed. @ https://www.googleadservices.com/pagead/managed/js/activeview/current/reach_worklet.html:0
[  140951ms] [ERROR] Attestation check for Shared Storage on https://www.googleadservices.com failed. @ https://www.googleadservices.com/pagead/managed/js/activeview/current/reach_worklet.html:0
[  145508ms] [ERROR] Attestation check for Shared Storage on https://www.googleadservices.com failed. @ https://www.googleadservices.com/pagead/managed/js/activeview/current/reach_worklet.html:0
[  149876ms] [ERROR] Attestation check for Shared Storage on https://www.googleadservices.com failed. @ https://www.googleadservices.com/pagead/managed/js/activeview/current/reach_worklet.html:0
[  155200ms] [ERROR] Attestation check for Shared Storage on https://www.googleadservices.com failed. @ https://www.googleadservices.com/pagead/managed/js/activeview/current/reach_worklet.html:0
[  157463ms] [ERROR] Attestation check for Shared Storage on https://www.googleadservices.com failed. @ https://www.googleadservices.com/pagead/managed/js/activeview/current/reach_worklet.html:0
[  160680ms] [ERROR] Attestation check for Shared Storage on https://www.googleadservices.com failed. @ https://www.googleadservices.com/pagead/managed/js/activeview/current/reach_worklet.html:0
[  163140ms] [ERROR] Attestation check for Shared Storage on https://www.googleadservices.com failed. @ https://www.googleadservices.com/pagead/managed/js/activeview/current/reach_worklet.html:0
[  166167ms] [ERROR] Attestation check for Shared Storage on https://www.googleadservices.com failed. @ https://www.googleadservices.com/pagead/managed/js/activeview/current/reach_worklet.html:0
[  168519ms] [ERROR] Attestation check for Shared Storage on https://www.googleadservices.com failed. @ https://www.googleadservices.com/pagead/managed/js/activeview/current/reach_worklet.html:0
[  170847ms] [ERROR] Attestation check for Shared Storage on https://www.googleadservices.com failed. @ https://www.googleadservices.com/pagead/managed/js/activeview/current/reach_worklet.html:0
[   85754ms] [ERROR] Failed to load resource: net::ERR_NAME_NOT_RESOLVED @ https://cookie-sync.api.soundcast.fm/v1/esync?url=https%3A%2F%2Fcm.g.doubleclick.net%2Fpixel%3Fgoogle_nid%3Dsoundcast_dbm%26google_hm%3D%24UID&gdpr=0:0
[   78529ms] [ERROR] Attestation check for Shared Storage on https://www.googleadservices.com failed. @ https://www.googleadservices.com/pagead/managed/js/activeview/current/reach_worklet.html:0
[   80049ms] [ERROR] Attestation check for Shared Storage on https://www.googleadservices.com failed. @ https://www.googleadservices.com/pagead/managed/js/activeview/current/reach_worklet.html:0
[   84334ms] [ERROR] Attestation check for Shared Storage on https://www.googleadservices.com failed. @ https://www.googleadservices.com/pagead/managed/js/activeview/current/reach_worklet.html:0
[   86621ms] [ERROR] Attestation check for Shared Storage on https://www.googleadservices.com failed. @ https://www.googleadservices.com/pagead/managed/js/activeview/current/reach_worklet.html:0
[   88257ms] [ERROR] Attestation check for Shared Storage on https://www.googleadservices.com failed. @ https://www.googleadservices.com/pagead/managed/js/activeview/current/reach_worklet.html:0
[   91243ms] [ERROR] Attestation check for Shared Storage on https://www.googleadservices.com failed. @ https://www.googleadservices.com/pagead/managed/js/activeview/current/reach_worklet.html:0
[   97248ms] [ERROR] Attestation check for Shared Storage on https://www.googleadservices.com failed. @ https://www.googleadservices.com/pagead/managed/js/activeview/current/reach_worklet.html:0
[   98816ms] [ERROR] Attestation check for Shared Storage on https://www.googleadservices.com failed. @ https://www.googleadservices.com/pagead/managed/js/activeview/current/reach_worklet.html:0
[  100343ms] [ERROR] Attestation check for Shared Storage on https://www.googleadservices.com failed. @ https://www.googleadservices.com/pagead/managed/js/activeview/current/reach_worklet.html:0
[  106043ms] [ERROR] Attestation check for Shared Storage on https://www.googleadservices.com failed. @ https://www.googleadservices.com/pagead/managed/js/activeview/current/reach_worklet.html:0
[  109172ms] [ERROR] Attestation check for Shared Storage on https://www.googleadservices.com failed. @ https://www.googleadservices.com/pagead/managed/js/activeview/current/reach_worklet.html:0
[  124379ms] [ERROR] Attestation check for Shared Storage on https://www.googleadservices.com failed. @ https://www.googleadservices.com/pagead/managed/js/activeview/current/reach_worklet.html:0
[  124947ms] [ERROR] Attestation check for Shared Storage on https://www.googleadservices.com failed. @ https://www.googleadservices.com/pagead/managed/js/activeview/current/reach_worklet.html:0
[  138093ms] [ERROR] Attestation check for Shared Storage on https://www.googleadservices.com failed. @ https://www.googleadservices.com/pagead/managed/js/activeview/current/reach_worklet.html:0
[  140951ms] [ERROR] Attestation check for Shared Storage on https://www.googleadservices.com failed. @ https://www.googleadservices.com/pagead/managed/js/activeview/current/reach_worklet.html:0
[  145508ms] [ERROR] Attestation check for Shared Storage on https://www.googleadservices.com failed. @ https://www.googleadservices.com/pagead/managed/js/activeview/current/reach_worklet.html:0
[  149876ms] [ERROR] Attestation check for Shared Storage on https://www.googleadservices.com failed. @ https://www.googleadservices.com/pagead/managed/js/activeview/current/reach_worklet.html:0
[  155200ms] [ERROR] Attestation check for Shared Storage on https://www.googleadservices.com failed. @ https://www.googleadservices.com/pagead/managed/js/activeview/current/reach_worklet.html:0
[  157463ms] [ERROR] Attestation check for Shared Storage on https://www.googleadservices.com failed. @ https://www.googleadservices.com/pagead/managed/js/activeview/current/reach_worklet.html:0
[  160680ms] [ERROR] Attestation check for Shared Storage on https://www.googleadservices.com failed. @ https://www.googleadservices.com/pagead/managed/js/activeview/current/reach_worklet.html:0
[  163140ms] [ERROR] Attestation check for Shared Storage on https://www.googleadservices.com failed. @ https://www.googleadservices.com/pagead/managed/js/activeview/current/reach_worklet.html:0
[  166167ms] [ERROR] Attestation check for Shared Storage on https://www.googleadservices.com failed. @ https://www.googleadservices.com/pagead/managed/js/activeview/current/reach_worklet.html:0
[  168519ms] [ERROR] Attestation check for Shared Storage on https://www.googleadservices.com failed. @ https://www.googleadservices.com/pagead/managed/js/activeview/current/reach_worklet.html:0
[  170847ms] [ERROR] Attestation check for Shared Storage on https://www.googleadservices.com failed. @ https://www.googleadservices.com/pagead/managed/js/activeview/current/reach_worklet.html:0
[  173923ms] [ERROR] Attestation check for Shared Storage on https://www.googleadservices.com failed. @ https://www.googleadservices.com/pagead/managed/js/activeview/current/reach_worklet.html:0
[   85754ms] [ERROR] Failed to load resource: net::ERR_NAME_NOT_RESOLVED @ https://cookie-sync.api.soundcast.fm/v1/esync?url=https%3A%2F%2Fcm.g.doubleclick.net%2Fpixel%3Fgoogle_nid%3Dsoundcast_dbm%26google_hm%3D%24UID&gdpr=0:0
[  176441ms] [LOG] JSHandle@node @ https://s0.2mdn.net/sadbundle/4654669881717542224/728x90-Display/animation.js:64
[   78529ms] [ERROR] Attestation check for Shared Storage on https://www.googleadservices.com failed. @ https://www.googleadservices.com/pagead/managed/js/activeview/current/reach_worklet.html:0
[   80049ms] [ERROR] Attestation check for Shared Storage on https://www.googleadservices.com failed. @ https://www.googleadservices.com/pagead/managed/js/activeview/current/reach_worklet.html:0
[   84334ms] [ERROR] Attestation check for Shared Storage on https://www.googleadservices.com failed. @ https://www.googleadservices.com/pagead/managed/js/activeview/current/reach_worklet.html:0
[   86621ms] [ERROR] Attestation check for Shared Storage on https://www.googleadservices.com failed. @ https://www.googleadservices.com/pagead/managed/js/activeview/current/reach_worklet.html:0
[   88257ms] [ERROR] Attestation check for Shared Storage on https://www.googleadservices.com failed. @ https://www.googleadservices.com/pagead/managed/js/activeview/current/reach_worklet.html:0
[   91243ms] [ERROR] Attestation check for Shared Storage on https://www.googleadservices.com failed. @ https://www.googleadservices.com/pagead/managed/js/activeview/current/reach_worklet.html:0
[   97248ms] [ERROR] Attestation check for Shared Storage on https://www.googleadservices.com failed. @ https://www.googleadservices.com/pagead/managed/js/activeview/current/reach_worklet.html:0
[   98816ms] [ERROR] Attestation check for Shared Storage on https://www.googleadservices.com failed. @ https://www.googleadservices.com/pagead/managed/js/activeview/current/reach_worklet.html:0
[  100343ms] [ERROR] Attestation check for Shared Storage on https://www.googleadservices.com failed. @ https://www.googleadservices.com/pagead/managed/js/activeview/current/reach_worklet.html:0
[  106043ms] [ERROR] Attestation check for Shared Storage on https://www.googleadservices.com failed. @ https://www.googleadservices.com/pagead/managed/js/activeview/current/reach_worklet.html:0
[  109172ms] [ERROR] Attestation check for Shared Storage on https://www.googleadservices.com failed. @ https://www.googleadservices.com/pagead/managed/js/activeview/current/reach_worklet.html:0
[  124379ms] [ERROR] Attestation check for Shared Storage on https://www.googleadservices.com failed. @ https://www.googleadservices.com/pagead/managed/js/activeview/current/reach_worklet.html:0
[  124947ms] [ERROR] Attestation check for Shared Storage on https://www.googleadservices.com failed. @ https://www.googleadservices.com/pagead/managed/js/activeview/current/reach_worklet.html:0
[  138093ms] [ERROR] Attestation check for Shared Storage on https://www.googleadservices.com failed. @ https://www.googleadservices.com/pagead/managed/js/activeview/current/reach_worklet.html:0
[  140951ms] [ERROR] Attestation check for Shared Storage on https://www.googleadservices.com failed. @ https://www.googleadservices.com/pagead/managed/js/activeview/current/reach_worklet.html:0
[  145508ms] [ERROR] Attestation check for Shared Storage on https://www.googleadservices.com failed. @ https://www.googleadservices.com/pagead/managed/js/activeview/current/reach_worklet.html:0
[  149876ms] [ERROR] Attestation check for Shared Storage on https://www.googleadservices.com failed. @ https://www.googleadservices.com/pagead/managed/js/activeview/current/reach_worklet.html:0
[  155200ms] [ERROR] Attestation check for Shared Storage on https://www.googleadservices.com failed. @ https://www.googleadservices.com/pagead/managed/js/activeview/current/reach_worklet.html:0
[  157463ms] [ERROR] Attestation check for Shared Storage on https://www.googleadservices.com failed. @ https://www.googleadservices.com/pagead/managed/js/activeview/current/reach_worklet.html:0
[  160680ms] [ERROR] Attestation check for Shared Storage on https://www.googleadservices.com failed. @ https://www.googleadservices.com/pagead/managed/js/activeview/current/reach_worklet.html:0
[  163140ms] [ERROR] Attestation check for Shared Storage on https://www.googleadservices.com failed. @ https://www.googleadservices.com/pagead/managed/js/activeview/current/reach_worklet.html:0
[  166167ms] [ERROR] Attestation check for Shared Storage on https://www.googleadservices.com failed. @ https://www.googleadservices.com/pagead/managed/js/activeview/current/reach_worklet.html:0
[  168519ms] [ERROR] Attestation check for Shared Storage on https://www.googleadservices.com failed. @ https://www.googleadservices.com/pagead/managed/js/activeview/current/reach_worklet.html:0
[  170847ms] [ERROR] Attestation check for Shared Storage on https://www.googleadservices.com failed. @ https://www.googleadservices.com/pagead/managed/js/activeview/current/reach_worklet.html:0
[  173923ms] [ERROR] Attestation check for Shared Storage on https://www.googleadservices.com failed. @ https://www.googleadservices.com/pagead/managed/js/activeview/current/reach_worklet.html:0
[  177306ms] [ERROR] Access to fetch at 'https://pbsj-us-east.bricks-co.com/openrtb2/auction' from origin 'https://www.w3schools.com' has been blocked by CORS policy: No 'Access-Control-Allow-Origin' header is present on the requested resource. @ https://www.w3schools.com/colors/colors_hsl.asp?color=hsl(195,%201,%200.5):0
[  177306ms] [ERROR] Failed to load resource: net::ERR_FAILED @ https://pbsj-us-east.bricks-co.com/openrtb2/auction:0
[   85754ms] [ERROR] Failed to load resource: net::ERR_NAME_NOT_RESOLVED @ https://cookie-sync.api.soundcast.fm/v1/esync?url=https%3A%2F%2Fcm.g.doubleclick.net%2Fpixel%3Fgoogle_nid%3Dsoundcast_dbm%26google_hm%3D%24UID&gdpr=0:0
[  177973ms] [ERROR] Attestation check for Shared Storage on https://www.googleadservices.com failed. @ https://www.googleadservices.com/pagead/managed/js/activeview/current/reach_worklet.html:0
[  178038ms] [ERROR] Access to fetch at 'https://pbsj-us-east.bricks-co.com/openrtb2/auction' from origin 'https://www.w3schools.com' has been blocked by CORS policy: No 'Access-Control-Allow-Origin' header is present on the requested resource. @ https://www.w3schools.com/colors/colors_hsl.asp?color=hsl(195,%201,%200.5):0
[  178038ms] [ERROR] Failed to load resource: net::ERR_FAILED @ https://pbsj-us-east.bricks-co.com/openrtb2/auction:0
[   78529ms] [ERROR] Attestation check for Shared Storage on https://www.googleadservices.com failed. @ https://www.googleadservices.com/pagead/managed/js/activeview/current/reach_worklet.html:0
[   80049ms] [ERROR] Attestation check for Shared Storage on https://www.googleadservices.com failed. @ https://www.googleadservices.com/pagead/managed/js/activeview/current/reach_worklet.html:0
[   84334ms] [ERROR] Attestation check for Shared Storage on https://www.googleadservices.com failed. @ https://www.googleadservices.com/pagead/managed/js/activeview/current/reach_worklet.html:0
[   86621ms] [ERROR] Attestation check for Shared Storage on https://www.googleadservices.com failed. @ https://www.googleadservices.com/pagead/managed/js/activeview/current/reach_worklet.html:0
[   88257ms] [ERROR] Attestation check for Shared Storage on https://www.googleadservices.com failed. @ https://www.googleadservices.com/pagead/managed/js/activeview/current/reach_worklet.html:0
[   91243ms] [ERROR] Attestation check for Shared Storage on https://www.googleadservices.com failed. @ https://www.googleadservices.com/pagead/managed/js/activeview/current/reach_worklet.html:0
[   97248ms] [ERROR] Attestation check for Shared Storage on https://www.googleadservices.com failed. @ https://www.googleadservices.com/pagead/managed/js/activeview/current/reach_worklet.html:0
[   98816ms] [ERROR] Attestation check for Shared Storage on https://www.googleadservices.com failed. @ https://www.googleadservices.com/pagead/managed/js/activeview/current/reach_worklet.html:0
[  100343ms] [ERROR] Attestation check for Shared Storage on https://www.googleadservices.com failed. @ https://www.googleadservices.com/pagead/managed/js/activeview/current/reach_worklet.html:0
[  106043ms] [ERROR] Attestation check for Shared Storage on https://www.googleadservices.com failed. @ https://www.googleadservices.com/pagead/managed/js/activeview/current/reach_worklet.html:0
[  109172ms] [ERROR] Attestation check for Shared Storage on https://www.googleadservices.com failed. @ https://www.googleadservices.com/pagead/managed/js/activeview/current/reach_worklet.html:0
[  124379ms] [ERROR] Attestation check for Shared Storage on https://www.googleadservices.com failed. @ https://www.googleadservices.com/pagead/managed/js/activeview/current/reach_worklet.html:0
[  124947ms] [ERROR] Attestation check for Shared Storage on https://www.googleadservices.com failed. @ https://www.googleadservices.com/pagead/managed/js/activeview/current/reach_worklet.html:0
[  138093ms] [ERROR] Attestation check for Shared Storage on https://www.googleadservices.com failed. @ https://www.googleadservices.com/pagead/managed/js/activeview/current/reach_worklet.html:0
[  140951ms] [ERROR] Attestation check for Shared Storage on https://www.googleadservices.com failed. @ https://www.googleadservices.com/pagead/managed/js/activeview/current/reach_worklet.html:0
[  145508ms] [ERROR] Attestation check for Shared Storage on https://www.googleadservices.com failed. @ https://www.googleadservices.com/pagead/managed/js/activeview/current/reach_worklet.html:0
[  149876ms] [ERROR] Attestation check for Shared Storage on https://www.googleadservices.com failed. @ https://www.googleadservices.com/pagead/managed/js/activeview/current/reach_worklet.html:0
[  155200ms] [ERROR] Attestation check for Shared Storage on https://www.googleadservices.com failed. @ https://www.googleadservices.com/pagead/managed/js/activeview/current/reach_worklet.html:0
[  157463ms] [ERROR] Attestation check for Shared Storage on https://www.googleadservices.com failed. @ https://www.googleadservices.com/pagead/managed/js/activeview/current/reach_worklet.html:0
[  160680ms] [ERROR] Attestation check for Shared Storage on https://www.googleadservices.com failed. @ https://www.googleadservices.com/pagead/managed/js/activeview/current/reach_worklet.html:0
[  163140ms] [ERROR] Attestation check for Shared Storage on https://www.googleadservices.com failed. @ https://www.googleadservices.com/pagead/managed/js/activeview/current/reach_worklet.html:0
[  166167ms] [ERROR] Attestation check for Shared Storage on https://www.googleadservices.com failed. @ https://www.googleadservices.com/pagead/managed/js/activeview/current/reach_worklet.html:0
[  168519ms] [ERROR] Attestation check for Shared Storage on https://www.googleadservices.com failed. @ https://www.googleadservices.com/pagead/managed/js/activeview/current/reach_worklet.html:0
[  170847ms] [ERROR] Attestation check for Shared Storage on https://www.googleadservices.com failed. @ https://www.googleadservices.com/pagead/managed/js/activeview/current/reach_worklet.html:0
[  173923ms] [ERROR] Attestation check for Shared Storage on https://www.googleadservices.com failed. @ https://www.googleadservices.com/pagead/managed/js/activeview/current/reach_worklet.html:0
[  177973ms] [ERROR] Attestation check for Shared Storage on https://www.googleadservices.com failed. @ https://www.googleadservices.com/pagead/managed/js/activeview/current/reach_worklet.html:0
[  180017ms] [LOG] JSHandle@node @ https://s0.2mdn.net/sadbundle/9755418839975366111/300x600-Display/animation.js:65
[  180303ms] [ERROR] Attestation check for Shared Storage on https://www.googleadservices.com failed. @ https://www.googleadservices.com/pagead/managed/js/activeview/current/reach_worklet.html:0
[  181273ms] [ERROR] Access to fetch at 'https://pbsj-us-east.bricks-co.com/openrtb2/auction' from origin 'https://www.w3schools.com' has been blocked by CORS policy: No 'Access-Control-Allow-Origin' header is present on the requested resource. @ https://www.w3schools.com/colors/colors_hsl.asp?color=hsl(195,%201,%200.5):0
[  181274ms] [ERROR] Failed to load resource: net::ERR_FAILED @ https://pbsj-us-east.bricks-co.com/openrtb2/auction:0
[   85754ms] [ERROR] Failed to load resource: net::ERR_NAME_NOT_RESOLVED @ https://cookie-sync.api.soundcast.fm/v1/esync?url=https%3A%2F%2Fcm.g.doubleclick.net%2Fpixel%3Fgoogle_nid%3Dsoundcast_dbm%26google_hm%3D%24UID&gdpr=0:0
[  181805ms] [WARNING] An iframe which has both allow-scripts and allow-same-origin for its sandbox attribute can escape its sandboxing. @ https://www.flashb.id/assets/js/hbdbrk_fef0c8b2caedfb449c01_m.js:0
[  184022ms] [ERROR] Failed to load resource: net::ERR_CONNECTION_TIMED_OUT @ https://rp.gwallet.com/r1/cm/p121?uuid=RX-9ec1288d-a6be-4e05-a575-925bfbfcec30-005&us_privacy=1---&rndcb=3867747032:0
[   91223ms] [ERROR] Failed to load resource: net::ERR_CONNECTION_CLOSED @ https://sync.connectad.io/umatch/1?dataid=data17&uuid=RX-9ec1288d-a6be-4e05-a575-925bfbfcec30-005&us_privacy=1---&rndcb=359565001:0
[   91839ms] [ERROR] Failed to load resource: the server responded with a status of 400 () @ https://cm.mgid.com/m?cdsp=433142&c=RX-9ec1288d-a6be-4e05-a575-925bfbfcec30-005&us_privacy=1---&rndcb=3460803040:0
[   92364ms] [ERROR] Failed to load resource: net::ERR_CONNECTION_CLOSED @ https://csync.smilewanted.com/set_partner_userid_get/unruly/RX-9ec1288d-a6be-4e05-a575-925bfbfcec30-005?us_privacy=1---&rndcb=8477261241:0
[   92377ms] [ERROR] Failed to load resource: the server responded with a status of 400 (Bad Request) @ https://sync.adkernel.com/user-sync?dsp=11&t=image&uid=RX-9ec1288d-a6be-4e05-a575-925bfbfcec30-005&us_privacy=1---&rndcb=4809021070:0
[   92394ms] [ERROR] Failed to load resource: net::ERR_SOCKET_NOT_CONNECTED @ https://csync.loopme.me/?partner_id=2259&vt=RX-9ec1288d-a6be-4e05-a575-925bfbfcec30-005&us_privacy=1---&rndcb=3695539100:0
[   93148ms] [ERROR] Failed to load resource: the server responded with a status of 404 () @ https://cs.admanmedia.com/cbaf91328596cd8e6c6aac070d7c695b.gif?puid=[UID]&redir=[RED]&gdpr=[GDPR]&gdpr_consent=[GDPR_CONSENT]&ccpa=[CCPA]&coppa=[COPPA]&us_privacy=1---&rndcb=1210572107:0
[   93344ms] [ERROR] Failed to load resource: the server responded with a status of 400 () @ https://match.prod.bidr.io/cookie-sync/ro?us_privacy=1---&rndcb=1144717434:0
[   95954ms] [ERROR] Failed to load resource: net::ERR_SOCKET_NOT_CONNECTED @ https://csync.loopme.me/?redirect=https%3A%2F%2Fsync.1rx.io%2Fusersync3%2Floopme%2F%2F%7Bdevice_id%7D%3Fzcc%3D0%26sspret%3D1%26us_privacy%3D1---&pubid=9718&us_privacy=1---&rndcb=2088199819:0
[   97727ms] [ERROR] Failed to load resource: net::ERR_NAME_NOT_RESOLVED @ https://tracker.pre.vr-tb.com/sync?id=3&uid=RX-9ec1288d-a6be-4e05-a575-925bfbfcec30-005&us_privacy=1---&rndcb=5500735770:0
[   98194ms] [ERROR] Failed to load resource: net::ERR_NAME_NOT_RESOLVED @ https://cs.iqzone.com/cd7df7742ce9820014dceb9d36ea934e.gif?puid=RX-9ec1288d-a6be-4e05-a575-925bfbfcec30-005&us_privacy=1---&rndcb=4646964125:0
[   99759ms] [ERROR] Failed to load resource: net::ERR_NAME_NOT_RESOLVED @ https://x.fidelity-media.com/match.php?dsp=RHTMKUB&uid=RX-9ec1288d-a6be-4e05-a575-925bfbfcec30-005&us_privacy=1---&rndcb=5875170170:0
[   99759ms] [ERROR] Failed to load resource: the server responded with a status of 401 () @ https://sync.ex.co/v1/setuid/copper6/?gdpr=[GDPR]&gdpr_consent=[GDPR_CONSENT]&gpp=[GPP]&gpp_sid=[GPP_SID]&uid=8b40d63c-9b6e-4ae4-8015-10ac1a43d577:0
[   99760ms] [ERROR] Failed to load resource: the server responded with a status of 400 () @ https://cm.mgid.com/m?cdsp=834161&c=RX-9ec1288d-a6be-4e05-a575-925bfbfcec30-005&us_privacy=1---&rndcb=6837296067:0
[   99799ms] [ERROR] Failed to load resource: the server responded with a status of 404 () @ https://match.justpremium.com/match/un?rid=r-4111cedb-72e5-4a0d-8cbd-4b6c3882923c-1687-778229178&jp_uid=lk2-um-bfeb8f08-96fa-4da8-b070-7171050cd12e-1613989936&ex_uid=RX-9ec1288d-a6be-4e05-a575-925bfbfcec30-005&us_privacy=1---&rndcb=6755002177:0
[   99963ms] [ERROR] Failed to load resource: the server responded with a status of 400 () @ https://mfx.mobilefuse.com/setuid?pid=unr&uid=RX-9ec1288d-a6be-4e05-a575-925bfbfcec30-005&us_privacy=1---&rndcb=3485535791:0
[   99983ms] [ERROR] Failed to load resource: net::ERR_NAME_NOT_RESOLVED @ https://sync.spotim.market/csync?t=a&ep=708476&extuid=RX-9ec1288d-a6be-4e05-a575-925bfbfcec30-005&us_privacy=1---&rndcb=2790323897:0
[  101251ms] [ERROR] Failed to load resource: net::ERR_NAME_NOT_RESOLVED @ https://sync.pubwise.io/usersync/unrulydspctv/RX-9ec1288d-a6be-4e05-a575-925bfbfcec30-005?us_privacy=1---&rndcb=431564914:0
[  104426ms] [ERROR] Failed to load resource: net::ERR_TOO_MANY_REDIRECTS @ https://sync-ssp.adsmovil.com/25272641f0ca28f71a7ea277c4985249.gif?puid=2648036472040787691&redir=https%3A%2F%2Fssbsync.smartadserver.com%2Fapi%2Fsync%3FcallerId%3D301&gdpr=0&gdpr_consent=:0
[  104567ms] [ERROR] Failed to load resource: net::ERR_CERT_COMMON_NAME_INVALID @ https://sync.programmaticx.ai/api/cookie?partnerId=progx-unruly&userId=RX-9ec1288d-a6be-4e05-a575-925bfbfcec30-005&us_privacy=1---&rndcb=1162585388:0
[  109092ms] [ERROR] Failed to load resource: net::ERR_TOO_MANY_REDIRECTS @ https://cs.pgammedia.com/bf4103da5f0fb6ae0166419ea1a784aa.gif?gdpr=$$[GDPR]&gdpr_consent=$$[GDPR_CONSENT]&us_privacy=$[CCPA]&uid=$5e8b229a-39dc-4495-8c54-0b4c4d198901&cookie_age=$[COOKIE_AGE]:0
[  109104ms] [ERROR] Failed to load resource: net::ERR_NAME_NOT_RESOLVED @ https://tracker.ortb.vuukle.com/sync?id=35&uid=RX-9ec1288d-a6be-4e05-a575-925bfbfcec30-005&us_privacy=1---&rndcb=4007536479:0
[  109111ms] [ERROR] Failed to load resource: net::ERR_NAME_NOT_RESOLVED @ https://hb.yahoo.net/cksync.php?cs=1&type=56551&ovsid=RX-9ec1288d-a6be-4e05-a575-925bfbfcec30-005&us_privacy=1---&rndcb=1521567313:0
[  109119ms] [ERROR] Failed to load resource: net::ERR_NAME_NOT_RESOLVED @ https://cs.iqzone.com/dad9a774fb4631ad27a2b1e349bf882f.gif?puid=[UID]&redir=[RED]&gdpr=[GDPR]&gdpr_consent=[GDPR_CONSENT]&ccpa=[CCPA]&coppa=[COPPA]&us_privacy=1---&rndcb=5043859670:0
[  109119ms] [ERROR] Failed to load resource: net::ERR_NAME_NOT_RESOLVED @ https://cs.iqzone.com/dad9a774fb4631ad27a2b1e349bf882f.gif?puid=[UID]&redir=[RED]&gdpr=[GDPR]&gdpr_consent=[GDPR_CONSENT]&ccpa=[CCPA]&coppa=[COPPA]&us_privacy=1---&rndcb=743145145:0
[  109760ms] [ERROR] Failed to load resource: net::ERR_NAME_NOT_RESOLVED @ https://tracker-zmd.ortb.net/sync.html?us_privacy=1---&rndcb=1645288100:0
[  109761ms] [ERROR] Failed to load resource: the server responded with a status of 400 (Bad Request) @ https://sync.adkernel.com/user-sync?zone=83074&r=https%3A%2F%2Fsync.1rx.io%2Fusersync3%2Fyieldnexus%2F%2F%7BUID%7D%3Fzcc%3D0%26sspret%3D1%26us_privacy%3D1---&us_privacy=1---&rndcb=2924073219:0
[  109762ms] [ERROR] Failed to load resource: the server responded with a status of 400 (Bad Request) @ https://sync.adkernel.com/user-sync?zone=42861&r=https%3A%2F%2Fsync.1rx.io%2Fusersync3%2Fnativeads%2F%2F%7BUID%7D%3Fzcc%3D0%26sspret%3D1%26us_privacy%3D1---&us_privacy=1---&rndcb=4133114690:0
[  109764ms] [ERROR] Failed to load resource: the server responded with a status of 404 (Not Found) @ https://us.shb-sync.com/70d23a5f-6400-4661-9a33-825cbc2d2a1a.gif?puid=RX-9ec1288d-a6be-4e05-a575-925bfbfcec30-005&redir=[RED]&gdpr=[GDPR]&gdpr_consent=[GDPR_CONSENT]&ccpa=[CCPA]&us_privacy=1---&rndcb=2797034035:0
[  113738ms] [ERROR] Failed to load resource: net::ERR_NAME_NOT_RESOLVED @ https://visitor-gen01.omnitagjs.com/visitor/bsync?uid=5183beddfca39cdc784820fdf854594d&name=gen01&url=https%3A%2F%2Fpbjs.rbstsystems.live%2Fsync_proceed%3Fbn%3Dseat_218%26brk%3D0%26brk2%3D0%26us_privacy%3D%252C%26gdpr%3D%26gdpr_consent%3D%252C%26u%3DPARTNER_USER_ID:0
[  114192ms] [ERROR] Failed to load resource: net::ERR_TOO_MANY_REDIRECTS @ https://sync.intentiq.com/profiles_engine/ProfilesEngineServlet?at=20&dpi=1357991113&mi=10&csh=793790479;1486637409;259151345;1868283820;396218182;1207058874&rnd=816938424&pcid=4263714045655984000V10:0
[  127473ms] [ERROR] Failed to load resource: net::ERR_TIMED_OUT @ https://ittpx.eskimi.com/sync?dp_id=170&user_id=RX-9ec1288d-a6be-4e05-a575-925bfbfcec30-005&us_privacy=1---&rndcb=5712487485:0
[  165754ms] [ERROR] Failed to load resource: net::ERR_CONNECTION_TIMED_OUT @ https://cookie.360playvid.com/e14743b15a44763f7d074962a0ede981.gif?puid=RX-9ec1288d-a6be-4e05-a575-925bfbfcec30-005&us_privacy=1---&rndcb=1023525675:0
[  184022ms] [ERROR] Failed to load resource: net::ERR_CONNECTION_TIMED_OUT @ https://rp.gwallet.com/r1/cm/p121?uuid=RX-9ec1288d-a6be-4e05-a575-925bfbfcec30-005&us_privacy=1---&rndcb=3867747032:0
[   85754ms] [ERROR] Failed to load resource: net::ERR_NAME_NOT_RESOLVED @ https://cookie-sync.api.soundcast.fm/v1/esync?url=https%3A%2F%2Fcm.g.doubleclick.net%2Fpixel%3Fgoogle_nid%3Dsoundcast_dbm%26google_hm%3D%24UID&gdpr=0:0
[  186195ms] [ERROR] Failed to load resource: net::ERR_CONNECTION_TIMED_OUT @ https://ads.stickyadstv.com/user-registering?dataProviderId=1570&userId=RX-9ec1288d-a6be-4e05-a575-925bfbfcec30-005&us_privacy=1---&rndcb=7416659682:0
[   79622ms] [ERROR] Failed to load resource: net::ERR_CONNECTION_CLOSED @ https://pxl.iqm.com/i/ck/mnet?cid=4263714045655984000V10&gdpr=0&gdpr_consent=&gpp_string=&gpp_sid=&redirect=https%3A%2F%2Fcs.media.net%2Fcksync%3Fcs%3D3%26type%3Diqm%26ovsid%3D%7B%24PARTNER_UID%7D&cs=9:0
[  118465ms] [ERROR] Failed to load resource: net::ERR_CONNECTION_CLOSED @ https://pxl.iqm.com/i/ck/mnet?cid=4263714045655984000V10&gdpr=0&gdpr_consent=&gpp_string=&gpp_sid=&redirect=https%3A%2F%2Fcs.media.net%2Fcksync%3Fcs%3D3%26type%3Diqm%26ovsid%3D%7B%24PARTNER_UID%7D&cs=9:0
[  143792ms] [ERROR] Failed to load resource: net::ERR_CONNECTION_RESET @ https://pxl.iqm.com/i/ck/mnet?cid=4263714045655984000V10&gdpr=0&gdpr_consent=&gpp_string=&gpp_sid=&redirect=https%3A%2F%2Fcs.media.net%2Fcksync%3Fcs%3D3%26type%3Diqm%26ovsid%3D%7B%24PARTNER_UID%7D&cs=9:0
[  159452ms] [ERROR] Failed to load resource: net::ERR_EMPTY_RESPONSE @ https://pxl.iqm.com/i/ck/mnet?cid=4263714045655984000V10&gdpr=0&gdpr_consent=&gpp_string=&gpp_sid=&redirect=https%3A%2F%2Fcs.media.net%2Fcksync%3Fcs%3D3%26type%3Diqm%26ovsid%3D%7B%24PARTNER_UID%7D&cs=9:0
[  187375ms] [ERROR] Failed to load resource: net::ERR_CONNECTION_CLOSED @ https://pxl.iqm.com/i/ck/mnet?cid=4263714045655984000V10&gdpr=0&gdpr_consent=&gpp_string=&gpp_sid=&redirect=https%3A%2F%2Fcs.media.net%2Fcksync%3Fcs%3D3%26type%3Diqm%26ovsid%3D%7B%24PARTNER_UID%7D&cs=25:0
[   78529ms] [ERROR] Attestation check for Shared Storage on https://www.googleadservices.com failed. @ https://www.googleadservices.com/pagead/managed/js/activeview/current/reach_worklet.html:0
[   80049ms] [ERROR] Attestation check for Shared Storage on https://www.googleadservices.com failed. @ https://www.googleadservices.com/pagead/managed/js/activeview/current/reach_worklet.html:0
[   84334ms] [ERROR] Attestation check for Shared Storage on https://www.googleadservices.com failed. @ https://www.googleadservices.com/pagead/managed/js/activeview/current/reach_worklet.html:0
[   86621ms] [ERROR] Attestation check for Shared Storage on https://www.googleadservices.com failed. @ https://www.googleadservices.com/pagead/managed/js/activeview/current/reach_worklet.html:0
[   88257ms] [ERROR] Attestation check for Shared Storage on https://www.googleadservices.com failed. @ https://www.googleadservices.com/pagead/managed/js/activeview/current/reach_worklet.html:0
[   91243ms] [ERROR] Attestation check for Shared Storage on https://www.googleadservices.com failed. @ https://www.googleadservices.com/pagead/managed/js/activeview/current/reach_worklet.html:0
[   97248ms] [ERROR] Attestation check for Shared Storage on https://www.googleadservices.com failed. @ https://www.googleadservices.com/pagead/managed/js/activeview/current/reach_worklet.html:0
[   98816ms] [ERROR] Attestation check for Shared Storage on https://www.googleadservices.com failed. @ https://www.googleadservices.com/pagead/managed/js/activeview/current/reach_worklet.html:0
[  100343ms] [ERROR] Attestation check for Shared Storage on https://www.googleadservices.com failed. @ https://www.googleadservices.com/pagead/managed/js/activeview/current/reach_worklet.html:0
[  106043ms] [ERROR] Attestation check for Shared Storage on https://www.googleadservices.com failed. @ https://www.googleadservices.com/pagead/managed/js/activeview/current/reach_worklet.html:0
[  109172ms] [ERROR] Attestation check for Shared Storage on https://www.googleadservices.com failed. @ https://www.googleadservices.com/pagead/managed/js/activeview/current/reach_worklet.html:0
[  124379ms] [ERROR] Attestation check for Shared Storage on https://www.googleadservices.com failed. @ https://www.googleadservices.com/pagead/managed/js/activeview/current/reach_worklet.html:0
[  124947ms] [ERROR] Attestation check for Shared Storage on https://www.googleadservices.com failed. @ https://www.googleadservices.com/pagead/managed/js/activeview/current/reach_worklet.html:0
[  138093ms] [ERROR] Attestation check for Shared Storage on https://www.googleadservices.com failed. @ https://www.googleadservices.com/pagead/managed/js/activeview/current/reach_worklet.html:0
[  140951ms] [ERROR] Attestation check for Shared Storage on https://www.googleadservices.com failed. @ https://www.googleadservices.com/pagead/managed/js/activeview/current/reach_worklet.html:0
[  145508ms] [ERROR] Attestation check for Shared Storage on https://www.googleadservices.com failed. @ https://www.googleadservices.com/pagead/managed/js/activeview/current/reach_worklet.html:0
[  149876ms] [ERROR] Attestation check for Shared Storage on https://www.googleadservices.com failed. @ https://www.googleadservices.com/pagead/managed/js/activeview/current/reach_worklet.html:0
[  155200ms] [ERROR] Attestation check for Shared Storage on https://www.googleadservices.com failed. @ https://www.googleadservices.com/pagead/managed/js/activeview/current/reach_worklet.html:0
[  157463ms] [ERROR] Attestation check for Shared Storage on https://www.googleadservices.com failed. @ https://www.googleadservices.com/pagead/managed/js/activeview/current/reach_worklet.html:0
[  160680ms] [ERROR] Attestation check for Shared Storage on https://www.googleadservices.com failed. @ https://www.googleadservices.com/pagead/managed/js/activeview/current/reach_worklet.html:0
[  163140ms] [ERROR] Attestation check for Shared Storage on https://www.googleadservices.com failed. @ https://www.googleadservices.com/pagead/managed/js/activeview/current/reach_worklet.html:0
[  166167ms] [ERROR] Attestation check for Shared Storage on https://www.googleadservices.com failed. @ https://www.googleadservices.com/pagead/managed/js/activeview/current/reach_worklet.html:0
[  168519ms] [ERROR] Attestation check for Shared Storage on https://www.googleadservices.com failed. @ https://www.googleadservices.com/pagead/managed/js/activeview/current/reach_worklet.html:0
[  170847ms] [ERROR] Attestation check for Shared Storage on https://www.googleadservices.com failed. @ https://www.googleadservices.com/pagead/managed/js/activeview/current/reach_worklet.html:0
[  173923ms] [ERROR] Attestation check for Shared Storage on https://www.googleadservices.com failed. @ https://www.googleadservices.com/pagead/managed/js/activeview/current/reach_worklet.html:0
[  177973ms] [ERROR] Attestation check for Shared Storage on https://www.googleadservices.com failed. @ https://www.googleadservices.com/pagead/managed/js/activeview/current/reach_worklet.html:0
[  180303ms] [ERROR] Attestation check for Shared Storage on https://www.googleadservices.com failed. @ https://www.googleadservices.com/pagead/managed/js/activeview/current/reach_worklet.html:0
[  187978ms] Failed to read a named property 'document' from 'Window': Blocked a frame with origin "https://lax1-ib.adnxs.com" from accessing a frame with origin "https://srv.flashb.id". Protocols, domains, and ports must match.
[   85754ms] [ERROR] Failed to load resource: net::ERR_NAME_NOT_RESOLVED @ https://cookie-sync.api.soundcast.fm/v1/esync?url=https%3A%2F%2Fcm.g.doubleclick.net%2Fpixel%3Fgoogle_nid%3Dsoundcast_dbm%26google_hm%3D%24UID&gdpr=0:0
[  188922ms] [ERROR] Attestation check for Shared Storage on https://www.googleadservices.com failed. @ https://www.googleadservices.com/pagead/managed/js/activeview/current/reach_worklet.html:0
[  189121ms] [DIR] SyntaxError @ https://js.ad-score.com/score.min.js?pid=1000925&tt=g:1
[  190180ms] [TIMEEND] a: 0.008056640625 ms @ https://static.adsafeprotected.com/sca.17.6.4.js:31
[   78529ms] [ERROR] Attestation check for Shared Storage on https://www.googleadservices.com failed. @ https://www.googleadservices.com/pagead/managed/js/activeview/current/reach_worklet.html:0
[   80049ms] [ERROR] Attestation check for Shared Storage on https://www.googleadservices.com failed. @ https://www.googleadservices.com/pagead/managed/js/activeview/current/reach_worklet.html:0
[   84334ms] [ERROR] Attestation check for Shared Storage on https://www.googleadservices.com failed. @ https://www.googleadservices.com/pagead/managed/js/activeview/current/reach_worklet.html:0
[   86621ms] [ERROR] Attestation check for Shared Storage on https://www.googleadservices.com failed. @ https://www.googleadservices.com/pagead/managed/js/activeview/current/reach_worklet.html:0
[   88257ms] [ERROR] Attestation check for Shared Storage on https://www.googleadservices.com failed. @ https://www.googleadservices.com/pagead/managed/js/activeview/current/reach_worklet.html:0
[   91243ms] [ERROR] Attestation check for Shared Storage on https://www.googleadservices.com failed. @ https://www.googleadservices.com/pagead/managed/js/activeview/current/reach_worklet.html:0
[   97248ms] [ERROR] Attestation check for Shared Storage on https://www.googleadservices.com failed. @ https://www.googleadservices.com/pagead/managed/js/activeview/current/reach_worklet.html:0
[   98816ms] [ERROR] Attestation check for Shared Storage on https://www.googleadservices.com failed. @ https://www.googleadservices.com/pagead/managed/js/activeview/current/reach_worklet.html:0
[  100343ms] [ERROR] Attestation check for Shared Storage on https://www.googleadservices.com failed. @ https://www.googleadservices.com/pagead/managed/js/activeview/current/reach_worklet.html:0
[  106043ms] [ERROR] Attestation check for Shared Storage on https://www.googleadservices.com failed. @ https://www.googleadservices.com/pagead/managed/js/activeview/current/reach_worklet.html:0
[  109172ms] [ERROR] Attestation check for Shared Storage on https://www.googleadservices.com failed. @ https://www.googleadservices.com/pagead/managed/js/activeview/current/reach_worklet.html:0
[  124379ms] [ERROR] Attestation check for Shared Storage on https://www.googleadservices.com failed. @ https://www.googleadservices.com/pagead/managed/js/activeview/current/reach_worklet.html:0
[  124947ms] [ERROR] Attestation check for Shared Storage on https://www.googleadservices.com failed. @ https://www.googleadservices.com/pagead/managed/js/activeview/current/reach_worklet.html:0
[  138093ms] [ERROR] Attestation check for Shared Storage on https://www.googleadservices.com failed. @ https://www.googleadservices.com/pagead/managed/js/activeview/current/reach_worklet.html:0
[  140951ms] [ERROR] Attestation check for Shared Storage on https://www.googleadservices.com failed. @ https://www.googleadservices.com/pagead/managed/js/activeview/current/reach_worklet.html:0
[  145508ms] [ERROR] Attestation check for Shared Storage on https://www.googleadservices.com failed. @ https://www.googleadservices.com/pagead/managed/js/activeview/current/reach_worklet.html:0
[  149876ms] [ERROR] Attestation check for Shared Storage on https://www.googleadservices.com failed. @ https://www.googleadservices.com/pagead/managed/js/activeview/current/reach_worklet.html:0
[  155200ms] [ERROR] Attestation check for Shared Storage on https://www.googleadservices.com failed. @ https://www.googleadservices.com/pagead/managed/js/activeview/current/reach_worklet.html:0
[  157463ms] [ERROR] Attestation check for Shared Storage on https://www.googleadservices.com failed. @ https://www.googleadservices.com/pagead/managed/js/activeview/current/reach_worklet.html:0
[  160680ms] [ERROR] Attestation check for Shared Storage on https://www.googleadservices.com failed. @ https://www.googleadservices.com/pagead/managed/js/activeview/current/reach_worklet.html:0
[  163140ms] [ERROR] Attestation check for Shared Storage on https://www.googleadservices.com failed. @ https://www.googleadservices.com/pagead/managed/js/activeview/current/reach_worklet.html:0
[  166167ms] [ERROR] Attestation check for Shared Storage on https://www.googleadservices.com failed. @ https://www.googleadservices.com/pagead/managed/js/activeview/current/reach_worklet.html:0
[  168519ms] [ERROR] Attestation check for Shared Storage on https://www.googleadservices.com failed. @ https://www.googleadservices.com/pagead/managed/js/activeview/current/reach_worklet.html:0
[  170847ms] [ERROR] Attestation check for Shared Storage on https://www.googleadservices.com failed. @ https://www.googleadservices.com/pagead/managed/js/activeview/current/reach_worklet.html:0
[  173923ms] [ERROR] Attestation check for Shared Storage on https://www.googleadservices.com failed. @ https://www.googleadservices.com/pagead/managed/js/activeview/current/reach_worklet.html:0
[  177973ms] [ERROR] Attestation check for Shared Storage on https://www.googleadservices.com failed. @ https://www.googleadservices.com/pagead/managed/js/activeview/current/reach_worklet.html:0
[  180303ms] [ERROR] Attestation check for Shared Storage on https://www.googleadservices.com failed. @ https://www.googleadservices.com/pagead/managed/js/activeview/current/reach_worklet.html:0
[  188922ms] [ERROR] Attestation check for Shared Storage on https://www.googleadservices.com failed. @ https://www.googleadservices.com/pagead/managed/js/activeview/current/reach_worklet.html:0
[   85754ms] [ERROR] Failed to load resource: net::ERR_NAME_NOT_RESOLVED @ https://cookie-sync.api.soundcast.fm/v1/esync?url=https%3A%2F%2Fcm.g.doubleclick.net%2Fpixel%3Fgoogle_nid%3Dsoundcast_dbm%26google_hm%3D%24UID&gdpr=0:0
[  193185ms] [ERROR] Attestation check for Shared Storage on https://www.googleadservices.com failed. @ https://www.googleadservices.com/pagead/managed/js/activeview/current/reach_worklet.html:0
[   78529ms] [ERROR] Attestation check for Shared Storage on https://www.googleadservices.com failed. @ https://www.googleadservices.com/pagead/managed/js/activeview/current/reach_worklet.html:0
[   80049ms] [ERROR] Attestation check for Shared Storage on https://www.googleadservices.com failed. @ https://www.googleadservices.com/pagead/managed/js/activeview/current/reach_worklet.html:0
[   84334ms] [ERROR] Attestation check for Shared Storage on https://www.googleadservices.com failed. @ https://www.googleadservices.com/pagead/managed/js/activeview/current/reach_worklet.html:0
[   86621ms] [ERROR] Attestation check for Shared Storage on https://www.googleadservices.com failed. @ https://www.googleadservices.com/pagead/managed/js/activeview/current/reach_worklet.html:0
[   88257ms] [ERROR] Attestation check for Shared Storage on https://www.googleadservices.com failed. @ https://www.googleadservices.com/pagead/managed/js/activeview/current/reach_worklet.html:0
[   91243ms] [ERROR] Attestation check for Shared Storage on https://www.googleadservices.com failed. @ https://www.googleadservices.com/pagead/managed/js/activeview/current/reach_worklet.html:0
[   97248ms] [ERROR] Attestation check for Shared Storage on https://www.googleadservices.com failed. @ https://www.googleadservices.com/pagead/managed/js/activeview/current/reach_worklet.html:0
[   98816ms] [ERROR] Attestation check for Shared Storage on https://www.googleadservices.com failed. @ https://www.googleadservices.com/pagead/managed/js/activeview/current/reach_worklet.html:0
[  100343ms] [ERROR] Attestation check for Shared Storage on https://www.googleadservices.com failed. @ https://www.googleadservices.com/pagead/managed/js/activeview/current/reach_worklet.html:0
[  106043ms] [ERROR] Attestation check for Shared Storage on https://www.googleadservices.com failed. @ https://www.googleadservices.com/pagead/managed/js/activeview/current/reach_worklet.html:0
[  109172ms] [ERROR] Attestation check for Shared Storage on https://www.googleadservices.com failed. @ https://www.googleadservices.com/pagead/managed/js/activeview/current/reach_worklet.html:0
[  124379ms] [ERROR] Attestation check for Shared Storage on https://www.googleadservices.com failed. @ https://www.googleadservices.com/pagead/managed/js/activeview/current/reach_worklet.html:0
[  124947ms] [ERROR] Attestation check for Shared Storage on https://www.googleadservices.com failed. @ https://www.googleadservices.com/pagead/managed/js/activeview/current/reach_worklet.html:0
[  138093ms] [ERROR] Attestation check for Shared Storage on https://www.googleadservices.com failed. @ https://www.googleadservices.com/pagead/managed/js/activeview/current/reach_worklet.html:0
[  140951ms] [ERROR] Attestation check for Shared Storage on https://www.googleadservices.com failed. @ https://www.googleadservices.com/pagead/managed/js/activeview/current/reach_worklet.html:0
[  145508ms] [ERROR] Attestation check for Shared Storage on https://www.googleadservices.com failed. @ https://www.googleadservices.com/pagead/managed/js/activeview/current/reach_worklet.html:0
[  149876ms] [ERROR] Attestation check for Shared Storage on https://www.googleadservices.com failed. @ https://www.googleadservices.com/pagead/managed/js/activeview/current/reach_worklet.html:0
[  155200ms] [ERROR] Attestation check for Shared Storage on https://www.googleadservices.com failed. @ https://www.googleadservices.com/pagead/managed/js/activeview/current/reach_worklet.html:0
[  157463ms] [ERROR] Attestation check for Shared Storage on https://www.googleadservices.com failed. @ https://www.googleadservices.com/pagead/managed/js/activeview/current/reach_worklet.html:0
[  160680ms] [ERROR] Attestation check for Shared Storage on https://www.googleadservices.com failed. @ https://www.googleadservices.com/pagead/managed/js/activeview/current/reach_worklet.html:0
[  163140ms] [ERROR] Attestation check for Shared Storage on https://www.googleadservices.com failed. @ https://www.googleadservices.com/pagead/managed/js/activeview/current/reach_worklet.html:0
[  166167ms] [ERROR] Attestation check for Shared Storage on https://www.googleadservices.com failed. @ https://www.googleadservices.com/pagead/managed/js/activeview/current/reach_worklet.html:0
[  168519ms] [ERROR] Attestation check for Shared Storage on https://www.googleadservices.com failed. @ https://www.googleadservices.com/pagead/managed/js/activeview/current/reach_worklet.html:0
[  170847ms] [ERROR] Attestation check for Shared Storage on https://www.googleadservices.com failed. @ https://www.googleadservices.com/pagead/managed/js/activeview/current/reach_worklet.html:0
[  173923ms] [ERROR] Attestation check for Shared Storage on https://www.googleadservices.com failed. @ https://www.googleadservices.com/pagead/managed/js/activeview/current/reach_worklet.html:0
[  177973ms] [ERROR] Attestation check for Shared Storage on https://www.googleadservices.com failed. @ https://www.googleadservices.com/pagead/managed/js/activeview/current/reach_worklet.html:0
[  180303ms] [ERROR] Attestation check for Shared Storage on https://www.googleadservices.com failed. @ https://www.googleadservices.com/pagead/managed/js/activeview/current/reach_worklet.html:0
[  188922ms] [ERROR] Attestation check for Shared Storage on https://www.googleadservices.com failed. @ https://www.googleadservices.com/pagead/managed/js/activeview/current/reach_worklet.html:0
[  193185ms] [ERROR] Attestation check for Shared Storage on https://www.googleadservices.com failed. @ https://www.googleadservices.com/pagead/managed/js/activeview/current/reach_worklet.html:0
[  194786ms] [ERROR] Attestation check for Shared Storage on https://www.googleadservices.com failed. @ https://www.googleadservices.com/pagead/managed/js/activeview/current/reach_worklet.html:0
[   85754ms] [ERROR] Failed to load resource: net::ERR_NAME_NOT_RESOLVED @ https://cookie-sync.api.soundcast.fm/v1/esync?url=https%3A%2F%2Fcm.g.doubleclick.net%2Fpixel%3Fgoogle_nid%3Dsoundcast_dbm%26google_hm%3D%24UID&gdpr=0:0
[  196462ms] [ERROR] Failed to load resource: net::ERR_NAME_NOT_RESOLVED @ https://cw.addthis.com/t.gif?pid=88&pidt=0&pdid=8c6c2673-ad32-4577-a82f-6834f0311f1c&cu=:0
[   85754ms] [ERROR] Failed to load resource: net::ERR_NAME_NOT_RESOLVED @ https://cookie-sync.api.soundcast.fm/v1/esync?url=https%3A%2F%2Fcm.g.doubleclick.net%2Fpixel%3Fgoogle_nid%3Dsoundcast_dbm%26google_hm%3D%24UID&gdpr=0:0
[   85754ms] [ERROR] Failed to load resource: net::ERR_NAME_NOT_RESOLVED @ https://cookie-sync.api.soundcast.fm/v1/esync?url=https%3A%2F%2Fcm.g.doubleclick.net%2Fpixel%3Fgoogle_nid%3Dsoundcast_dbm%26google_hm%3D%24UID&gdpr=0:0
[  197895ms] [ERROR] Access to fetch at 'https://pbsj-us-east.bricks-co.com/openrtb2/auction' from origin 'https://www.w3schools.com' has been blocked by CORS policy: No 'Access-Control-Allow-Origin' header is present on the requested resource. @ https://www.w3schools.com/colors/colors_hsl.asp?color=hsl(195,%201,%200.5):0
[  197895ms] [ERROR] Failed to load resource: net::ERR_FAILED @ https://pbsj-us-east.bricks-co.com/openrtb2/auction:0
[  198467ms] Failed to read a named property 'document' from 'Window': Blocked a frame with origin "https://lax1-ib.adnxs.com" from accessing a frame with origin "https://srv.flashb.id". Protocols, domains, and ports must match.
[   78529ms] [ERROR] Attestation check for Shared Storage on https://www.googleadservices.com failed. @ https://www.googleadservices.com/pagead/managed/js/activeview/current/reach_worklet.html:0
[   80049ms] [ERROR] Attestation check for Shared Storage on https://www.googleadservices.com failed. @ https://www.googleadservices.com/pagead/managed/js/activeview/current/reach_worklet.html:0
[   84334ms] [ERROR] Attestation check for Shared Storage on https://www.googleadservices.com failed. @ https://www.googleadservices.com/pagead/managed/js/activeview/current/reach_worklet.html:0
[   86621ms] [ERROR] Attestation check for Shared Storage on https://www.googleadservices.com failed. @ https://www.googleadservices.com/pagead/managed/js/activeview/current/reach_worklet.html:0
[   88257ms] [ERROR] Attestation check for Shared Storage on https://www.googleadservices.com failed. @ https://www.googleadservices.com/pagead/managed/js/activeview/current/reach_worklet.html:0
[   91243ms] [ERROR] Attestation check for Shared Storage on https://www.googleadservices.com failed. @ https://www.googleadservices.com/pagead/managed/js/activeview/current/reach_worklet.html:0
[   97248ms] [ERROR] Attestation check for Shared Storage on https://www.googleadservices.com failed. @ https://www.googleadservices.com/pagead/managed/js/activeview/current/reach_worklet.html:0
[   98816ms] [ERROR] Attestation check for Shared Storage on https://www.googleadservices.com failed. @ https://www.googleadservices.com/pagead/managed/js/activeview/current/reach_worklet.html:0
[  100343ms] [ERROR] Attestation check for Shared Storage on https://www.googleadservices.com failed. @ https://www.googleadservices.com/pagead/managed/js/activeview/current/reach_worklet.html:0
[  106043ms] [ERROR] Attestation check for Shared Storage on https://www.googleadservices.com failed. @ https://www.googleadservices.com/pagead/managed/js/activeview/current/reach_worklet.html:0
[  109172ms] [ERROR] Attestation check for Shared Storage on https://www.googleadservices.com failed. @ https://www.googleadservices.com/pagead/managed/js/activeview/current/reach_worklet.html:0
[  124379ms] [ERROR] Attestation check for Shared Storage on https://www.googleadservices.com failed. @ https://www.googleadservices.com/pagead/managed/js/activeview/current/reach_worklet.html:0
[  124947ms] [ERROR] Attestation check for Shared Storage on https://www.googleadservices.com failed. @ https://www.googleadservices.com/pagead/managed/js/activeview/current/reach_worklet.html:0
[  138093ms] [ERROR] Attestation check for Shared Storage on https://www.googleadservices.com failed. @ https://www.googleadservices.com/pagead/managed/js/activeview/current/reach_worklet.html:0
[  140951ms] [ERROR] Attestation check for Shared Storage on https://www.googleadservices.com failed. @ https://www.googleadservices.com/pagead/managed/js/activeview/current/reach_worklet.html:0
[  145508ms] [ERROR] Attestation check for Shared Storage on https://www.googleadservices.com failed. @ https://www.googleadservices.com/pagead/managed/js/activeview/current/reach_worklet.html:0
[  149876ms] [ERROR] Attestation check for Shared Storage on https://www.googleadservices.com failed. @ https://www.googleadservices.com/pagead/managed/js/activeview/current/reach_worklet.html:0
[  155200ms] [ERROR] Attestation check for Shared Storage on https://www.googleadservices.com failed. @ https://www.googleadservices.com/pagead/managed/js/activeview/current/reach_worklet.html:0
[  157463ms] [ERROR] Attestation check for Shared Storage on https://www.googleadservices.com failed. @ https://www.googleadservices.com/pagead/managed/js/activeview/current/reach_worklet.html:0
[  160680ms] [ERROR] Attestation check for Shared Storage on https://www.googleadservices.com failed. @ https://www.googleadservices.com/pagead/managed/js/activeview/current/reach_worklet.html:0
[  163140ms] [ERROR] Attestation check for Shared Storage on https://www.googleadservices.com failed. @ https://www.googleadservices.com/pagead/managed/js/activeview/current/reach_worklet.html:0
[  166167ms] [ERROR] Attestation check for Shared Storage on https://www.googleadservices.com failed. @ https://www.googleadservices.com/pagead/managed/js/activeview/current/reach_worklet.html:0
[  168519ms] [ERROR] Attestation check for Shared Storage on https://www.googleadservices.com failed. @ https://www.googleadservices.com/pagead/managed/js/activeview/current/reach_worklet.html:0
[  170847ms] [ERROR] Attestation check for Shared Storage on https://www.googleadservices.com failed. @ https://www.googleadservices.com/pagead/managed/js/activeview/current/reach_worklet.html:0
[  173923ms] [ERROR] Attestation check for Shared Storage on https://www.googleadservices.com failed. @ https://www.googleadservices.com/pagead/managed/js/activeview/current/reach_worklet.html:0
[  177973ms] [ERROR] Attestation check for Shared Storage on https://www.googleadservices.com failed. @ https://www.googleadservices.com/pagead/managed/js/activeview/current/reach_worklet.html:0
[  180303ms] [ERROR] Attestation check for Shared Storage on https://www.googleadservices.com failed. @ https://www.googleadservices.com/pagead/managed/js/activeview/current/reach_worklet.html:0
[  188922ms] [ERROR] Attestation check for Shared Storage on https://www.googleadservices.com failed. @ https://www.googleadservices.com/pagead/managed/js/activeview/current/reach_worklet.html:0
[  193185ms] [ERROR] Attestation check for Shared Storage on https://www.googleadservices.com failed. @ https://www.googleadservices.com/pagead/managed/js/activeview/current/reach_worklet.html:0
[  194786ms] [ERROR] Attestation check for Shared Storage on https://www.googleadservices.com failed. @ https://www.googleadservices.com/pagead/managed/js/activeview/current/reach_worklet.html:0
[  196462ms] [ERROR] Failed to load resource: net::ERR_NAME_NOT_RESOLVED @ https://cw.addthis.com/t.gif?pid=88&pidt=0&pdid=8c6c2673-ad32-4577-a82f-6834f0311f1c&cu=:0
[   79622ms] [ERROR] Failed to load resource: net::ERR_CONNECTION_CLOSED @ https://pxl.iqm.com/i/ck/mnet?cid=4263714045655984000V10&gdpr=0&gdpr_consent=&gpp_string=&gpp_sid=&redirect=https%3A%2F%2Fcs.media.net%2Fcksync%3Fcs%3D3%26type%3Diqm%26ovsid%3D%7B%24PARTNER_UID%7D&cs=9:0
[  118465ms] [ERROR] Failed to load resource: net::ERR_CONNECTION_CLOSED @ https://pxl.iqm.com/i/ck/mnet?cid=4263714045655984000V10&gdpr=0&gdpr_consent=&gpp_string=&gpp_sid=&redirect=https%3A%2F%2Fcs.media.net%2Fcksync%3Fcs%3D3%26type%3Diqm%26ovsid%3D%7B%24PARTNER_UID%7D&cs=9:0
[  143792ms] [ERROR] Failed to load resource: net::ERR_CONNECTION_RESET @ https://pxl.iqm.com/i/ck/mnet?cid=4263714045655984000V10&gdpr=0&gdpr_consent=&gpp_string=&gpp_sid=&redirect=https%3A%2F%2Fcs.media.net%2Fcksync%3Fcs%3D3%26type%3Diqm%26ovsid%3D%7B%24PARTNER_UID%7D&cs=9:0
[  159452ms] [ERROR] Failed to load resource: net::ERR_EMPTY_RESPONSE @ https://pxl.iqm.com/i/ck/mnet?cid=4263714045655984000V10&gdpr=0&gdpr_consent=&gpp_string=&gpp_sid=&redirect=https%3A%2F%2Fcs.media.net%2Fcksync%3Fcs%3D3%26type%3Diqm%26ovsid%3D%7B%24PARTNER_UID%7D&cs=9:0
[  187375ms] [ERROR] Failed to load resource: net::ERR_CONNECTION_CLOSED @ https://pxl.iqm.com/i/ck/mnet?cid=4263714045655984000V10&gdpr=0&gdpr_consent=&gpp_string=&gpp_sid=&redirect=https%3A%2F%2Fcs.media.net%2Fcksync%3Fcs%3D3%26type%3Diqm%26ovsid%3D%7B%24PARTNER_UID%7D&cs=25:0
[  199476ms] [ERROR] Failed to load resource: net::ERR_CONNECTION_CLOSED @ https://pxl.iqm.com/i/ck/mnet?cid=4263714045655984000V10&gdpr=0&gdpr_consent=&gpp_string=&gpp_sid=&redirect=https%3A%2F%2Fcs.media.net%2Fcksync%3Fcs%3D3%26type%3Diqm%26ovsid%3D%7B%24PARTNER_UID%7D&cs=9:0
[   78529ms] [ERROR] Attestation check for Shared Storage on https://www.googleadservices.com failed. @ https://www.googleadservices.com/pagead/managed/js/activeview/current/reach_worklet.html:0
[   80049ms] [ERROR] Attestation check for Shared Storage on https://www.googleadservices.com failed. @ https://www.googleadservices.com/pagead/managed/js/activeview/current/reach_worklet.html:0
[   84334ms] [ERROR] Attestation check for Shared Storage on https://www.googleadservices.com failed. @ https://www.googleadservices.com/pagead/managed/js/activeview/current/reach_worklet.html:0
[   86621ms] [ERROR] Attestation check for Shared Storage on https://www.googleadservices.com failed. @ https://www.googleadservices.com/pagead/managed/js/activeview/current/reach_worklet.html:0
[   88257ms] [ERROR] Attestation check for Shared Storage on https://www.googleadservices.com failed. @ https://www.googleadservices.com/pagead/managed/js/activeview/current/reach_worklet.html:0
[   91243ms] [ERROR] Attestation check for Shared Storage on https://www.googleadservices.com failed. @ https://www.googleadservices.com/pagead/managed/js/activeview/current/reach_worklet.html:0
[   97248ms] [ERROR] Attestation check for Shared Storage on https://www.googleadservices.com failed. @ https://www.googleadservices.com/pagead/managed/js/activeview/current/reach_worklet.html:0
[   98816ms] [ERROR] Attestation check for Shared Storage on https://www.googleadservices.com failed. @ https://www.googleadservices.com/pagead/managed/js/activeview/current/reach_worklet.html:0
[  100343ms] [ERROR] Attestation check for Shared Storage on https://www.googleadservices.com failed. @ https://www.googleadservices.com/pagead/managed/js/activeview/current/reach_worklet.html:0
[  106043ms] [ERROR] Attestation check for Shared Storage on https://www.googleadservices.com failed. @ https://www.googleadservices.com/pagead/managed/js/activeview/current/reach_worklet.html:0
[  109172ms] [ERROR] Attestation check for Shared Storage on https://www.googleadservices.com failed. @ https://www.googleadservices.com/pagead/managed/js/activeview/current/reach_worklet.html:0
[  124379ms] [ERROR] Attestation check for Shared Storage on https://www.googleadservices.com failed. @ https://www.googleadservices.com/pagead/managed/js/activeview/current/reach_worklet.html:0
[  124947ms] [ERROR] Attestation check for Shared Storage on https://www.googleadservices.com failed. @ https://www.googleadservices.com/pagead/managed/js/activeview/current/reach_worklet.html:0
[  138093ms] [ERROR] Attestation check for Shared Storage on https://www.googleadservices.com failed. @ https://www.googleadservices.com/pagead/managed/js/activeview/current/reach_worklet.html:0
[  140951ms] [ERROR] Attestation check for Shared Storage on https://www.googleadservices.com failed. @ https://www.googleadservices.com/pagead/managed/js/activeview/current/reach_worklet.html:0
[  145508ms] [ERROR] Attestation check for Shared Storage on https://www.googleadservices.com failed. @ https://www.googleadservices.com/pagead/managed/js/activeview/current/reach_worklet.html:0
[  149876ms] [ERROR] Attestation check for Shared Storage on https://www.googleadservices.com failed. @ https://www.googleadservices.com/pagead/managed/js/activeview/current/reach_worklet.html:0
[  155200ms] [ERROR] Attestation check for Shared Storage on https://www.googleadservices.com failed. @ https://www.googleadservices.com/pagead/managed/js/activeview/current/reach_worklet.html:0
[  157463ms] [ERROR] Attestation check for Shared Storage on https://www.googleadservices.com failed. @ https://www.googleadservices.com/pagead/managed/js/activeview/current/reach_worklet.html:0
[  160680ms] [ERROR] Attestation check for Shared Storage on https://www.googleadservices.com failed. @ https://www.googleadservices.com/pagead/managed/js/activeview/current/reach_worklet.html:0
[  163140ms] [ERROR] Attestation check for Shared Storage on https://www.googleadservices.com failed. @ https://www.googleadservices.com/pagead/managed/js/activeview/current/reach_worklet.html:0
[  166167ms] [ERROR] Attestation check for Shared Storage on https://www.googleadservices.com failed. @ https://www.googleadservices.com/pagead/managed/js/activeview/current/reach_worklet.html:0
[  168519ms] [ERROR] Attestation check for Shared Storage on https://www.googleadservices.com failed. @ https://www.googleadservices.com/pagead/managed/js/activeview/current/reach_worklet.html:0
[  170847ms] [ERROR] Attestation check for Shared Storage on https://www.googleadservices.com failed. @ https://www.googleadservices.com/pagead/managed/js/activeview/current/reach_worklet.html:0
[  173923ms] [ERROR] Attestation check for Shared Storage on https://www.googleadservices.com failed. @ https://www.googleadservices.com/pagead/managed/js/activeview/current/reach_worklet.html:0
[  177973ms] [ERROR] Attestation check for Shared Storage on https://www.googleadservices.com failed. @ https://www.googleadservices.com/pagead/managed/js/activeview/current/reach_worklet.html:0
[  180303ms] [ERROR] Attestation check for Shared Storage on https://www.googleadservices.com failed. @ https://www.googleadservices.com/pagead/managed/js/activeview/current/reach_worklet.html:0
[  188922ms] [ERROR] Attestation check for Shared Storage on https://www.googleadservices.com failed. @ https://www.googleadservices.com/pagead/managed/js/activeview/current/reach_worklet.html:0
[  193185ms] [ERROR] Attestation check for Shared Storage on https://www.googleadservices.com failed. @ https://www.googleadservices.com/pagead/managed/js/activeview/current/reach_worklet.html:0
[  194786ms] [ERROR] Attestation check for Shared Storage on https://www.googleadservices.com failed. @ https://www.googleadservices.com/pagead/managed/js/activeview/current/reach_worklet.html:0
[  200567ms] [ERROR] Attestation check for Shared Storage on https://www.googleadservices.com failed. @ https://www.googleadservices.com/pagead/managed/js/activeview/current/reach_worklet.html:0
[  201025ms] [ERROR] Failed to load resource: net::ERR_NAME_NOT_RESOLVED @ https://sync.tidaltv.com/GenericUserSync.ashx?dpid=335:0
[  201117ms] [ERROR] Access to fetch at 'https://pbsj-us-east.bricks-co.com/openrtb2/auction' from origin 'https://www.w3schools.com' has been blocked by CORS policy: No 'Access-Control-Allow-Origin' header is present on the requested resource. @ https://www.w3schools.com/colors/colors_hsl.asp?color=hsl(195,%201,%200.5):0
[  201117ms] [ERROR] Failed to load resource: net::ERR_FAILED @ https://pbsj-us-east.bricks-co.com/openrtb2/auction:0
[  201255ms] [ERROR] Attestation check for Shared Storage on https://www.googleadservices.com failed. @ https://www.googleadservices.com/pagead/managed/js/activeview/current/reach_worklet.html:0
[  204358ms] [ERROR] Access to fetch at 'https://pbsj-us-east.bricks-co.com/openrtb2/auction' from origin 'https://www.w3schools.com' has been blocked by CORS policy: No 'Access-Control-Allow-Origin' header is present on the requested resource. @ https://www.w3schools.com/colors/colors_hsl.asp?color=hsl(195,%201,%200.5):0
[  204362ms] [ERROR] Failed to load resource: net::ERR_FAILED @ https://pbsj-us-east.bricks-co.com/openrtb2/auction:0
[   85754ms] [ERROR] Failed to load resource: net::ERR_NAME_NOT_RESOLVED @ https://cookie-sync.api.soundcast.fm/v1/esync?url=https%3A%2F%2Fcm.g.doubleclick.net%2Fpixel%3Fgoogle_nid%3Dsoundcast_dbm%26google_hm%3D%24UID&gdpr=0:0
[  205750ms] [WARNING] An iframe which has both allow-scripts and allow-same-origin for its sandbox attribute can escape its sandboxing. @ https://www.flashb.id/assets/js/hbdbrk_fef0c8b2caedfb449c01_m.js:0
[   91223ms] [ERROR] Failed to load resource: net::ERR_CONNECTION_CLOSED @ https://sync.connectad.io/umatch/1?dataid=data17&uuid=RX-9ec1288d-a6be-4e05-a575-925bfbfcec30-005&us_privacy=1---&rndcb=359565001:0
[   91839ms] [ERROR] Failed to load resource: the server responded with a status of 400 () @ https://cm.mgid.com/m?cdsp=433142&c=RX-9ec1288d-a6be-4e05-a575-925bfbfcec30-005&us_privacy=1---&rndcb=3460803040:0
[   92364ms] [ERROR] Failed to load resource: net::ERR_CONNECTION_CLOSED @ https://csync.smilewanted.com/set_partner_userid_get/unruly/RX-9ec1288d-a6be-4e05-a575-925bfbfcec30-005?us_privacy=1---&rndcb=8477261241:0
[   92377ms] [ERROR] Failed to load resource: the server responded with a status of 400 (Bad Request) @ https://sync.adkernel.com/user-sync?dsp=11&t=image&uid=RX-9ec1288d-a6be-4e05-a575-925bfbfcec30-005&us_privacy=1---&rndcb=4809021070:0
[   92394ms] [ERROR] Failed to load resource: net::ERR_SOCKET_NOT_CONNECTED @ https://csync.loopme.me/?partner_id=2259&vt=RX-9ec1288d-a6be-4e05-a575-925bfbfcec30-005&us_privacy=1---&rndcb=3695539100:0
[   93148ms] [ERROR] Failed to load resource: the server responded with a status of 404 () @ https://cs.admanmedia.com/cbaf91328596cd8e6c6aac070d7c695b.gif?puid=[UID]&redir=[RED]&gdpr=[GDPR]&gdpr_consent=[GDPR_CONSENT]&ccpa=[CCPA]&coppa=[COPPA]&us_privacy=1---&rndcb=1210572107:0
[   93344ms] [ERROR] Failed to load resource: the server responded with a status of 400 () @ https://match.prod.bidr.io/cookie-sync/ro?us_privacy=1---&rndcb=1144717434:0
[   95954ms] [ERROR] Failed to load resource: net::ERR_SOCKET_NOT_CONNECTED @ https://csync.loopme.me/?redirect=https%3A%2F%2Fsync.1rx.io%2Fusersync3%2Floopme%2F%2F%7Bdevice_id%7D%3Fzcc%3D0%26sspret%3D1%26us_privacy%3D1---&pubid=9718&us_privacy=1---&rndcb=2088199819:0
[   97727ms] [ERROR] Failed to load resource: net::ERR_NAME_NOT_RESOLVED @ https://tracker.pre.vr-tb.com/sync?id=3&uid=RX-9ec1288d-a6be-4e05-a575-925bfbfcec30-005&us_privacy=1---&rndcb=5500735770:0
[   98194ms] [ERROR] Failed to load resource: net::ERR_NAME_NOT_RESOLVED @ https://cs.iqzone.com/cd7df7742ce9820014dceb9d36ea934e.gif?puid=RX-9ec1288d-a6be-4e05-a575-925bfbfcec30-005&us_privacy=1---&rndcb=4646964125:0
[   99759ms] [ERROR] Failed to load resource: net::ERR_NAME_NOT_RESOLVED @ https://x.fidelity-media.com/match.php?dsp=RHTMKUB&uid=RX-9ec1288d-a6be-4e05-a575-925bfbfcec30-005&us_privacy=1---&rndcb=5875170170:0
[   99759ms] [ERROR] Failed to load resource: the server responded with a status of 401 () @ https://sync.ex.co/v1/setuid/copper6/?gdpr=[GDPR]&gdpr_consent=[GDPR_CONSENT]&gpp=[GPP]&gpp_sid=[GPP_SID]&uid=8b40d63c-9b6e-4ae4-8015-10ac1a43d577:0
[   99760ms] [ERROR] Failed to load resource: the server responded with a status of 400 () @ https://cm.mgid.com/m?cdsp=834161&c=RX-9ec1288d-a6be-4e05-a575-925bfbfcec30-005&us_privacy=1---&rndcb=6837296067:0
[   99799ms] [ERROR] Failed to load resource: the server responded with a status of 404 () @ https://match.justpremium.com/match/un?rid=r-4111cedb-72e5-4a0d-8cbd-4b6c3882923c-1687-778229178&jp_uid=lk2-um-bfeb8f08-96fa-4da8-b070-7171050cd12e-1613989936&ex_uid=RX-9ec1288d-a6be-4e05-a575-925bfbfcec30-005&us_privacy=1---&rndcb=6755002177:0
[   99963ms] [ERROR] Failed to load resource: the server responded with a status of 400 () @ https://mfx.mobilefuse.com/setuid?pid=unr&uid=RX-9ec1288d-a6be-4e05-a575-925bfbfcec30-005&us_privacy=1---&rndcb=3485535791:0
[   99983ms] [ERROR] Failed to load resource: net::ERR_NAME_NOT_RESOLVED @ https://sync.spotim.market/csync?t=a&ep=708476&extuid=RX-9ec1288d-a6be-4e05-a575-925bfbfcec30-005&us_privacy=1---&rndcb=2790323897:0
[  101251ms] [ERROR] Failed to load resource: net::ERR_NAME_NOT_RESOLVED @ https://sync.pubwise.io/usersync/unrulydspctv/RX-9ec1288d-a6be-4e05-a575-925bfbfcec30-005?us_privacy=1---&rndcb=431564914:0
[  104426ms] [ERROR] Failed to load resource: net::ERR_TOO_MANY_REDIRECTS @ https://sync-ssp.adsmovil.com/25272641f0ca28f71a7ea277c4985249.gif?puid=2648036472040787691&redir=https%3A%2F%2Fssbsync.smartadserver.com%2Fapi%2Fsync%3FcallerId%3D301&gdpr=0&gdpr_consent=:0
[  104567ms] [ERROR] Failed to load resource: net::ERR_CERT_COMMON_NAME_INVALID @ https://sync.programmaticx.ai/api/cookie?partnerId=progx-unruly&userId=RX-9ec1288d-a6be-4e05-a575-925bfbfcec30-005&us_privacy=1---&rndcb=1162585388:0
[  109092ms] [ERROR] Failed to load resource: net::ERR_TOO_MANY_REDIRECTS @ https://cs.pgammedia.com/bf4103da5f0fb6ae0166419ea1a784aa.gif?gdpr=$$[GDPR]&gdpr_consent=$$[GDPR_CONSENT]&us_privacy=$[CCPA]&uid=$5e8b229a-39dc-4495-8c54-0b4c4d198901&cookie_age=$[COOKIE_AGE]:0
[  109104ms] [ERROR] Failed to load resource: net::ERR_NAME_NOT_RESOLVED @ https://tracker.ortb.vuukle.com/sync?id=35&uid=RX-9ec1288d-a6be-4e05-a575-925bfbfcec30-005&us_privacy=1---&rndcb=4007536479:0
[  109111ms] [ERROR] Failed to load resource: net::ERR_NAME_NOT_RESOLVED @ https://hb.yahoo.net/cksync.php?cs=1&type=56551&ovsid=RX-9ec1288d-a6be-4e05-a575-925bfbfcec30-005&us_privacy=1---&rndcb=1521567313:0
[  109119ms] [ERROR] Failed to load resource: net::ERR_NAME_NOT_RESOLVED @ https://cs.iqzone.com/dad9a774fb4631ad27a2b1e349bf882f.gif?puid=[UID]&redir=[RED]&gdpr=[GDPR]&gdpr_consent=[GDPR_CONSENT]&ccpa=[CCPA]&coppa=[COPPA]&us_privacy=1---&rndcb=5043859670:0
[  109119ms] [ERROR] Failed to load resource: net::ERR_NAME_NOT_RESOLVED @ https://cs.iqzone.com/dad9a774fb4631ad27a2b1e349bf882f.gif?puid=[UID]&redir=[RED]&gdpr=[GDPR]&gdpr_consent=[GDPR_CONSENT]&ccpa=[CCPA]&coppa=[COPPA]&us_privacy=1---&rndcb=743145145:0
[  109760ms] [ERROR] Failed to load resource: net::ERR_NAME_NOT_RESOLVED @ https://tracker-zmd.ortb.net/sync.html?us_privacy=1---&rndcb=1645288100:0
[  109761ms] [ERROR] Failed to load resource: the server responded with a status of 400 (Bad Request) @ https://sync.adkernel.com/user-sync?zone=83074&r=https%3A%2F%2Fsync.1rx.io%2Fusersync3%2Fyieldnexus%2F%2F%7BUID%7D%3Fzcc%3D0%26sspret%3D1%26us_privacy%3D1---&us_privacy=1---&rndcb=2924073219:0
[  109762ms] [ERROR] Failed to load resource: the server responded with a status of 400 (Bad Request) @ https://sync.adkernel.com/user-sync?zone=42861&r=https%3A%2F%2Fsync.1rx.io%2Fusersync3%2Fnativeads%2F%2F%7BUID%7D%3Fzcc%3D0%26sspret%3D1%26us_privacy%3D1---&us_privacy=1---&rndcb=4133114690:0
[  109764ms] [ERROR] Failed to load resource: the server responded with a status of 404 (Not Found) @ https://us.shb-sync.com/70d23a5f-6400-4661-9a33-825cbc2d2a1a.gif?puid=RX-9ec1288d-a6be-4e05-a575-925bfbfcec30-005&redir=[RED]&gdpr=[GDPR]&gdpr_consent=[GDPR_CONSENT]&ccpa=[CCPA]&us_privacy=1---&rndcb=2797034035:0
[  113738ms] [ERROR] Failed to load resource: net::ERR_NAME_NOT_RESOLVED @ https://visitor-gen01.omnitagjs.com/visitor/bsync?uid=5183beddfca39cdc784820fdf854594d&name=gen01&url=https%3A%2F%2Fpbjs.rbstsystems.live%2Fsync_proceed%3Fbn%3Dseat_218%26brk%3D0%26brk2%3D0%26us_privacy%3D%252C%26gdpr%3D%26gdpr_consent%3D%252C%26u%3DPARTNER_USER_ID:0
[  114192ms] [ERROR] Failed to load resource: net::ERR_TOO_MANY_REDIRECTS @ https://sync.intentiq.com/profiles_engine/ProfilesEngineServlet?at=20&dpi=1357991113&mi=10&csh=793790479;1486637409;259151345;1868283820;396218182;1207058874&rnd=816938424&pcid=4263714045655984000V10:0
[  127473ms] [ERROR] Failed to load resource: net::ERR_TIMED_OUT @ https://ittpx.eskimi.com/sync?dp_id=170&user_id=RX-9ec1288d-a6be-4e05-a575-925bfbfcec30-005&us_privacy=1---&rndcb=5712487485:0
[  165754ms] [ERROR] Failed to load resource: net::ERR_CONNECTION_TIMED_OUT @ https://cookie.360playvid.com/e14743b15a44763f7d074962a0ede981.gif?puid=RX-9ec1288d-a6be-4e05-a575-925bfbfcec30-005&us_privacy=1---&rndcb=1023525675:0
[  184022ms] [ERROR] Failed to load resource: net::ERR_CONNECTION_TIMED_OUT @ https://rp.gwallet.com/r1/cm/p121?uuid=RX-9ec1288d-a6be-4e05-a575-925bfbfcec30-005&us_privacy=1---&rndcb=3867747032:0
[  186195ms] [ERROR] Failed to load resource: net::ERR_CONNECTION_TIMED_OUT @ https://ads.stickyadstv.com/user-registering?dataProviderId=1570&userId=RX-9ec1288d-a6be-4e05-a575-925bfbfcec30-005&us_privacy=1---&rndcb=7416659682:0
[   85754ms] [ERROR] Failed to load resource: net::ERR_NAME_NOT_RESOLVED @ https://cookie-sync.api.soundcast.fm/v1/esync?url=https%3A%2F%2Fcm.g.doubleclick.net%2Fpixel%3Fgoogle_nid%3Dsoundcast_dbm%26google_hm%3D%24UID&gdpr=0:0
[   78529ms] [ERROR] Attestation check for Shared Storage on https://www.googleadservices.com failed. @ https://www.googleadservices.com/pagead/managed/js/activeview/current/reach_worklet.html:0
[   80049ms] [ERROR] Attestation check for Shared Storage on https://www.googleadservices.com failed. @ https://www.googleadservices.com/pagead/managed/js/activeview/current/reach_worklet.html:0
[   84334ms] [ERROR] Attestation check for Shared Storage on https://www.googleadservices.com failed. @ https://www.googleadservices.com/pagead/managed/js/activeview/current/reach_worklet.html:0
[   86621ms] [ERROR] Attestation check for Shared Storage on https://www.googleadservices.com failed. @ https://www.googleadservices.com/pagead/managed/js/activeview/current/reach_worklet.html:0
[   88257ms] [ERROR] Attestation check for Shared Storage on https://www.googleadservices.com failed. @ https://www.googleadservices.com/pagead/managed/js/activeview/current/reach_worklet.html:0
[   91243ms] [ERROR] Attestation check for Shared Storage on https://www.googleadservices.com failed. @ https://www.googleadservices.com/pagead/managed/js/activeview/current/reach_worklet.html:0
[   97248ms] [ERROR] Attestation check for Shared Storage on https://www.googleadservices.com failed. @ https://www.googleadservices.com/pagead/managed/js/activeview/current/reach_worklet.html:0
[   98816ms] [ERROR] Attestation check for Shared Storage on https://www.googleadservices.com failed. @ https://www.googleadservices.com/pagead/managed/js/activeview/current/reach_worklet.html:0
[  100343ms] [ERROR] Attestation check for Shared Storage on https://www.googleadservices.com failed. @ https://www.googleadservices.com/pagead/managed/js/activeview/current/reach_worklet.html:0
[  106043ms] [ERROR] Attestation check for Shared Storage on https://www.googleadservices.com failed. @ https://www.googleadservices.com/pagead/managed/js/activeview/current/reach_worklet.html:0
[  109172ms] [ERROR] Attestation check for Shared Storage on https://www.googleadservices.com failed. @ https://www.googleadservices.com/pagead/managed/js/activeview/current/reach_worklet.html:0
[  124379ms] [ERROR] Attestation check for Shared Storage on https://www.googleadservices.com failed. @ https://www.googleadservices.com/pagead/managed/js/activeview/current/reach_worklet.html:0
[  124947ms] [ERROR] Attestation check for Shared Storage on https://www.googleadservices.com failed. @ https://www.googleadservices.com/pagead/managed/js/activeview/current/reach_worklet.html:0
[  138093ms] [ERROR] Attestation check for Shared Storage on https://www.googleadservices.com failed. @ https://www.googleadservices.com/pagead/managed/js/activeview/current/reach_worklet.html:0
[  140951ms] [ERROR] Attestation check for Shared Storage on https://www.googleadservices.com failed. @ https://www.googleadservices.com/pagead/managed/js/activeview/current/reach_worklet.html:0
[  145508ms] [ERROR] Attestation check for Shared Storage on https://www.googleadservices.com failed. @ https://www.googleadservices.com/pagead/managed/js/activeview/current/reach_worklet.html:0
[  149876ms] [ERROR] Attestation check for Shared Storage on https://www.googleadservices.com failed. @ https://www.googleadservices.com/pagead/managed/js/activeview/current/reach_worklet.html:0
[  155200ms] [ERROR] Attestation check for Shared Storage on https://www.googleadservices.com failed. @ https://www.googleadservices.com/pagead/managed/js/activeview/current/reach_worklet.html:0
[  157463ms] [ERROR] Attestation check for Shared Storage on https://www.googleadservices.com failed. @ https://www.googleadservices.com/pagead/managed/js/activeview/current/reach_worklet.html:0
[  160680ms] [ERROR] Attestation check for Shared Storage on https://www.googleadservices.com failed. @ https://www.googleadservices.com/pagead/managed/js/activeview/current/reach_worklet.html:0
[  163140ms] [ERROR] Attestation check for Shared Storage on https://www.googleadservices.com failed. @ https://www.googleadservices.com/pagead/managed/js/activeview/current/reach_worklet.html:0
[  166167ms] [ERROR] Attestation check for Shared Storage on https://www.googleadservices.com failed. @ https://www.googleadservices.com/pagead/managed/js/activeview/current/reach_worklet.html:0
[  168519ms] [ERROR] Attestation check for Shared Storage on https://www.googleadservices.com failed. @ https://www.googleadservices.com/pagead/managed/js/activeview/current/reach_worklet.html:0
[  170847ms] [ERROR] Attestation check for Shared Storage on https://www.googleadservices.com failed. @ https://www.googleadservices.com/pagead/managed/js/activeview/current/reach_worklet.html:0
[  173923ms] [ERROR] Attestation check for Shared Storage on https://www.googleadservices.com failed. @ https://www.googleadservices.com/pagead/managed/js/activeview/current/reach_worklet.html:0
[  177973ms] [ERROR] Attestation check for Shared Storage on https://www.googleadservices.com failed. @ https://www.googleadservices.com/pagead/managed/js/activeview/current/reach_worklet.html:0
[  180303ms] [ERROR] Attestation check for Shared Storage on https://www.googleadservices.com failed. @ https://www.googleadservices.com/pagead/managed/js/activeview/current/reach_worklet.html:0
[  188922ms] [ERROR] Attestation check for Shared Storage on https://www.googleadservices.com failed. @ https://www.googleadservices.com/pagead/managed/js/activeview/current/reach_worklet.html:0
[  193185ms] [ERROR] Attestation check for Shared Storage on https://www.googleadservices.com failed. @ https://www.googleadservices.com/pagead/managed/js/activeview/current/reach_worklet.html:0
[  194786ms] [ERROR] Attestation check for Shared Storage on https://www.googleadservices.com failed. @ https://www.googleadservices.com/pagead/managed/js/activeview/current/reach_worklet.html:0
[  200567ms] [ERROR] Attestation check for Shared Storage on https://www.googleadservices.com failed. @ https://www.googleadservices.com/pagead/managed/js/activeview/current/reach_worklet.html:0
[  201255ms] [ERROR] Attestation check for Shared Storage on https://www.googleadservices.com failed. @ https://www.googleadservices.com/pagead/managed/js/activeview/current/reach_worklet.html:0
[  209361ms] [ERROR] Attestation check for Shared Storage on https://www.googleadservices.com failed. @ https://www.googleadservices.com/pagead/managed/js/activeview/current/reach_worklet.html:0
[  209479ms] [LOG] Targeted Exit Value: Custom @ https://s0.2mdn.net/sadbundle/1059186809381741687/300x250-Player_Imagery_Updating_Branding-300x250/invocation.js:80
[   85754ms] [ERROR] Failed to load resource: net::ERR_NAME_NOT_RESOLVED @ https://cookie-sync.api.soundcast.fm/v1/esync?url=https%3A%2F%2Fcm.g.doubleclick.net%2Fpixel%3Fgoogle_nid%3Dsoundcast_dbm%26google_hm%3D%24UID&gdpr=0:0
[   85754ms] [ERROR] Failed to load resource: net::ERR_NAME_NOT_RESOLVED @ https://cookie-sync.api.soundcast.fm/v1/esync?url=https%3A%2F%2Fcm.g.doubleclick.net%2Fpixel%3Fgoogle_nid%3Dsoundcast_dbm%26google_hm%3D%24UID&gdpr=0:0
[   78529ms] [ERROR] Attestation check for Shared Storage on https://www.googleadservices.com failed. @ https://www.googleadservices.com/pagead/managed/js/activeview/current/reach_worklet.html:0
[   80049ms] [ERROR] Attestation check for Shared Storage on https://www.googleadservices.com failed. @ https://www.googleadservices.com/pagead/managed/js/activeview/current/reach_worklet.html:0
[   84334ms] [ERROR] Attestation check for Shared Storage on https://www.googleadservices.com failed. @ https://www.googleadservices.com/pagead/managed/js/activeview/current/reach_worklet.html:0
[   86621ms] [ERROR] Attestation check for Shared Storage on https://www.googleadservices.com failed. @ https://www.googleadservices.com/pagead/managed/js/activeview/current/reach_worklet.html:0
[   88257ms] [ERROR] Attestation check for Shared Storage on https://www.googleadservices.com failed. @ https://www.googleadservices.com/pagead/managed/js/activeview/current/reach_worklet.html:0
[   91243ms] [ERROR] Attestation check for Shared Storage on https://www.googleadservices.com failed. @ https://www.googleadservices.com/pagead/managed/js/activeview/current/reach_worklet.html:0
[   97248ms] [ERROR] Attestation check for Shared Storage on https://www.googleadservices.com failed. @ https://www.googleadservices.com/pagead/managed/js/activeview/current/reach_worklet.html:0
[   98816ms] [ERROR] Attestation check for Shared Storage on https://www.googleadservices.com failed. @ https://www.googleadservices.com/pagead/managed/js/activeview/current/reach_worklet.html:0
[  100343ms] [ERROR] Attestation check for Shared Storage on https://www.googleadservices.com failed. @ https://www.googleadservices.com/pagead/managed/js/activeview/current/reach_worklet.html:0
[  106043ms] [ERROR] Attestation check for Shared Storage on https://www.googleadservices.com failed. @ https://www.googleadservices.com/pagead/managed/js/activeview/current/reach_worklet.html:0
[  109172ms] [ERROR] Attestation check for Shared Storage on https://www.googleadservices.com failed. @ https://www.googleadservices.com/pagead/managed/js/activeview/current/reach_worklet.html:0
[  124379ms] [ERROR] Attestation check for Shared Storage on https://www.googleadservices.com failed. @ https://www.googleadservices.com/pagead/managed/js/activeview/current/reach_worklet.html:0
[  124947ms] [ERROR] Attestation check for Shared Storage on https://www.googleadservices.com failed. @ https://www.googleadservices.com/pagead/managed/js/activeview/current/reach_worklet.html:0
[  138093ms] [ERROR] Attestation check for Shared Storage on https://www.googleadservices.com failed. @ https://www.googleadservices.com/pagead/managed/js/activeview/current/reach_worklet.html:0
[  140951ms] [ERROR] Attestation check for Shared Storage on https://www.googleadservices.com failed. @ https://www.googleadservices.com/pagead/managed/js/activeview/current/reach_worklet.html:0
[  145508ms] [ERROR] Attestation check for Shared Storage on https://www.googleadservices.com failed. @ https://www.googleadservices.com/pagead/managed/js/activeview/current/reach_worklet.html:0
[  149876ms] [ERROR] Attestation check for Shared Storage on https://www.googleadservices.com failed. @ https://www.googleadservices.com/pagead/managed/js/activeview/current/reach_worklet.html:0
[  155200ms] [ERROR] Attestation check for Shared Storage on https://www.googleadservices.com failed. @ https://www.googleadservices.com/pagead/managed/js/activeview/current/reach_worklet.html:0
[  157463ms] [ERROR] Attestation check for Shared Storage on https://www.googleadservices.com failed. @ https://www.googleadservices.com/pagead/managed/js/activeview/current/reach_worklet.html:0
[  160680ms] [ERROR] Attestation check for Shared Storage on https://www.googleadservices.com failed. @ https://www.googleadservices.com/pagead/managed/js/activeview/current/reach_worklet.html:0
[  163140ms] [ERROR] Attestation check for Shared Storage on https://www.googleadservices.com failed. @ https://www.googleadservices.com/pagead/managed/js/activeview/current/reach_worklet.html:0
[  166167ms] [ERROR] Attestation check for Shared Storage on https://www.googleadservices.com failed. @ https://www.googleadservices.com/pagead/managed/js/activeview/current/reach_worklet.html:0
[  168519ms] [ERROR] Attestation check for Shared Storage on https://www.googleadservices.com failed. @ https://www.googleadservices.com/pagead/managed/js/activeview/current/reach_worklet.html:0
[  170847ms] [ERROR] Attestation check for Shared Storage on https://www.googleadservices.com failed. @ https://www.googleadservices.com/pagead/managed/js/activeview/current/reach_worklet.html:0
[  173923ms] [ERROR] Attestation check for Shared Storage on https://www.googleadservices.com failed. @ https://www.googleadservices.com/pagead/managed/js/activeview/current/reach_worklet.html:0
[  177973ms] [ERROR] Attestation check for Shared Storage on https://www.googleadservices.com failed. @ https://www.googleadservices.com/pagead/managed/js/activeview/current/reach_worklet.html:0
[  180303ms] [ERROR] Attestation check for Shared Storage on https://www.googleadservices.com failed. @ https://www.googleadservices.com/pagead/managed/js/activeview/current/reach_worklet.html:0
[  188922ms] [ERROR] Attestation check for Shared Storage on https://www.googleadservices.com failed. @ https://www.googleadservices.com/pagead/managed/js/activeview/current/reach_worklet.html:0
[  193185ms] [ERROR] Attestation check for Shared Storage on https://www.googleadservices.com failed. @ https://www.googleadservices.com/pagead/managed/js/activeview/current/reach_worklet.html:0
[  194786ms] [ERROR] Attestation check for Shared Storage on https://www.googleadservices.com failed. @ https://www.googleadservices.com/pagead/managed/js/activeview/current/reach_worklet.html:0
[  200567ms] [ERROR] Attestation check for Shared Storage on https://www.googleadservices.com failed. @ https://www.googleadservices.com/pagead/managed/js/activeview/current/reach_worklet.html:0
[  201255ms] [ERROR] Attestation check for Shared Storage on https://www.googleadservices.com failed. @ https://www.googleadservices.com/pagead/managed/js/activeview/current/reach_worklet.html:0
[  209361ms] [ERROR] Attestation check for Shared Storage on https://www.googleadservices.com failed. @ https://www.googleadservices.com/pagead/managed/js/activeview/current/reach_worklet.html:0
[  213229ms] [ERROR] Attestation check for Shared Storage on https://www.googleadservices.com failed. @ https://www.googleadservices.com/pagead/managed/js/activeview/current/reach_worklet.html:0
[   78529ms] [ERROR] Attestation check for Shared Storage on https://www.googleadservices.com failed. @ https://www.googleadservices.com/pagead/managed/js/activeview/current/reach_worklet.html:0
[   80049ms] [ERROR] Attestation check for Shared Storage on https://www.googleadservices.com failed. @ https://www.googleadservices.com/pagead/managed/js/activeview/current/reach_worklet.html:0
[   84334ms] [ERROR] Attestation check for Shared Storage on https://www.googleadservices.com failed. @ https://www.googleadservices.com/pagead/managed/js/activeview/current/reach_worklet.html:0
[   86621ms] [ERROR] Attestation check for Shared Storage on https://www.googleadservices.com failed. @ https://www.googleadservices.com/pagead/managed/js/activeview/current/reach_worklet.html:0
[   88257ms] [ERROR] Attestation check for Shared Storage on https://www.googleadservices.com failed. @ https://www.googleadservices.com/pagead/managed/js/activeview/current/reach_worklet.html:0
[   91243ms] [ERROR] Attestation check for Shared Storage on https://www.googleadservices.com failed. @ https://www.googleadservices.com/pagead/managed/js/activeview/current/reach_worklet.html:0
[   97248ms] [ERROR] Attestation check for Shared Storage on https://www.googleadservices.com failed. @ https://www.googleadservices.com/pagead/managed/js/activeview/current/reach_worklet.html:0
[   98816ms] [ERROR] Attestation check for Shared Storage on https://www.googleadservices.com failed. @ https://www.googleadservices.com/pagead/managed/js/activeview/current/reach_worklet.html:0
[  100343ms] [ERROR] Attestation check for Shared Storage on https://www.googleadservices.com failed. @ https://www.googleadservices.com/pagead/managed/js/activeview/current/reach_worklet.html:0
[  106043ms] [ERROR] Attestation check for Shared Storage on https://www.googleadservices.com failed. @ https://www.googleadservices.com/pagead/managed/js/activeview/current/reach_worklet.html:0
[  109172ms] [ERROR] Attestation check for Shared Storage on https://www.googleadservices.com failed. @ https://www.googleadservices.com/pagead/managed/js/activeview/current/reach_worklet.html:0
[  124379ms] [ERROR] Attestation check for Shared Storage on https://www.googleadservices.com failed. @ https://www.googleadservices.com/pagead/managed/js/activeview/current/reach_worklet.html:0
[  124947ms] [ERROR] Attestation check for Shared Storage on https://www.googleadservices.com failed. @ https://www.googleadservices.com/pagead/managed/js/activeview/current/reach_worklet.html:0
[  138093ms] [ERROR] Attestation check for Shared Storage on https://www.googleadservices.com failed. @ https://www.googleadservices.com/pagead/managed/js/activeview/current/reach_worklet.html:0
[  140951ms] [ERROR] Attestation check for Shared Storage on https://www.googleadservices.com failed. @ https://www.googleadservices.com/pagead/managed/js/activeview/current/reach_worklet.html:0
[  145508ms] [ERROR] Attestation check for Shared Storage on https://www.googleadservices.com failed. @ https://www.googleadservices.com/pagead/managed/js/activeview/current/reach_worklet.html:0
[  149876ms] [ERROR] Attestation check for Shared Storage on https://www.googleadservices.com failed. @ https://www.googleadservices.com/pagead/managed/js/activeview/current/reach_worklet.html:0
[  155200ms] [ERROR] Attestation check for Shared Storage on https://www.googleadservices.com failed. @ https://www.googleadservices.com/pagead/managed/js/activeview/current/reach_worklet.html:0
[  157463ms] [ERROR] Attestation check for Shared Storage on https://www.googleadservices.com failed. @ https://www.googleadservices.com/pagead/managed/js/activeview/current/reach_worklet.html:0
[  160680ms] [ERROR] Attestation check for Shared Storage on https://www.googleadservices.com failed. @ https://www.googleadservices.com/pagead/managed/js/activeview/current/reach_worklet.html:0
[  163140ms] [ERROR] Attestation check for Shared Storage on https://www.googleadservices.com failed. @ https://www.googleadservices.com/pagead/managed/js/activeview/current/reach_worklet.html:0
[  166167ms] [ERROR] Attestation check for Shared Storage on https://www.googleadservices.com failed. @ https://www.googleadservices.com/pagead/managed/js/activeview/current/reach_worklet.html:0
[  168519ms] [ERROR] Attestation check for Shared Storage on https://www.googleadservices.com failed. @ https://www.googleadservices.com/pagead/managed/js/activeview/current/reach_worklet.html:0
[  170847ms] [ERROR] Attestation check for Shared Storage on https://www.googleadservices.com failed. @ https://www.googleadservices.com/pagead/managed/js/activeview/current/reach_worklet.html:0
[  173923ms] [ERROR] Attestation check for Shared Storage on https://www.googleadservices.com failed. @ https://www.googleadservices.com/pagead/managed/js/activeview/current/reach_worklet.html:0
[  177973ms] [ERROR] Attestation check for Shared Storage on https://www.googleadservices.com failed. @ https://www.googleadservices.com/pagead/managed/js/activeview/current/reach_worklet.html:0
[  180303ms] [ERROR] Attestation check for Shared Storage on https://www.googleadservices.com failed. @ https://www.googleadservices.com/pagead/managed/js/activeview/current/reach_worklet.html:0
[  188922ms] [ERROR] Attestation check for Shared Storage on https://www.googleadservices.com failed. @ https://www.googleadservices.com/pagead/managed/js/activeview/current/reach_worklet.html:0
[  193185ms] [ERROR] Attestation check for Shared Storage on https://www.googleadservices.com failed. @ https://www.googleadservices.com/pagead/managed/js/activeview/current/reach_worklet.html:0
[  194786ms] [ERROR] Attestation check for Shared Storage on https://www.googleadservices.com failed. @ https://www.googleadservices.com/pagead/managed/js/activeview/current/reach_worklet.html:0
[  200567ms] [ERROR] Attestation check for Shared Storage on https://www.googleadservices.com failed. @ https://www.googleadservices.com/pagead/managed/js/activeview/current/reach_worklet.html:0
[  201255ms] [ERROR] Attestation check for Shared Storage on https://www.googleadservices.com failed. @ https://www.googleadservices.com/pagead/managed/js/activeview/current/reach_worklet.html:0
[  209361ms] [ERROR] Attestation check for Shared Storage on https://www.googleadservices.com failed. @ https://www.googleadservices.com/pagead/managed/js/activeview/current/reach_worklet.html:0
[  213229ms] [ERROR] Attestation check for Shared Storage on https://www.googleadservices.com failed. @ https://www.googleadservices.com/pagead/managed/js/activeview/current/reach_worklet.html:0
[  214403ms] [ERROR] Attestation check for Shared Storage on https://www.googleadservices.com failed. @ https://www.googleadservices.com/pagead/managed/js/activeview/current/reach_worklet.html:0
[  215070ms] [ERROR] Access to fetch at 'https://pbsj-us-east.bricks-co.com/openrtb2/auction' from origin 'https://www.w3schools.com' has been blocked by CORS policy: No 'Access-Control-Allow-Origin' header is present on the requested resource. @ https://www.w3schools.com/colors/colors_hsl.asp?color=hsl(195,%201,%200.5):0
[  215070ms] [ERROR] Failed to load resource: net::ERR_FAILED @ https://pbsj-us-east.bricks-co.com/openrtb2/auction:0
[   85754ms] [ERROR] Failed to load resource: net::ERR_NAME_NOT_RESOLVED @ https://cookie-sync.api.soundcast.fm/v1/esync?url=https%3A%2F%2Fcm.g.doubleclick.net%2Fpixel%3Fgoogle_nid%3Dsoundcast_dbm%26google_hm%3D%24UID&gdpr=0:0
[   85754ms] [ERROR] Failed to load resource: net::ERR_NAME_NOT_RESOLVED @ https://cookie-sync.api.soundcast.fm/v1/esync?url=https%3A%2F%2Fcm.g.doubleclick.net%2Fpixel%3Fgoogle_nid%3Dsoundcast_dbm%26google_hm%3D%24UID&gdpr=0:0
[   78529ms] [ERROR] Attestation check for Shared Storage on https://www.googleadservices.com failed. @ https://www.googleadservices.com/pagead/managed/js/activeview/current/reach_worklet.html:0
[   80049ms] [ERROR] Attestation check for Shared Storage on https://www.googleadservices.com failed. @ https://www.googleadservices.com/pagead/managed/js/activeview/current/reach_worklet.html:0
[   84334ms] [ERROR] Attestation check for Shared Storage on https://www.googleadservices.com failed. @ https://www.googleadservices.com/pagead/managed/js/activeview/current/reach_worklet.html:0
[   86621ms] [ERROR] Attestation check for Shared Storage on https://www.googleadservices.com failed. @ https://www.googleadservices.com/pagead/managed/js/activeview/current/reach_worklet.html:0
[   88257ms] [ERROR] Attestation check for Shared Storage on https://www.googleadservices.com failed. @ https://www.googleadservices.com/pagead/managed/js/activeview/current/reach_worklet.html:0
[   91243ms] [ERROR] Attestation check for Shared Storage on https://www.googleadservices.com failed. @ https://www.googleadservices.com/pagead/managed/js/activeview/current/reach_worklet.html:0
[   97248ms] [ERROR] Attestation check for Shared Storage on https://www.googleadservices.com failed. @ https://www.googleadservices.com/pagead/managed/js/activeview/current/reach_worklet.html:0
[   98816ms] [ERROR] Attestation check for Shared Storage on https://www.googleadservices.com failed. @ https://www.googleadservices.com/pagead/managed/js/activeview/current/reach_worklet.html:0
[  100343ms] [ERROR] Attestation check for Shared Storage on https://www.googleadservices.com failed. @ https://www.googleadservices.com/pagead/managed/js/activeview/current/reach_worklet.html:0
[  106043ms] [ERROR] Attestation check for Shared Storage on https://www.googleadservices.com failed. @ https://www.googleadservices.com/pagead/managed/js/activeview/current/reach_worklet.html:0
[  109172ms] [ERROR] Attestation check for Shared Storage on https://www.googleadservices.com failed. @ https://www.googleadservices.com/pagead/managed/js/activeview/current/reach_worklet.html:0
[  124379ms] [ERROR] Attestation check for Shared Storage on https://www.googleadservices.com failed. @ https://www.googleadservices.com/pagead/managed/js/activeview/current/reach_worklet.html:0
[  124947ms] [ERROR] Attestation check for Shared Storage on https://www.googleadservices.com failed. @ https://www.googleadservices.com/pagead/managed/js/activeview/current/reach_worklet.html:0
[  138093ms] [ERROR] Attestation check for Shared Storage on https://www.googleadservices.com failed. @ https://www.googleadservices.com/pagead/managed/js/activeview/current/reach_worklet.html:0
[  140951ms] [ERROR] Attestation check for Shared Storage on https://www.googleadservices.com failed. @ https://www.googleadservices.com/pagead/managed/js/activeview/current/reach_worklet.html:0
[  145508ms] [ERROR] Attestation check for Shared Storage on https://www.googleadservices.com failed. @ https://www.googleadservices.com/pagead/managed/js/activeview/current/reach_worklet.html:0
[  149876ms] [ERROR] Attestation check for Shared Storage on https://www.googleadservices.com failed. @ https://www.googleadservices.com/pagead/managed/js/activeview/current/reach_worklet.html:0
[  155200ms] [ERROR] Attestation check for Shared Storage on https://www.googleadservices.com failed. @ https://www.googleadservices.com/pagead/managed/js/activeview/current/reach_worklet.html:0
[  157463ms] [ERROR] Attestation check for Shared Storage on https://www.googleadservices.com failed. @ https://www.googleadservices.com/pagead/managed/js/activeview/current/reach_worklet.html:0
[  160680ms] [ERROR] Attestation check for Shared Storage on https://www.googleadservices.com failed. @ https://www.googleadservices.com/pagead/managed/js/activeview/current/reach_worklet.html:0
[  163140ms] [ERROR] Attestation check for Shared Storage on https://www.googleadservices.com failed. @ https://www.googleadservices.com/pagead/managed/js/activeview/current/reach_worklet.html:0
[  166167ms] [ERROR] Attestation check for Shared Storage on https://www.googleadservices.com failed. @ https://www.googleadservices.com/pagead/managed/js/activeview/current/reach_worklet.html:0
[  168519ms] [ERROR] Attestation check for Shared Storage on https://www.googleadservices.com failed. @ https://www.googleadservices.com/pagead/managed/js/activeview/current/reach_worklet.html:0
[  170847ms] [ERROR] Attestation check for Shared Storage on https://www.googleadservices.com failed. @ https://www.googleadservices.com/pagead/managed/js/activeview/current/reach_worklet.html:0
[  173923ms] [ERROR] Attestation check for Shared Storage on https://www.googleadservices.com failed. @ https://www.googleadservices.com/pagead/managed/js/activeview/current/reach_worklet.html:0
[  177973ms] [ERROR] Attestation check for Shared Storage on https://www.googleadservices.com failed. @ https://www.googleadservices.com/pagead/managed/js/activeview/current/reach_worklet.html:0
[  180303ms] [ERROR] Attestation check for Shared Storage on https://www.googleadservices.com failed. @ https://www.googleadservices.com/pagead/managed/js/activeview/current/reach_worklet.html:0
[  188922ms] [ERROR] Attestation check for Shared Storage on https://www.googleadservices.com failed. @ https://www.googleadservices.com/pagead/managed/js/activeview/current/reach_worklet.html:0
[  193185ms] [ERROR] Attestation check for Shared Storage on https://www.googleadservices.com failed. @ https://www.googleadservices.com/pagead/managed/js/activeview/current/reach_worklet.html:0
[  194786ms] [ERROR] Attestation check for Shared Storage on https://www.googleadservices.com failed. @ https://www.googleadservices.com/pagead/managed/js/activeview/current/reach_worklet.html:0
[  200567ms] [ERROR] Attestation check for Shared Storage on https://www.googleadservices.com failed. @ https://www.googleadservices.com/pagead/managed/js/activeview/current/reach_worklet.html:0
[  201255ms] [ERROR] Attestation check for Shared Storage on https://www.googleadservices.com failed. @ https://www.googleadservices.com/pagead/managed/js/activeview/current/reach_worklet.html:0
[  209361ms] [ERROR] Attestation check for Shared Storage on https://www.googleadservices.com failed. @ https://www.googleadservices.com/pagead/managed/js/activeview/current/reach_worklet.html:0
[  213229ms] [ERROR] Attestation check for Shared Storage on https://www.googleadservices.com failed. @ https://www.googleadservices.com/pagead/managed/js/activeview/current/reach_worklet.html:0
[  214403ms] [ERROR] Attestation check for Shared Storage on https://www.googleadservices.com failed. @ https://www.googleadservices.com/pagead/managed/js/activeview/current/reach_worklet.html:0
[  222422ms] [ERROR] Attestation check for Shared Storage on https://www.googleadservices.com failed. @ https://www.googleadservices.com/pagead/managed/js/activeview/current/reach_worklet.html:0
[   85754ms] [ERROR] Failed to load resource: net::ERR_NAME_NOT_RESOLVED @ https://cookie-sync.api.soundcast.fm/v1/esync?url=https%3A%2F%2Fcm.g.doubleclick.net%2Fpixel%3Fgoogle_nid%3Dsoundcast_dbm%26google_hm%3D%24UID&gdpr=0:0
[  223219ms] [ERROR] Failed to load resource: the server responded with a status of 404 () @ https://pbc.meetscale.com/cache?uuid=91aa4dd0-6aeb-4282-a786-ef0783972c69:0
[  223276ms] SyntaxError: Unexpected token 'G', "GET /cache"... is not valid JSON
    at JSON.parse (<anonymous>)
    at https://sf.sparteo.com/4e5a4ed5-b25e-4c41-986a-439113bebcc4/render.html:28:237
[   85754ms] [ERROR] Failed to load resource: net::ERR_NAME_NOT_RESOLVED @ https://cookie-sync.api.soundcast.fm/v1/esync?url=https%3A%2F%2Fcm.g.doubleclick.net%2Fpixel%3Fgoogle_nid%3Dsoundcast_dbm%26google_hm%3D%24UID&gdpr=0:0
[  225498ms] [ERROR] Access to fetch at 'https://pbsj-us-east.bricks-co.com/openrtb2/auction' from origin 'https://www.w3schools.com' has been blocked by CORS policy: No 'Access-Control-Allow-Origin' header is present on the requested resource. @ https://www.w3schools.com/colors/colors_hsl.asp?color=hsl(195,%201,%200.5):0
[  225498ms] [ERROR] Failed to load resource: net::ERR_FAILED @ https://pbsj-us-east.bricks-co.com/openrtb2/auction:0
[  226134ms] [WARNING] An iframe which has both allow-scripts and allow-same-origin for its sandbox attribute can escape its sandboxing. @ https://www.flashb.id/assets/js/hbdbrk_fef0c8b2caedfb449c01_m.js:0
[  227009ms] Failed to read a named property 'document' from 'Window': Blocked a frame with origin "https://lax1-ib.adnxs.com" from accessing a frame with origin "https://srv.flashb.id". Protocols, domains, and ports must match.
[   91223ms] [ERROR] Failed to load resource: net::ERR_CONNECTION_CLOSED @ https://sync.connectad.io/umatch/1?dataid=data17&uuid=RX-9ec1288d-a6be-4e05-a575-925bfbfcec30-005&us_privacy=1---&rndcb=359565001:0
[   91839ms] [ERROR] Failed to load resource: the server responded with a status of 400 () @ https://cm.mgid.com/m?cdsp=433142&c=RX-9ec1288d-a6be-4e05-a575-925bfbfcec30-005&us_privacy=1---&rndcb=3460803040:0
[   92364ms] [ERROR] Failed to load resource: net::ERR_CONNECTION_CLOSED @ https://csync.smilewanted.com/set_partner_userid_get/unruly/RX-9ec1288d-a6be-4e05-a575-925bfbfcec30-005?us_privacy=1---&rndcb=8477261241:0
[   92377ms] [ERROR] Failed to load resource: the server responded with a status of 400 (Bad Request) @ https://sync.adkernel.com/user-sync?dsp=11&t=image&uid=RX-9ec1288d-a6be-4e05-a575-925bfbfcec30-005&us_privacy=1---&rndcb=4809021070:0
[   92394ms] [ERROR] Failed to load resource: net::ERR_SOCKET_NOT_CONNECTED @ https://csync.loopme.me/?partner_id=2259&vt=RX-9ec1288d-a6be-4e05-a575-925bfbfcec30-005&us_privacy=1---&rndcb=3695539100:0
[   93148ms] [ERROR] Failed to load resource: the server responded with a status of 404 () @ https://cs.admanmedia.com/cbaf91328596cd8e6c6aac070d7c695b.gif?puid=[UID]&redir=[RED]&gdpr=[GDPR]&gdpr_consent=[GDPR_CONSENT]&ccpa=[CCPA]&coppa=[COPPA]&us_privacy=1---&rndcb=1210572107:0
[   93344ms] [ERROR] Failed to load resource: the server responded with a status of 400 () @ https://match.prod.bidr.io/cookie-sync/ro?us_privacy=1---&rndcb=1144717434:0
[   95954ms] [ERROR] Failed to load resource: net::ERR_SOCKET_NOT_CONNECTED @ https://csync.loopme.me/?redirect=https%3A%2F%2Fsync.1rx.io%2Fusersync3%2Floopme%2F%2F%7Bdevice_id%7D%3Fzcc%3D0%26sspret%3D1%26us_privacy%3D1---&pubid=9718&us_privacy=1---&rndcb=2088199819:0
[   97727ms] [ERROR] Failed to load resource: net::ERR_NAME_NOT_RESOLVED @ https://tracker.pre.vr-tb.com/sync?id=3&uid=RX-9ec1288d-a6be-4e05-a575-925bfbfcec30-005&us_privacy=1---&rndcb=5500735770:0
[   98194ms] [ERROR] Failed to load resource: net::ERR_NAME_NOT_RESOLVED @ https://cs.iqzone.com/cd7df7742ce9820014dceb9d36ea934e.gif?puid=RX-9ec1288d-a6be-4e05-a575-925bfbfcec30-005&us_privacy=1---&rndcb=4646964125:0
[   99759ms] [ERROR] Failed to load resource: net::ERR_NAME_NOT_RESOLVED @ https://x.fidelity-media.com/match.php?dsp=RHTMKUB&uid=RX-9ec1288d-a6be-4e05-a575-925bfbfcec30-005&us_privacy=1---&rndcb=5875170170:0
[   99759ms] [ERROR] Failed to load resource: the server responded with a status of 401 () @ https://sync.ex.co/v1/setuid/copper6/?gdpr=[GDPR]&gdpr_consent=[GDPR_CONSENT]&gpp=[GPP]&gpp_sid=[GPP_SID]&uid=8b40d63c-9b6e-4ae4-8015-10ac1a43d577:0
[   99760ms] [ERROR] Failed to load resource: the server responded with a status of 400 () @ https://cm.mgid.com/m?cdsp=834161&c=RX-9ec1288d-a6be-4e05-a575-925bfbfcec30-005&us_privacy=1---&rndcb=6837296067:0
[   99799ms] [ERROR] Failed to load resource: the server responded with a status of 404 () @ https://match.justpremium.com/match/un?rid=r-4111cedb-72e5-4a0d-8cbd-4b6c3882923c-1687-778229178&jp_uid=lk2-um-bfeb8f08-96fa-4da8-b070-7171050cd12e-1613989936&ex_uid=RX-9ec1288d-a6be-4e05-a575-925bfbfcec30-005&us_privacy=1---&rndcb=6755002177:0
[   99963ms] [ERROR] Failed to load resource: the server responded with a status of 400 () @ https://mfx.mobilefuse.com/setuid?pid=unr&uid=RX-9ec1288d-a6be-4e05-a575-925bfbfcec30-005&us_privacy=1---&rndcb=3485535791:0
[   99983ms] [ERROR] Failed to load resource: net::ERR_NAME_NOT_RESOLVED @ https://sync.spotim.market/csync?t=a&ep=708476&extuid=RX-9ec1288d-a6be-4e05-a575-925bfbfcec30-005&us_privacy=1---&rndcb=2790323897:0
[  101251ms] [ERROR] Failed to load resource: net::ERR_NAME_NOT_RESOLVED @ https://sync.pubwise.io/usersync/unrulydspctv/RX-9ec1288d-a6be-4e05-a575-925bfbfcec30-005?us_privacy=1---&rndcb=431564914:0
[  104426ms] [ERROR] Failed to load resource: net::ERR_TOO_MANY_REDIRECTS @ https://sync-ssp.adsmovil.com/25272641f0ca28f71a7ea277c4985249.gif?puid=2648036472040787691&redir=https%3A%2F%2Fssbsync.smartadserver.com%2Fapi%2Fsync%3FcallerId%3D301&gdpr=0&gdpr_consent=:0
[  104567ms] [ERROR] Failed to load resource: net::ERR_CERT_COMMON_NAME_INVALID @ https://sync.programmaticx.ai/api/cookie?partnerId=progx-unruly&userId=RX-9ec1288d-a6be-4e05-a575-925bfbfcec30-005&us_privacy=1---&rndcb=1162585388:0
[  109092ms] [ERROR] Failed to load resource: net::ERR_TOO_MANY_REDIRECTS @ https://cs.pgammedia.com/bf4103da5f0fb6ae0166419ea1a784aa.gif?gdpr=$$[GDPR]&gdpr_consent=$$[GDPR_CONSENT]&us_privacy=$[CCPA]&uid=$5e8b229a-39dc-4495-8c54-0b4c4d198901&cookie_age=$[COOKIE_AGE]:0
[  109104ms] [ERROR] Failed to load resource: net::ERR_NAME_NOT_RESOLVED @ https://tracker.ortb.vuukle.com/sync?id=35&uid=RX-9ec1288d-a6be-4e05-a575-925bfbfcec30-005&us_privacy=1---&rndcb=4007536479:0
[  109111ms] [ERROR] Failed to load resource: net::ERR_NAME_NOT_RESOLVED @ https://hb.yahoo.net/cksync.php?cs=1&type=56551&ovsid=RX-9ec1288d-a6be-4e05-a575-925bfbfcec30-005&us_privacy=1---&rndcb=1521567313:0
[  109119ms] [ERROR] Failed to load resource: net::ERR_NAME_NOT_RESOLVED @ https://cs.iqzone.com/dad9a774fb4631ad27a2b1e349bf882f.gif?puid=[UID]&redir=[RED]&gdpr=[GDPR]&gdpr_consent=[GDPR_CONSENT]&ccpa=[CCPA]&coppa=[COPPA]&us_privacy=1---&rndcb=5043859670:0
[  109119ms] [ERROR] Failed to load resource: net::ERR_NAME_NOT_RESOLVED @ https://cs.iqzone.com/dad9a774fb4631ad27a2b1e349bf882f.gif?puid=[UID]&redir=[RED]&gdpr=[GDPR]&gdpr_consent=[GDPR_CONSENT]&ccpa=[CCPA]&coppa=[COPPA]&us_privacy=1---&rndcb=743145145:0
[  109760ms] [ERROR] Failed to load resource: net::ERR_NAME_NOT_RESOLVED @ https://tracker-zmd.ortb.net/sync.html?us_privacy=1---&rndcb=1645288100:0
[  109761ms] [ERROR] Failed to load resource: the server responded with a status of 400 (Bad Request) @ https://sync.adkernel.com/user-sync?zone=83074&r=https%3A%2F%2Fsync.1rx.io%2Fusersync3%2Fyieldnexus%2F%2F%7BUID%7D%3Fzcc%3D0%26sspret%3D1%26us_privacy%3D1---&us_privacy=1---&rndcb=2924073219:0
[  109762ms] [ERROR] Failed to load resource: the server responded with a status of 400 (Bad Request) @ https://sync.adkernel.com/user-sync?zone=42861&r=https%3A%2F%2Fsync.1rx.io%2Fusersync3%2Fnativeads%2F%2F%7BUID%7D%3Fzcc%3D0%26sspret%3D1%26us_privacy%3D1---&us_privacy=1---&rndcb=4133114690:0
[  109764ms] [ERROR] Failed to load resource: the server responded with a status of 404 (Not Found) @ https://us.shb-sync.com/70d23a5f-6400-4661-9a33-825cbc2d2a1a.gif?puid=RX-9ec1288d-a6be-4e05-a575-925bfbfcec30-005&redir=[RED]&gdpr=[GDPR]&gdpr_consent=[GDPR_CONSENT]&ccpa=[CCPA]&us_privacy=1---&rndcb=2797034035:0
[  113738ms] [ERROR] Failed to load resource: net::ERR_NAME_NOT_RESOLVED @ https://visitor-gen01.omnitagjs.com/visitor/bsync?uid=5183beddfca39cdc784820fdf854594d&name=gen01&url=https%3A%2F%2Fpbjs.rbstsystems.live%2Fsync_proceed%3Fbn%3Dseat_218%26brk%3D0%26brk2%3D0%26us_privacy%3D%252C%26gdpr%3D%26gdpr_consent%3D%252C%26u%3DPARTNER_USER_ID:0
[  114192ms] [ERROR] Failed to load resource: net::ERR_TOO_MANY_REDIRECTS @ https://sync.intentiq.com/profiles_engine/ProfilesEngineServlet?at=20&dpi=1357991113&mi=10&csh=793790479;1486637409;259151345;1868283820;396218182;1207058874&rnd=816938424&pcid=4263714045655984000V10:0
[  127473ms] [ERROR] Failed to load resource: net::ERR_TIMED_OUT @ https://ittpx.eskimi.com/sync?dp_id=170&user_id=RX-9ec1288d-a6be-4e05-a575-925bfbfcec30-005&us_privacy=1---&rndcb=5712487485:0
[  165754ms] [ERROR] Failed to load resource: net::ERR_CONNECTION_TIMED_OUT @ https://cookie.360playvid.com/e14743b15a44763f7d074962a0ede981.gif?puid=RX-9ec1288d-a6be-4e05-a575-925bfbfcec30-005&us_privacy=1---&rndcb=1023525675:0
[  184022ms] [ERROR] Failed to load resource: net::ERR_CONNECTION_TIMED_OUT @ https://rp.gwallet.com/r1/cm/p121?uuid=RX-9ec1288d-a6be-4e05-a575-925bfbfcec30-005&us_privacy=1---&rndcb=3867747032:0
[  186195ms] [ERROR] Failed to load resource: net::ERR_CONNECTION_TIMED_OUT @ https://ads.stickyadstv.com/user-registering?dataProviderId=1570&userId=RX-9ec1288d-a6be-4e05-a575-925bfbfcec30-005&us_privacy=1---&rndcb=7416659682:0
[   78529ms] [ERROR] Attestation check for Shared Storage on https://www.googleadservices.com failed. @ https://www.googleadservices.com/pagead/managed/js/activeview/current/reach_worklet.html:0
[   80049ms] [ERROR] Attestation check for Shared Storage on https://www.googleadservices.com failed. @ https://www.googleadservices.com/pagead/managed/js/activeview/current/reach_worklet.html:0
[   84334ms] [ERROR] Attestation check for Shared Storage on https://www.googleadservices.com failed. @ https://www.googleadservices.com/pagead/managed/js/activeview/current/reach_worklet.html:0
[   86621ms] [ERROR] Attestation check for Shared Storage on https://www.googleadservices.com failed. @ https://www.googleadservices.com/pagead/managed/js/activeview/current/reach_worklet.html:0
[   88257ms] [ERROR] Attestation check for Shared Storage on https://www.googleadservices.com failed. @ https://www.googleadservices.com/pagead/managed/js/activeview/current/reach_worklet.html:0
[   91243ms] [ERROR] Attestation check for Shared Storage on https://www.googleadservices.com failed. @ https://www.googleadservices.com/pagead/managed/js/activeview/current/reach_worklet.html:0
[   97248ms] [ERROR] Attestation check for Shared Storage on https://www.googleadservices.com failed. @ https://www.googleadservices.com/pagead/managed/js/activeview/current/reach_worklet.html:0
[   98816ms] [ERROR] Attestation check for Shared Storage on https://www.googleadservices.com failed. @ https://www.googleadservices.com/pagead/managed/js/activeview/current/reach_worklet.html:0
[  100343ms] [ERROR] Attestation check for Shared Storage on https://www.googleadservices.com failed. @ https://www.googleadservices.com/pagead/managed/js/activeview/current/reach_worklet.html:0
[  106043ms] [ERROR] Attestation check for Shared Storage on https://www.googleadservices.com failed. @ https://www.googleadservices.com/pagead/managed/js/activeview/current/reach_worklet.html:0
[  109172ms] [ERROR] Attestation check for Shared Storage on https://www.googleadservices.com failed. @ https://www.googleadservices.com/pagead/managed/js/activeview/current/reach_worklet.html:0
[  124379ms] [ERROR] Attestation check for Shared Storage on https://www.googleadservices.com failed. @ https://www.googleadservices.com/pagead/managed/js/activeview/current/reach_worklet.html:0
[  124947ms] [ERROR] Attestation check for Shared Storage on https://www.googleadservices.com failed. @ https://www.googleadservices.com/pagead/managed/js/activeview/current/reach_worklet.html:0
[  138093ms] [ERROR] Attestation check for Shared Storage on https://www.googleadservices.com failed. @ https://www.googleadservices.com/pagead/managed/js/activeview/current/reach_worklet.html:0
[  140951ms] [ERROR] Attestation check for Shared Storage on https://www.googleadservices.com failed. @ https://www.googleadservices.com/pagead/managed/js/activeview/current/reach_worklet.html:0
[  145508ms] [ERROR] Attestation check for Shared Storage on https://www.googleadservices.com failed. @ https://www.googleadservices.com/pagead/managed/js/activeview/current/reach_worklet.html:0
[  149876ms] [ERROR] Attestation check for Shared Storage on https://www.googleadservices.com failed. @ https://www.googleadservices.com/pagead/managed/js/activeview/current/reach_worklet.html:0
[  155200ms] [ERROR] Attestation check for Shared Storage on https://www.googleadservices.com failed. @ https://www.googleadservices.com/pagead/managed/js/activeview/current/reach_worklet.html:0
[  157463ms] [ERROR] Attestation check for Shared Storage on https://www.googleadservices.com failed. @ https://www.googleadservices.com/pagead/managed/js/activeview/current/reach_worklet.html:0
[  160680ms] [ERROR] Attestation check for Shared Storage on https://www.googleadservices.com failed. @ https://www.googleadservices.com/pagead/managed/js/activeview/current/reach_worklet.html:0
[  163140ms] [ERROR] Attestation check for Shared Storage on https://www.googleadservices.com failed. @ https://www.googleadservices.com/pagead/managed/js/activeview/current/reach_worklet.html:0
[  166167ms] [ERROR] Attestation check for Shared Storage on https://www.googleadservices.com failed. @ https://www.googleadservices.com/pagead/managed/js/activeview/current/reach_worklet.html:0
[  168519ms] [ERROR] Attestation check for Shared Storage on https://www.googleadservices.com failed. @ https://www.googleadservices.com/pagead/managed/js/activeview/current/reach_worklet.html:0
[  170847ms] [ERROR] Attestation check for Shared Storage on https://www.googleadservices.com failed. @ https://www.googleadservices.com/pagead/managed/js/activeview/current/reach_worklet.html:0
[  173923ms] [ERROR] Attestation check for Shared Storage on https://www.googleadservices.com failed. @ https://www.googleadservices.com/pagead/managed/js/activeview/current/reach_worklet.html:0
[  177973ms] [ERROR] Attestation check for Shared Storage on https://www.googleadservices.com failed. @ https://www.googleadservices.com/pagead/managed/js/activeview/current/reach_worklet.html:0
[  180303ms] [ERROR] Attestation check for Shared Storage on https://www.googleadservices.com failed. @ https://www.googleadservices.com/pagead/managed/js/activeview/current/reach_worklet.html:0
[  188922ms] [ERROR] Attestation check for Shared Storage on https://www.googleadservices.com failed. @ https://www.googleadservices.com/pagead/managed/js/activeview/current/reach_worklet.html:0
[  193185ms] [ERROR] Attestation check for Shared Storage on https://www.googleadservices.com failed. @ https://www.googleadservices.com/pagead/managed/js/activeview/current/reach_worklet.html:0
[  194786ms] [ERROR] Attestation check for Shared Storage on https://www.googleadservices.com failed. @ https://www.googleadservices.com/pagead/managed/js/activeview/current/reach_worklet.html:0
[  200567ms] [ERROR] Attestation check for Shared Storage on https://www.googleadservices.com failed. @ https://www.googleadservices.com/pagead/managed/js/activeview/current/reach_worklet.html:0
[  201255ms] [ERROR] Attestation check for Shared Storage on https://www.googleadservices.com failed. @ https://www.googleadservices.com/pagead/managed/js/activeview/current/reach_worklet.html:0
[  209361ms] [ERROR] Attestation check for Shared Storage on https://www.googleadservices.com failed. @ https://www.googleadservices.com/pagead/managed/js/activeview/current/reach_worklet.html:0
[  213229ms] [ERROR] Attestation check for Shared Storage on https://www.googleadservices.com failed. @ https://www.googleadservices.com/pagead/managed/js/activeview/current/reach_worklet.html:0
[  214403ms] [ERROR] Attestation check for Shared Storage on https://www.googleadservices.com failed. @ https://www.googleadservices.com/pagead/managed/js/activeview/current/reach_worklet.html:0
[  222422ms] [ERROR] Attestation check for Shared Storage on https://www.googleadservices.com failed. @ https://www.googleadservices.com/pagead/managed/js/activeview/current/reach_worklet.html:0
[  229755ms] [ERROR] Attestation check for Shared Storage on https://www.googleadservices.com failed. @ https://www.googleadservices.com/pagead/managed/js/activeview/current/reach_worklet.html:0
[  229965ms] [ERROR] Failed to load resource: net::ERR_NAME_NOT_RESOLVED @ https://sync.tidaltv.com/GenericUserSync.ashx?dpid=335:0
[  230248ms] [LOG] /private/ping?site=cncabwc7;ehls1=d3abe07875b3953c2a6e7505e5b3fa7a49297918;ehlm5=d635dcdd2c2ac528930531d7303bb1c0;ehls2=bb423aa3910039f76616e672454ec9ffdb3b3b6d861e71c1e190235da4bb8aee;xid=ask7z6c5j7eucacshbndqfixetmijt;ct=1783370192809 @ https://lore.deduce.com/p/collect:1
[  230252ms] [ERROR] Failed to load resource: net::ERR_NAME_NOT_RESOLVED @ https://px.owneriq.net/eucm/p/lrc?redir=https%3A%2F%2Fidsync.rlcdn.com%2F140601.gif%3fpartner_uid%3d(OIQ_UUID):0
[  231375ms] [ERROR] Failed to load resource: the server responded with a status of 404 (Not Found) @ https://pxdrop.lijit.com/private/ping?site=cncabwc7;ehls1=d3abe07875b3953c2a6e7505e5b3fa7a49297918;ehlm5=d635dcdd2c2ac528930531d7303bb1c0;ehls2=bb423aa3910039f76616e672454ec9ffdb3b3b6d861e71c1e190235da4bb8aee;xid=ask7z6c5j7eucacshbndqfixetmijt;ct=1783370192809:0
[  229965ms] [ERROR] Failed to load resource: net::ERR_NAME_NOT_RESOLVED @ https://sync.tidaltv.com/GenericUserSync.ashx?dpid=335:0
[  230252ms] [ERROR] Failed to load resource: net::ERR_NAME_NOT_RESOLVED @ https://px.owneriq.net/eucm/p/lrc?redir=https%3A%2F%2Fidsync.rlcdn.com%2F140601.gif%3fpartner_uid%3d(OIQ_UUID):0
[  231375ms] [ERROR] Failed to load resource: the server responded with a status of 404 (Not Found) @ https://pxdrop.lijit.com/private/ping?site=cncabwc7;ehls1=d3abe07875b3953c2a6e7505e5b3fa7a49297918;ehlm5=d635dcdd2c2ac528930531d7303bb1c0;ehls2=bb423aa3910039f76616e672454ec9ffdb3b3b6d861e71c1e190235da4bb8aee;xid=ask7z6c5j7eucacshbndqfixetmijt;ct=1783370192809:0
[   85754ms] [ERROR] Failed to load resource: net::ERR_NAME_NOT_RESOLVED @ https://cookie-sync.api.soundcast.fm/v1/esync?url=https%3A%2F%2Fcm.g.doubleclick.net%2Fpixel%3Fgoogle_nid%3Dsoundcast_dbm%26google_hm%3D%24UID&gdpr=0:0
[  232800ms] [ERROR] Access to fetch at 'https://pbsj-us-east.bricks-co.com/openrtb2/auction' from origin 'https://www.w3schools.com' has been blocked by CORS policy: No 'Access-Control-Allow-Origin' header is present on the requested resource. @ https://www.w3schools.com/colors/colors_hsl.asp?color=hsl(195,%201,%200.5):0
[  232802ms] [ERROR] Failed to load resource: net::ERR_FAILED @ https://pbsj-us-east.bricks-co.com/openrtb2/auction:0
[   85754ms] [ERROR] Failed to load resource: net::ERR_NAME_NOT_RESOLVED @ https://cookie-sync.api.soundcast.fm/v1/esync?url=https%3A%2F%2Fcm.g.doubleclick.net%2Fpixel%3Fgoogle_nid%3Dsoundcast_dbm%26google_hm%3D%24UID&gdpr=0:0
[  235312ms] Failed to read a named property 'document' from 'Window': Blocked a frame with origin "https://lax1-ib.adnxs.com" from accessing a frame with origin "https://srv.flashb.id". Protocols, domains, and ports must match.
[   78529ms] [ERROR] Attestation check for Shared Storage on https://www.googleadservices.com failed. @ https://www.googleadservices.com/pagead/managed/js/activeview/current/reach_worklet.html:0
[   80049ms] [ERROR] Attestation check for Shared Storage on https://www.googleadservices.com failed. @ https://www.googleadservices.com/pagead/managed/js/activeview/current/reach_worklet.html:0
[   84334ms] [ERROR] Attestation check for Shared Storage on https://www.googleadservices.com failed. @ https://www.googleadservices.com/pagead/managed/js/activeview/current/reach_worklet.html:0
[   86621ms] [ERROR] Attestation check for Shared Storage on https://www.googleadservices.com failed. @ https://www.googleadservices.com/pagead/managed/js/activeview/current/reach_worklet.html:0
[   88257ms] [ERROR] Attestation check for Shared Storage on https://www.googleadservices.com failed. @ https://www.googleadservices.com/pagead/managed/js/activeview/current/reach_worklet.html:0
[   91243ms] [ERROR] Attestation check for Shared Storage on https://www.googleadservices.com failed. @ https://www.googleadservices.com/pagead/managed/js/activeview/current/reach_worklet.html:0
[   97248ms] [ERROR] Attestation check for Shared Storage on https://www.googleadservices.com failed. @ https://www.googleadservices.com/pagead/managed/js/activeview/current/reach_worklet.html:0
[   98816ms] [ERROR] Attestation check for Shared Storage on https://www.googleadservices.com failed. @ https://www.googleadservices.com/pagead/managed/js/activeview/current/reach_worklet.html:0
[  100343ms] [ERROR] Attestation check for Shared Storage on https://www.googleadservices.com failed. @ https://www.googleadservices.com/pagead/managed/js/activeview/current/reach_worklet.html:0
[  106043ms] [ERROR] Attestation check for Shared Storage on https://www.googleadservices.com failed. @ https://www.googleadservices.com/pagead/managed/js/activeview/current/reach_worklet.html:0
[  109172ms] [ERROR] Attestation check for Shared Storage on https://www.googleadservices.com failed. @ https://www.googleadservices.com/pagead/managed/js/activeview/current/reach_worklet.html:0
[  124379ms] [ERROR] Attestation check for Shared Storage on https://www.googleadservices.com failed. @ https://www.googleadservices.com/pagead/managed/js/activeview/current/reach_worklet.html:0
[  124947ms] [ERROR] Attestation check for Shared Storage on https://www.googleadservices.com failed. @ https://www.googleadservices.com/pagead/managed/js/activeview/current/reach_worklet.html:0
[  138093ms] [ERROR] Attestation check for Shared Storage on https://www.googleadservices.com failed. @ https://www.googleadservices.com/pagead/managed/js/activeview/current/reach_worklet.html:0
[  140951ms] [ERROR] Attestation check for Shared Storage on https://www.googleadservices.com failed. @ https://www.googleadservices.com/pagead/managed/js/activeview/current/reach_worklet.html:0
[  145508ms] [ERROR] Attestation check for Shared Storage on https://www.googleadservices.com failed. @ https://www.googleadservices.com/pagead/managed/js/activeview/current/reach_worklet.html:0
[  149876ms] [ERROR] Attestation check for Shared Storage on https://www.googleadservices.com failed. @ https://www.googleadservices.com/pagead/managed/js/activeview/current/reach_worklet.html:0
[  155200ms] [ERROR] Attestation check for Shared Storage on https://www.googleadservices.com failed. @ https://www.googleadservices.com/pagead/managed/js/activeview/current/reach_worklet.html:0
[  157463ms] [ERROR] Attestation check for Shared Storage on https://www.googleadservices.com failed. @ https://www.googleadservices.com/pagead/managed/js/activeview/current/reach_worklet.html:0
[  160680ms] [ERROR] Attestation check for Shared Storage on https://www.googleadservices.com failed. @ https://www.googleadservices.com/pagead/managed/js/activeview/current/reach_worklet.html:0
[  163140ms] [ERROR] Attestation check for Shared Storage on https://www.googleadservices.com failed. @ https://www.googleadservices.com/pagead/managed/js/activeview/current/reach_worklet.html:0
[  166167ms] [ERROR] Attestation check for Shared Storage on https://www.googleadservices.com failed. @ https://www.googleadservices.com/pagead/managed/js/activeview/current/reach_worklet.html:0
[  168519ms] [ERROR] Attestation check for Shared Storage on https://www.googleadservices.com failed. @ https://www.googleadservices.com/pagead/managed/js/activeview/current/reach_worklet.html:0
[  170847ms] [ERROR] Attestation check for Shared Storage on https://www.googleadservices.com failed. @ https://www.googleadservices.com/pagead/managed/js/activeview/current/reach_worklet.html:0
[  173923ms] [ERROR] Attestation check for Shared Storage on https://www.googleadservices.com failed. @ https://www.googleadservices.com/pagead/managed/js/activeview/current/reach_worklet.html:0
[  177973ms] [ERROR] Attestation check for Shared Storage on https://www.googleadservices.com failed. @ https://www.googleadservices.com/pagead/managed/js/activeview/current/reach_worklet.html:0
[  180303ms] [ERROR] Attestation check for Shared Storage on https://www.googleadservices.com failed. @ https://www.googleadservices.com/pagead/managed/js/activeview/current/reach_worklet.html:0
[  188922ms] [ERROR] Attestation check for Shared Storage on https://www.googleadservices.com failed. @ https://www.googleadservices.com/pagead/managed/js/activeview/current/reach_worklet.html:0
[  193185ms] [ERROR] Attestation check for Shared Storage on https://www.googleadservices.com failed. @ https://www.googleadservices.com/pagead/managed/js/activeview/current/reach_worklet.html:0
[  194786ms] [ERROR] Attestation check for Shared Storage on https://www.googleadservices.com failed. @ https://www.googleadservices.com/pagead/managed/js/activeview/current/reach_worklet.html:0
[  200567ms] [ERROR] Attestation check for Shared Storage on https://www.googleadservices.com failed. @ https://www.googleadservices.com/pagead/managed/js/activeview/current/reach_worklet.html:0
[  201255ms] [ERROR] Attestation check for Shared Storage on https://www.googleadservices.com failed. @ https://www.googleadservices.com/pagead/managed/js/activeview/current/reach_worklet.html:0
[  209361ms] [ERROR] Attestation check for Shared Storage on https://www.googleadservices.com failed. @ https://www.googleadservices.com/pagead/managed/js/activeview/current/reach_worklet.html:0
[  213229ms] [ERROR] Attestation check for Shared Storage on https://www.googleadservices.com failed. @ https://www.googleadservices.com/pagead/managed/js/activeview/current/reach_worklet.html:0
[  214403ms] [ERROR] Attestation check for Shared Storage on https://www.googleadservices.com failed. @ https://www.googleadservices.com/pagead/managed/js/activeview/current/reach_worklet.html:0
[  222422ms] [ERROR] Attestation check for Shared Storage on https://www.googleadservices.com failed. @ https://www.googleadservices.com/pagead/managed/js/activeview/current/reach_worklet.html:0
[  229755ms] [ERROR] Attestation check for Shared Storage on https://www.googleadservices.com failed. @ https://www.googleadservices.com/pagead/managed/js/activeview/current/reach_worklet.html:0
[  236867ms] [ERROR] Attestation check for Shared Storage on https://www.googleadservices.com failed. @ https://www.googleadservices.com/pagead/managed/js/activeview/current/reach_worklet.html:0
[   78529ms] [ERROR] Attestation check for Shared Storage on https://www.googleadservices.com failed. @ https://www.googleadservices.com/pagead/managed/js/activeview/current/reach_worklet.html:0
[   80049ms] [ERROR] Attestation check for Shared Storage on https://www.googleadservices.com failed. @ https://www.googleadservices.com/pagead/managed/js/activeview/current/reach_worklet.html:0
[   84334ms] [ERROR] Attestation check for Shared Storage on https://www.googleadservices.com failed. @ https://www.googleadservices.com/pagead/managed/js/activeview/current/reach_worklet.html:0
[   86621ms] [ERROR] Attestation check for Shared Storage on https://www.googleadservices.com failed. @ https://www.googleadservices.com/pagead/managed/js/activeview/current/reach_worklet.html:0
[   88257ms] [ERROR] Attestation check for Shared Storage on https://www.googleadservices.com failed. @ https://www.googleadservices.com/pagead/managed/js/activeview/current/reach_worklet.html:0
[   91243ms] [ERROR] Attestation check for Shared Storage on https://www.googleadservices.com failed. @ https://www.googleadservices.com/pagead/managed/js/activeview/current/reach_worklet.html:0
[   97248ms] [ERROR] Attestation check for Shared Storage on https://www.googleadservices.com failed. @ https://www.googleadservices.com/pagead/managed/js/activeview/current/reach_worklet.html:0
[   98816ms] [ERROR] Attestation check for Shared Storage on https://www.googleadservices.com failed. @ https://www.googleadservices.com/pagead/managed/js/activeview/current/reach_worklet.html:0
[  100343ms] [ERROR] Attestation check for Shared Storage on https://www.googleadservices.com failed. @ https://www.googleadservices.com/pagead/managed/js/activeview/current/reach_worklet.html:0
[  106043ms] [ERROR] Attestation check for Shared Storage on https://www.googleadservices.com failed. @ https://www.googleadservices.com/pagead/managed/js/activeview/current/reach_worklet.html:0
[  109172ms] [ERROR] Attestation check for Shared Storage on https://www.googleadservices.com failed. @ https://www.googleadservices.com/pagead/managed/js/activeview/current/reach_worklet.html:0
[  124379ms] [ERROR] Attestation check for Shared Storage on https://www.googleadservices.com failed. @ https://www.googleadservices.com/pagead/managed/js/activeview/current/reach_worklet.html:0
[  124947ms] [ERROR] Attestation check for Shared Storage on https://www.googleadservices.com failed. @ https://www.googleadservices.com/pagead/managed/js/activeview/current/reach_worklet.html:0
[  138093ms] [ERROR] Attestation check for Shared Storage on https://www.googleadservices.com failed. @ https://www.googleadservices.com/pagead/managed/js/activeview/current/reach_worklet.html:0
[  140951ms] [ERROR] Attestation check for Shared Storage on https://www.googleadservices.com failed. @ https://www.googleadservices.com/pagead/managed/js/activeview/current/reach_worklet.html:0
[  145508ms] [ERROR] Attestation check for Shared Storage on https://www.googleadservices.com failed. @ https://www.googleadservices.com/pagead/managed/js/activeview/current/reach_worklet.html:0
[  149876ms] [ERROR] Attestation check for Shared Storage on https://www.googleadservices.com failed. @ https://www.googleadservices.com/pagead/managed/js/activeview/current/reach_worklet.html:0
[  155200ms] [ERROR] Attestation check for Shared Storage on https://www.googleadservices.com failed. @ https://www.googleadservices.com/pagead/managed/js/activeview/current/reach_worklet.html:0
[  157463ms] [ERROR] Attestation check for Shared Storage on https://www.googleadservices.com failed. @ https://www.googleadservices.com/pagead/managed/js/activeview/current/reach_worklet.html:0
[  160680ms] [ERROR] Attestation check for Shared Storage on https://www.googleadservices.com failed. @ https://www.googleadservices.com/pagead/managed/js/activeview/current/reach_worklet.html:0
[  163140ms] [ERROR] Attestation check for Shared Storage on https://www.googleadservices.com failed. @ https://www.googleadservices.com/pagead/managed/js/activeview/current/reach_worklet.html:0
[  166167ms] [ERROR] Attestation check for Shared Storage on https://www.googleadservices.com failed. @ https://www.googleadservices.com/pagead/managed/js/activeview/current/reach_worklet.html:0
[  168519ms] [ERROR] Attestation check for Shared Storage on https://www.googleadservices.com failed. @ https://www.googleadservices.com/pagead/managed/js/activeview/current/reach_worklet.html:0
[  170847ms] [ERROR] Attestation check for Shared Storage on https://www.googleadservices.com failed. @ https://www.googleadservices.com/pagead/managed/js/activeview/current/reach_worklet.html:0
[  173923ms] [ERROR] Attestation check for Shared Storage on https://www.googleadservices.com failed. @ https://www.googleadservices.com/pagead/managed/js/activeview/current/reach_worklet.html:0
[  177973ms] [ERROR] Attestation check for Shared Storage on https://www.googleadservices.com failed. @ https://www.googleadservices.com/pagead/managed/js/activeview/current/reach_worklet.html:0
[  180303ms] [ERROR] Attestation check for Shared Storage on https://www.googleadservices.com failed. @ https://www.googleadservices.com/pagead/managed/js/activeview/current/reach_worklet.html:0
[  188922ms] [ERROR] Attestation check for Shared Storage on https://www.googleadservices.com failed. @ https://www.googleadservices.com/pagead/managed/js/activeview/current/reach_worklet.html:0
[  193185ms] [ERROR] Attestation check for Shared Storage on https://www.googleadservices.com failed. @ https://www.googleadservices.com/pagead/managed/js/activeview/current/reach_worklet.html:0
[  194786ms] [ERROR] Attestation check for Shared Storage on https://www.googleadservices.com failed. @ https://www.googleadservices.com/pagead/managed/js/activeview/current/reach_worklet.html:0
[  200567ms] [ERROR] Attestation check for Shared Storage on https://www.googleadservices.com failed. @ https://www.googleadservices.com/pagead/managed/js/activeview/current/reach_worklet.html:0
[  201255ms] [ERROR] Attestation check for Shared Storage on https://www.googleadservices.com failed. @ https://www.googleadservices.com/pagead/managed/js/activeview/current/reach_worklet.html:0
[  209361ms] [ERROR] Attestation check for Shared Storage on https://www.googleadservices.com failed. @ https://www.googleadservices.com/pagead/managed/js/activeview/current/reach_worklet.html:0
[  213229ms] [ERROR] Attestation check for Shared Storage on https://www.googleadservices.com failed. @ https://www.googleadservices.com/pagead/managed/js/activeview/current/reach_worklet.html:0
[  214403ms] [ERROR] Attestation check for Shared Storage on https://www.googleadservices.com failed. @ https://www.googleadservices.com/pagead/managed/js/activeview/current/reach_worklet.html:0
[  222422ms] [ERROR] Attestation check for Shared Storage on https://www.googleadservices.com failed. @ https://www.googleadservices.com/pagead/managed/js/activeview/current/reach_worklet.html:0
[  229755ms] [ERROR] Attestation check for Shared Storage on https://www.googleadservices.com failed. @ https://www.googleadservices.com/pagead/managed/js/activeview/current/reach_worklet.html:0
[  236867ms] [ERROR] Attestation check for Shared Storage on https://www.googleadservices.com failed. @ https://www.googleadservices.com/pagead/managed/js/activeview/current/reach_worklet.html:0
[  239503ms] [ERROR] Attestation check for Shared Storage on https://www.googleadservices.com failed. @ https://www.googleadservices.com/pagead/managed/js/activeview/current/reach_worklet.html:0
[   78529ms] [ERROR] Attestation check for Shared Storage on https://www.googleadservices.com failed. @ https://www.googleadservices.com/pagead/managed/js/activeview/current/reach_worklet.html:0
[   80049ms] [ERROR] Attestation check for Shared Storage on https://www.googleadservices.com failed. @ https://www.googleadservices.com/pagead/managed/js/activeview/current/reach_worklet.html:0
[   84334ms] [ERROR] Attestation check for Shared Storage on https://www.googleadservices.com failed. @ https://www.googleadservices.com/pagead/managed/js/activeview/current/reach_worklet.html:0
[   86621ms] [ERROR] Attestation check for Shared Storage on https://www.googleadservices.com failed. @ https://www.googleadservices.com/pagead/managed/js/activeview/current/reach_worklet.html:0
[   88257ms] [ERROR] Attestation check for Shared Storage on https://www.googleadservices.com failed. @ https://www.googleadservices.com/pagead/managed/js/activeview/current/reach_worklet.html:0
[   91243ms] [ERROR] Attestation check for Shared Storage on https://www.googleadservices.com failed. @ https://www.googleadservices.com/pagead/managed/js/activeview/current/reach_worklet.html:0
[   97248ms] [ERROR] Attestation check for Shared Storage on https://www.googleadservices.com failed. @ https://www.googleadservices.com/pagead/managed/js/activeview/current/reach_worklet.html:0
[   98816ms] [ERROR] Attestation check for Shared Storage on https://www.googleadservices.com failed. @ https://www.googleadservices.com/pagead/managed/js/activeview/current/reach_worklet.html:0
[  100343ms] [ERROR] Attestation check for Shared Storage on https://www.googleadservices.com failed. @ https://www.googleadservices.com/pagead/managed/js/activeview/current/reach_worklet.html:0
[  106043ms] [ERROR] Attestation check for Shared Storage on https://www.googleadservices.com failed. @ https://www.googleadservices.com/pagead/managed/js/activeview/current/reach_worklet.html:0
[  109172ms] [ERROR] Attestation check for Shared Storage on https://www.googleadservices.com failed. @ https://www.googleadservices.com/pagead/managed/js/activeview/current/reach_worklet.html:0
[  124379ms] [ERROR] Attestation check for Shared Storage on https://www.googleadservices.com failed. @ https://www.googleadservices.com/pagead/managed/js/activeview/current/reach_worklet.html:0
[  124947ms] [ERROR] Attestation check for Shared Storage on https://www.googleadservices.com failed. @ https://www.googleadservices.com/pagead/managed/js/activeview/current/reach_worklet.html:0
[  138093ms] [ERROR] Attestation check for Shared Storage on https://www.googleadservices.com failed. @ https://www.googleadservices.com/pagead/managed/js/activeview/current/reach_worklet.html:0
[  140951ms] [ERROR] Attestation check for Shared Storage on https://www.googleadservices.com failed. @ https://www.googleadservices.com/pagead/managed/js/activeview/current/reach_worklet.html:0
[  145508ms] [ERROR] Attestation check for Shared Storage on https://www.googleadservices.com failed. @ https://www.googleadservices.com/pagead/managed/js/activeview/current/reach_worklet.html:0
[  149876ms] [ERROR] Attestation check for Shared Storage on https://www.googleadservices.com failed. @ https://www.googleadservices.com/pagead/managed/js/activeview/current/reach_worklet.html:0
[  155200ms] [ERROR] Attestation check for Shared Storage on https://www.googleadservices.com failed. @ https://www.googleadservices.com/pagead/managed/js/activeview/current/reach_worklet.html:0
[  157463ms] [ERROR] Attestation check for Shared Storage on https://www.googleadservices.com failed. @ https://www.googleadservices.com/pagead/managed/js/activeview/current/reach_worklet.html:0
[  160680ms] [ERROR] Attestation check for Shared Storage on https://www.googleadservices.com failed. @ https://www.googleadservices.com/pagead/managed/js/activeview/current/reach_worklet.html:0
[  163140ms] [ERROR] Attestation check for Shared Storage on https://www.googleadservices.com failed. @ https://www.googleadservices.com/pagead/managed/js/activeview/current/reach_worklet.html:0
[  166167ms] [ERROR] Attestation check for Shared Storage on https://www.googleadservices.com failed. @ https://www.googleadservices.com/pagead/managed/js/activeview/current/reach_worklet.html:0
[  168519ms] [ERROR] Attestation check for Shared Storage on https://www.googleadservices.com failed. @ https://www.googleadservices.com/pagead/managed/js/activeview/current/reach_worklet.html:0
[  170847ms] [ERROR] Attestation check for Shared Storage on https://www.googleadservices.com failed. @ https://www.googleadservices.com/pagead/managed/js/activeview/current/reach_worklet.html:0
[  173923ms] [ERROR] Attestation check for Shared Storage on https://www.googleadservices.com failed. @ https://www.googleadservices.com/pagead/managed/js/activeview/current/reach_worklet.html:0
[  177973ms] [ERROR] Attestation check for Shared Storage on https://www.googleadservices.com failed. @ https://www.googleadservices.com/pagead/managed/js/activeview/current/reach_worklet.html:0
[  180303ms] [ERROR] Attestation check for Shared Storage on https://www.googleadservices.com failed. @ https://www.googleadservices.com/pagead/managed/js/activeview/current/reach_worklet.html:0
[  188922ms] [ERROR] Attestation check for Shared Storage on https://www.googleadservices.com failed. @ https://www.googleadservices.com/pagead/managed/js/activeview/current/reach_worklet.html:0
[  193185ms] [ERROR] Attestation check for Shared Storage on https://www.googleadservices.com failed. @ https://www.googleadservices.com/pagead/managed/js/activeview/current/reach_worklet.html:0
[  194786ms] [ERROR] Attestation check for Shared Storage on https://www.googleadservices.com failed. @ https://www.googleadservices.com/pagead/managed/js/activeview/current/reach_worklet.html:0
[  200567ms] [ERROR] Attestation check for Shared Storage on https://www.googleadservices.com failed. @ https://www.googleadservices.com/pagead/managed/js/activeview/current/reach_worklet.html:0
[  201255ms] [ERROR] Attestation check for Shared Storage on https://www.googleadservices.com failed. @ https://www.googleadservices.com/pagead/managed/js/activeview/current/reach_worklet.html:0
[  209361ms] [ERROR] Attestation check for Shared Storage on https://www.googleadservices.com failed. @ https://www.googleadservices.com/pagead/managed/js/activeview/current/reach_worklet.html:0
[  213229ms] [ERROR] Attestation check for Shared Storage on https://www.googleadservices.com failed. @ https://www.googleadservices.com/pagead/managed/js/activeview/current/reach_worklet.html:0
[  214403ms] [ERROR] Attestation check for Shared Storage on https://www.googleadservices.com failed. @ https://www.googleadservices.com/pagead/managed/js/activeview/current/reach_worklet.html:0
[  222422ms] [ERROR] Attestation check for Shared Storage on https://www.googleadservices.com failed. @ https://www.googleadservices.com/pagead/managed/js/activeview/current/reach_worklet.html:0
[  229755ms] [ERROR] Attestation check for Shared Storage on https://www.googleadservices.com failed. @ https://www.googleadservices.com/pagead/managed/js/activeview/current/reach_worklet.html:0
[  236867ms] [ERROR] Attestation check for Shared Storage on https://www.googleadservices.com failed. @ https://www.googleadservices.com/pagead/managed/js/activeview/current/reach_worklet.html:0
[  239503ms] [ERROR] Attestation check for Shared Storage on https://www.googleadservices.com failed. @ https://www.googleadservices.com/pagead/managed/js/activeview/current/reach_worklet.html:0
[   85754ms] [ERROR] Failed to load resource: net::ERR_NAME_NOT_RESOLVED @ https://cookie-sync.api.soundcast.fm/v1/esync?url=https%3A%2F%2Fcm.g.doubleclick.net%2Fpixel%3Fgoogle_nid%3Dsoundcast_dbm%26google_hm%3D%24UID&gdpr=0:0
[  243389ms] [ERROR] Attestation check for Shared Storage on https://www.googleadservices.com failed. @ https://www.googleadservices.com/pagead/managed/js/activeview/current/reach_worklet.html:0
[   78529ms] [ERROR] Attestation check for Shared Storage on https://www.googleadservices.com failed. @ https://www.googleadservices.com/pagead/managed/js/activeview/current/reach_worklet.html:0
[   80049ms] [ERROR] Attestation check for Shared Storage on https://www.googleadservices.com failed. @ https://www.googleadservices.com/pagead/managed/js/activeview/current/reach_worklet.html:0
[   84334ms] [ERROR] Attestation check for Shared Storage on https://www.googleadservices.com failed. @ https://www.googleadservices.com/pagead/managed/js/activeview/current/reach_worklet.html:0
[   86621ms] [ERROR] Attestation check for Shared Storage on https://www.googleadservices.com failed. @ https://www.googleadservices.com/pagead/managed/js/activeview/current/reach_worklet.html:0
[   88257ms] [ERROR] Attestation check for Shared Storage on https://www.googleadservices.com failed. @ https://www.googleadservices.com/pagead/managed/js/activeview/current/reach_worklet.html:0
[   91243ms] [ERROR] Attestation check for Shared Storage on https://www.googleadservices.com failed. @ https://www.googleadservices.com/pagead/managed/js/activeview/current/reach_worklet.html:0
[   97248ms] [ERROR] Attestation check for Shared Storage on https://www.googleadservices.com failed. @ https://www.googleadservices.com/pagead/managed/js/activeview/current/reach_worklet.html:0
[   98816ms] [ERROR] Attestation check for Shared Storage on https://www.googleadservices.com failed. @ https://www.googleadservices.com/pagead/managed/js/activeview/current/reach_worklet.html:0
[  100343ms] [ERROR] Attestation check for Shared Storage on https://www.googleadservices.com failed. @ https://www.googleadservices.com/pagead/managed/js/activeview/current/reach_worklet.html:0
[  106043ms] [ERROR] Attestation check for Shared Storage on https://www.googleadservices.com failed. @ https://www.googleadservices.com/pagead/managed/js/activeview/current/reach_worklet.html:0
[  109172ms] [ERROR] Attestation check for Shared Storage on https://www.googleadservices.com failed. @ https://www.googleadservices.com/pagead/managed/js/activeview/current/reach_worklet.html:0
[  124379ms] [ERROR] Attestation check for Shared Storage on https://www.googleadservices.com failed. @ https://www.googleadservices.com/pagead/managed/js/activeview/current/reach_worklet.html:0
[  124947ms] [ERROR] Attestation check for Shared Storage on https://www.googleadservices.com failed. @ https://www.googleadservices.com/pagead/managed/js/activeview/current/reach_worklet.html:0
[  138093ms] [ERROR] Attestation check for Shared Storage on https://www.googleadservices.com failed. @ https://www.googleadservices.com/pagead/managed/js/activeview/current/reach_worklet.html:0
[  140951ms] [ERROR] Attestation check for Shared Storage on https://www.googleadservices.com failed. @ https://www.googleadservices.com/pagead/managed/js/activeview/current/reach_worklet.html:0
[  145508ms] [ERROR] Attestation check for Shared Storage on https://www.googleadservices.com failed. @ https://www.googleadservices.com/pagead/managed/js/activeview/current/reach_worklet.html:0
[  149876ms] [ERROR] Attestation check for Shared Storage on https://www.googleadservices.com failed. @ https://www.googleadservices.com/pagead/managed/js/activeview/current/reach_worklet.html:0
[  155200ms] [ERROR] Attestation check for Shared Storage on https://www.googleadservices.com failed. @ https://www.googleadservices.com/pagead/managed/js/activeview/current/reach_worklet.html:0
[  157463ms] [ERROR] Attestation check for Shared Storage on https://www.googleadservices.com failed. @ https://www.googleadservices.com/pagead/managed/js/activeview/current/reach_worklet.html:0
[  160680ms] [ERROR] Attestation check for Shared Storage on https://www.googleadservices.com failed. @ https://www.googleadservices.com/pagead/managed/js/activeview/current/reach_worklet.html:0
[  163140ms] [ERROR] Attestation check for Shared Storage on https://www.googleadservices.com failed. @ https://www.googleadservices.com/pagead/managed/js/activeview/current/reach_worklet.html:0
[  166167ms] [ERROR] Attestation check for Shared Storage on https://www.googleadservices.com failed. @ https://www.googleadservices.com/pagead/managed/js/activeview/current/reach_worklet.html:0
[  168519ms] [ERROR] Attestation check for Shared Storage on https://www.googleadservices.com failed. @ https://www.googleadservices.com/pagead/managed/js/activeview/current/reach_worklet.html:0
[  170847ms] [ERROR] Attestation check for Shared Storage on https://www.googleadservices.com failed. @ https://www.googleadservices.com/pagead/managed/js/activeview/current/reach_worklet.html:0
[  173923ms] [ERROR] Attestation check for Shared Storage on https://www.googleadservices.com failed. @ https://www.googleadservices.com/pagead/managed/js/activeview/current/reach_worklet.html:0
[  177973ms] [ERROR] Attestation check for Shared Storage on https://www.googleadservices.com failed. @ https://www.googleadservices.com/pagead/managed/js/activeview/current/reach_worklet.html:0
[  180303ms] [ERROR] Attestation check for Shared Storage on https://www.googleadservices.com failed. @ https://www.googleadservices.com/pagead/managed/js/activeview/current/reach_worklet.html:0
[  188922ms] [ERROR] Attestation check for Shared Storage on https://www.googleadservices.com failed. @ https://www.googleadservices.com/pagead/managed/js/activeview/current/reach_worklet.html:0
[  193185ms] [ERROR] Attestation check for Shared Storage on https://www.googleadservices.com failed. @ https://www.googleadservices.com/pagead/managed/js/activeview/current/reach_worklet.html:0
[  194786ms] [ERROR] Attestation check for Shared Storage on https://www.googleadservices.com failed. @ https://www.googleadservices.com/pagead/managed/js/activeview/current/reach_worklet.html:0
[  200567ms] [ERROR] Attestation check for Shared Storage on https://www.googleadservices.com failed. @ https://www.googleadservices.com/pagead/managed/js/activeview/current/reach_worklet.html:0
[  201255ms] [ERROR] Attestation check for Shared Storage on https://www.googleadservices.com failed. @ https://www.googleadservices.com/pagead/managed/js/activeview/current/reach_worklet.html:0
[  209361ms] [ERROR] Attestation check for Shared Storage on https://www.googleadservices.com failed. @ https://www.googleadservices.com/pagead/managed/js/activeview/current/reach_worklet.html:0
[  213229ms] [ERROR] Attestation check for Shared Storage on https://www.googleadservices.com failed. @ https://www.googleadservices.com/pagead/managed/js/activeview/current/reach_worklet.html:0
[  214403ms] [ERROR] Attestation check for Shared Storage on https://www.googleadservices.com failed. @ https://www.googleadservices.com/pagead/managed/js/activeview/current/reach_worklet.html:0
[  222422ms] [ERROR] Attestation check for Shared Storage on https://www.googleadservices.com failed. @ https://www.googleadservices.com/pagead/managed/js/activeview/current/reach_worklet.html:0
[  229755ms] [ERROR] Attestation check for Shared Storage on https://www.googleadservices.com failed. @ https://www.googleadservices.com/pagead/managed/js/activeview/current/reach_worklet.html:0
[  236867ms] [ERROR] Attestation check for Shared Storage on https://www.googleadservices.com failed. @ https://www.googleadservices.com/pagead/managed/js/activeview/current/reach_worklet.html:0
[  239503ms] [ERROR] Attestation check for Shared Storage on https://www.googleadservices.com failed. @ https://www.googleadservices.com/pagead/managed/js/activeview/current/reach_worklet.html:0
[  243389ms] [ERROR] Attestation check for Shared Storage on https://www.googleadservices.com failed. @ https://www.googleadservices.com/pagead/managed/js/activeview/current/reach_worklet.html:0
[   79622ms] [ERROR] Failed to load resource: net::ERR_CONNECTION_CLOSED @ https://pxl.iqm.com/i/ck/mnet?cid=4263714045655984000V10&gdpr=0&gdpr_consent=&gpp_string=&gpp_sid=&redirect=https%3A%2F%2Fcs.media.net%2Fcksync%3Fcs%3D3%26type%3Diqm%26ovsid%3D%7B%24PARTNER_UID%7D&cs=9:0
[  118465ms] [ERROR] Failed to load resource: net::ERR_CONNECTION_CLOSED @ https://pxl.iqm.com/i/ck/mnet?cid=4263714045655984000V10&gdpr=0&gdpr_consent=&gpp_string=&gpp_sid=&redirect=https%3A%2F%2Fcs.media.net%2Fcksync%3Fcs%3D3%26type%3Diqm%26ovsid%3D%7B%24PARTNER_UID%7D&cs=9:0
[  143792ms] [ERROR] Failed to load resource: net::ERR_CONNECTION_RESET @ https://pxl.iqm.com/i/ck/mnet?cid=4263714045655984000V10&gdpr=0&gdpr_consent=&gpp_string=&gpp_sid=&redirect=https%3A%2F%2Fcs.media.net%2Fcksync%3Fcs%3D3%26type%3Diqm%26ovsid%3D%7B%24PARTNER_UID%7D&cs=9:0
[  159452ms] [ERROR] Failed to load resource: net::ERR_EMPTY_RESPONSE @ https://pxl.iqm.com/i/ck/mnet?cid=4263714045655984000V10&gdpr=0&gdpr_consent=&gpp_string=&gpp_sid=&redirect=https%3A%2F%2Fcs.media.net%2Fcksync%3Fcs%3D3%26type%3Diqm%26ovsid%3D%7B%24PARTNER_UID%7D&cs=9:0
[  187375ms] [ERROR] Failed to load resource: net::ERR_CONNECTION_CLOSED @ https://pxl.iqm.com/i/ck/mnet?cid=4263714045655984000V10&gdpr=0&gdpr_consent=&gpp_string=&gpp_sid=&redirect=https%3A%2F%2Fcs.media.net%2Fcksync%3Fcs%3D3%26type%3Diqm%26ovsid%3D%7B%24PARTNER_UID%7D&cs=25:0
[  199476ms] [ERROR] Failed to load resource: net::ERR_CONNECTION_CLOSED @ https://pxl.iqm.com/i/ck/mnet?cid=4263714045655984000V10&gdpr=0&gdpr_consent=&gpp_string=&gpp_sid=&redirect=https%3A%2F%2Fcs.media.net%2Fcksync%3Fcs%3D3%26type%3Diqm%26ovsid%3D%7B%24PARTNER_UID%7D&cs=9:0
[  248107ms] [ERROR] Failed to load resource: net::ERR_SOCKET_NOT_CONNECTED @ https://a5299.casalemedia.com/impression/v2/970661/64/d9613ke5fkmc1lbqfbog/a22c290c-95ad-4e40-be42-12e8ae3a1961?verifieD=1&userID=akwQUdHM7mkANglJAfwnPQAA&cmpro=6180&deviceType=2&expiryTime=1783373794&profileIDs=&creativeID=3a92165&pubID=195671&format=video&channel=site&ee=3D:0
[  249294ms] [ERROR] Attestation check for Shared Storage on https://www.googleadservices.com failed. @ https://www.googleadservices.com/pagead/managed/js/activeview/current/reach_worklet.html:0
[  249502ms] [ERROR] Failed to load resource: net::ERR_CONNECTION_RESET @ https://pxl.iqm.com/i/ck/mnet?cid=4263714045655984000V10&gdpr=0&gdpr_consent=&gpp_string=&gpp_sid=&redirect=https%3A%2F%2Fcs.media.net%2Fcksync%3Fcs%3D3%26type%3Diqm%26ovsid%3D%7B%24PARTNER_UID%7D&cs=9:0
[   85754ms] [ERROR] Failed to load resource: net::ERR_NAME_NOT_RESOLVED @ https://cookie-sync.api.soundcast.fm/v1/esync?url=https%3A%2F%2Fcm.g.doubleclick.net%2Fpixel%3Fgoogle_nid%3Dsoundcast_dbm%26google_hm%3D%24UID&gdpr=0:0
[  250342ms] [ERROR] Access to fetch at 'https://pbsj-us-east.bricks-co.com/openrtb2/auction' from origin 'https://www.w3schools.com' has been blocked by CORS policy: No 'Access-Control-Allow-Origin' header is present on the requested resource. @ https://www.w3schools.com/colors/colors_hsl.asp?color=hsl(195,%201,%200.5):0
[  250342ms] [ERROR] Failed to load resource: net::ERR_FAILED @ https://pbsj-us-east.bricks-co.com/openrtb2/auction:0
[   78529ms] [ERROR] Attestation check for Shared Storage on https://www.googleadservices.com failed. @ https://www.googleadservices.com/pagead/managed/js/activeview/current/reach_worklet.html:0
[   80049ms] [ERROR] Attestation check for Shared Storage on https://www.googleadservices.com failed. @ https://www.googleadservices.com/pagead/managed/js/activeview/current/reach_worklet.html:0
[   84334ms] [ERROR] Attestation check for Shared Storage on https://www.googleadservices.com failed. @ https://www.googleadservices.com/pagead/managed/js/activeview/current/reach_worklet.html:0
[   86621ms] [ERROR] Attestation check for Shared Storage on https://www.googleadservices.com failed. @ https://www.googleadservices.com/pagead/managed/js/activeview/current/reach_worklet.html:0
[   88257ms] [ERROR] Attestation check for Shared Storage on https://www.googleadservices.com failed. @ https://www.googleadservices.com/pagead/managed/js/activeview/current/reach_worklet.html:0
[   91243ms] [ERROR] Attestation check for Shared Storage on https://www.googleadservices.com failed. @ https://www.googleadservices.com/pagead/managed/js/activeview/current/reach_worklet.html:0
[   97248ms] [ERROR] Attestation check for Shared Storage on https://www.googleadservices.com failed. @ https://www.googleadservices.com/pagead/managed/js/activeview/current/reach_worklet.html:0
[   98816ms] [ERROR] Attestation check for Shared Storage on https://www.googleadservices.com failed. @ https://www.googleadservices.com/pagead/managed/js/activeview/current/reach_worklet.html:0
[  100343ms] [ERROR] Attestation check for Shared Storage on https://www.googleadservices.com failed. @ https://www.googleadservices.com/pagead/managed/js/activeview/current/reach_worklet.html:0
[  106043ms] [ERROR] Attestation check for Shared Storage on https://www.googleadservices.com failed. @ https://www.googleadservices.com/pagead/managed/js/activeview/current/reach_worklet.html:0
[  109172ms] [ERROR] Attestation check for Shared Storage on https://www.googleadservices.com failed. @ https://www.googleadservices.com/pagead/managed/js/activeview/current/reach_worklet.html:0
[  124379ms] [ERROR] Attestation check for Shared Storage on https://www.googleadservices.com failed. @ https://www.googleadservices.com/pagead/managed/js/activeview/current/reach_worklet.html:0
[  124947ms] [ERROR] Attestation check for Shared Storage on https://www.googleadservices.com failed. @ https://www.googleadservices.com/pagead/managed/js/activeview/current/reach_worklet.html:0
[  138093ms] [ERROR] Attestation check for Shared Storage on https://www.googleadservices.com failed. @ https://www.googleadservices.com/pagead/managed/js/activeview/current/reach_worklet.html:0
[  140951ms] [ERROR] Attestation check for Shared Storage on https://www.googleadservices.com failed. @ https://www.googleadservices.com/pagead/managed/js/activeview/current/reach_worklet.html:0
[  145508ms] [ERROR] Attestation check for Shared Storage on https://www.googleadservices.com failed. @ https://www.googleadservices.com/pagead/managed/js/activeview/current/reach_worklet.html:0
[  149876ms] [ERROR] Attestation check for Shared Storage on https://www.googleadservices.com failed. @ https://www.googleadservices.com/pagead/managed/js/activeview/current/reach_worklet.html:0
[  155200ms] [ERROR] Attestation check for Shared Storage on https://www.googleadservices.com failed. @ https://www.googleadservices.com/pagead/managed/js/activeview/current/reach_worklet.html:0
[  157463ms] [ERROR] Attestation check for Shared Storage on https://www.googleadservices.com failed. @ https://www.googleadservices.com/pagead/managed/js/activeview/current/reach_worklet.html:0
[  160680ms] [ERROR] Attestation check for Shared Storage on https://www.googleadservices.com failed. @ https://www.googleadservices.com/pagead/managed/js/activeview/current/reach_worklet.html:0
[  163140ms] [ERROR] Attestation check for Shared Storage on https://www.googleadservices.com failed. @ https://www.googleadservices.com/pagead/managed/js/activeview/current/reach_worklet.html:0
[  166167ms] [ERROR] Attestation check for Shared Storage on https://www.googleadservices.com failed. @ https://www.googleadservices.com/pagead/managed/js/activeview/current/reach_worklet.html:0
[  168519ms] [ERROR] Attestation check for Shared Storage on https://www.googleadservices.com failed. @ https://www.googleadservices.com/pagead/managed/js/activeview/current/reach_worklet.html:0
[  170847ms] [ERROR] Attestation check for Shared Storage on https://www.googleadservices.com failed. @ https://www.googleadservices.com/pagead/managed/js/activeview/current/reach_worklet.html:0
[  173923ms] [ERROR] Attestation check for Shared Storage on https://www.googleadservices.com failed. @ https://www.googleadservices.com/pagead/managed/js/activeview/current/reach_worklet.html:0
[  177973ms] [ERROR] Attestation check for Shared Storage on https://www.googleadservices.com failed. @ https://www.googleadservices.com/pagead/managed/js/activeview/current/reach_worklet.html:0
[  180303ms] [ERROR] Attestation check for Shared Storage on https://www.googleadservices.com failed. @ https://www.googleadservices.com/pagead/managed/js/activeview/current/reach_worklet.html:0
[  188922ms] [ERROR] Attestation check for Shared Storage on https://www.googleadservices.com failed. @ https://www.googleadservices.com/pagead/managed/js/activeview/current/reach_worklet.html:0
[  193185ms] [ERROR] Attestation check for Shared Storage on https://www.googleadservices.com failed. @ https://www.googleadservices.com/pagead/managed/js/activeview/current/reach_worklet.html:0
[  194786ms] [ERROR] Attestation check for Shared Storage on https://www.googleadservices.com failed. @ https://www.googleadservices.com/pagead/managed/js/activeview/current/reach_worklet.html:0
[  200567ms] [ERROR] Attestation check for Shared Storage on https://www.googleadservices.com failed. @ https://www.googleadservices.com/pagead/managed/js/activeview/current/reach_worklet.html:0
[  201255ms] [ERROR] Attestation check for Shared Storage on https://www.googleadservices.com failed. @ https://www.googleadservices.com/pagead/managed/js/activeview/current/reach_worklet.html:0
[  209361ms] [ERROR] Attestation check for Shared Storage on https://www.googleadservices.com failed. @ https://www.googleadservices.com/pagead/managed/js/activeview/current/reach_worklet.html:0
[  213229ms] [ERROR] Attestation check for Shared Storage on https://www.googleadservices.com failed. @ https://www.googleadservices.com/pagead/managed/js/activeview/current/reach_worklet.html:0
[  214403ms] [ERROR] Attestation check for Shared Storage on https://www.googleadservices.com failed. @ https://www.googleadservices.com/pagead/managed/js/activeview/current/reach_worklet.html:0
[  222422ms] [ERROR] Attestation check for Shared Storage on https://www.googleadservices.com failed. @ https://www.googleadservices.com/pagead/managed/js/activeview/current/reach_worklet.html:0
[  229755ms] [ERROR] Attestation check for Shared Storage on https://www.googleadservices.com failed. @ https://www.googleadservices.com/pagead/managed/js/activeview/current/reach_worklet.html:0
[  236867ms] [ERROR] Attestation check for Shared Storage on https://www.googleadservices.com failed. @ https://www.googleadservices.com/pagead/managed/js/activeview/current/reach_worklet.html:0
[  239503ms] [ERROR] Attestation check for Shared Storage on https://www.googleadservices.com failed. @ https://www.googleadservices.com/pagead/managed/js/activeview/current/reach_worklet.html:0
[  243389ms] [ERROR] Attestation check for Shared Storage on https://www.googleadservices.com failed. @ https://www.googleadservices.com/pagead/managed/js/activeview/current/reach_worklet.html:0
[  249294ms] [ERROR] Attestation check for Shared Storage on https://www.googleadservices.com failed. @ https://www.googleadservices.com/pagead/managed/js/activeview/current/reach_worklet.html:0
[  251253ms] [ERROR] Attestation check for Shared Storage on https://www.googleadservices.com failed. @ https://www.googleadservices.com/pagead/managed/js/activeview/current/reach_worklet.html:0
[  252226ms] [ERROR] Access to fetch at 'https://pbsj-us-east.bricks-co.com/openrtb2/auction' from origin 'https://www.w3schools.com' has been blocked by CORS policy: No 'Access-Control-Allow-Origin' header is present on the requested resource. @ https://www.w3schools.com/colors/colors_hsl.asp?color=hsl(195,%201,%200.5):0
[  252226ms] [ERROR] Failed to load resource: net::ERR_FAILED @ https://pbsj-us-east.bricks-co.com/openrtb2/auction:0
[  252823ms] [WARNING] An iframe which has both allow-scripts and allow-same-origin for its sandbox attribute can escape its sandboxing. @ https://www.flashb.id/assets/js/hbdbrk_fef0c8b2caedfb449c01_m.js:0
[  253471ms] [WARNING] An iframe which has both allow-scripts and allow-same-origin for its sandbox attribute can escape its sandboxing. @ https://www.flashb.id/assets/js/hbdbrk_fef0c8b2caedfb449c01_m.js:0
[  254891ms] [ERROR] Access to fetch at 'https://pbsj-us-east.bricks-co.com/openrtb2/auction' from origin 'https://www.w3schools.com' has been blocked by CORS policy: No 'Access-Control-Allow-Origin' header is present on the requested resource. @ https://www.w3schools.com/colors/colors_hsl.asp?color=hsl(195,%201,%200.5):0
[  254892ms] [ERROR] Failed to load resource: net::ERR_FAILED @ https://pbsj-us-east.bricks-co.com/openrtb2/auction:0
[  256450ms] Failed to read a named property 'document' from 'Window': Blocked a frame with origin "https://lax1-ib.adnxs.com" from accessing a frame with origin "https://srv.flashb.id". Protocols, domains, and ports must match.
[   91223ms] [ERROR] Failed to load resource: net::ERR_CONNECTION_CLOSED @ https://sync.connectad.io/umatch/1?dataid=data17&uuid=RX-9ec1288d-a6be-4e05-a575-925bfbfcec30-005&us_privacy=1---&rndcb=359565001:0
[   91839ms] [ERROR] Failed to load resource: the server responded with a status of 400 () @ https://cm.mgid.com/m?cdsp=433142&c=RX-9ec1288d-a6be-4e05-a575-925bfbfcec30-005&us_privacy=1---&rndcb=3460803040:0
[   92364ms] [ERROR] Failed to load resource: net::ERR_CONNECTION_CLOSED @ https://csync.smilewanted.com/set_partner_userid_get/unruly/RX-9ec1288d-a6be-4e05-a575-925bfbfcec30-005?us_privacy=1---&rndcb=8477261241:0
[   92377ms] [ERROR] Failed to load resource: the server responded with a status of 400 (Bad Request) @ https://sync.adkernel.com/user-sync?dsp=11&t=image&uid=RX-9ec1288d-a6be-4e05-a575-925bfbfcec30-005&us_privacy=1---&rndcb=4809021070:0
[   92394ms] [ERROR] Failed to load resource: net::ERR_SOCKET_NOT_CONNECTED @ https://csync.loopme.me/?partner_id=2259&vt=RX-9ec1288d-a6be-4e05-a575-925bfbfcec30-005&us_privacy=1---&rndcb=3695539100:0
[   93148ms] [ERROR] Failed to load resource: the server responded with a status of 404 () @ https://cs.admanmedia.com/cbaf91328596cd8e6c6aac070d7c695b.gif?puid=[UID]&redir=[RED]&gdpr=[GDPR]&gdpr_consent=[GDPR_CONSENT]&ccpa=[CCPA]&coppa=[COPPA]&us_privacy=1---&rndcb=1210572107:0
[   93344ms] [ERROR] Failed to load resource: the server responded with a status of 400 () @ https://match.prod.bidr.io/cookie-sync/ro?us_privacy=1---&rndcb=1144717434:0
[   95954ms] [ERROR] Failed to load resource: net::ERR_SOCKET_NOT_CONNECTED @ https://csync.loopme.me/?redirect=https%3A%2F%2Fsync.1rx.io%2Fusersync3%2Floopme%2F%2F%7Bdevice_id%7D%3Fzcc%3D0%26sspret%3D1%26us_privacy%3D1---&pubid=9718&us_privacy=1---&rndcb=2088199819:0
[   97727ms] [ERROR] Failed to load resource: net::ERR_NAME_NOT_RESOLVED @ https://tracker.pre.vr-tb.com/sync?id=3&uid=RX-9ec1288d-a6be-4e05-a575-925bfbfcec30-005&us_privacy=1---&rndcb=5500735770:0
[   98194ms] [ERROR] Failed to load resource: net::ERR_NAME_NOT_RESOLVED @ https://cs.iqzone.com/cd7df7742ce9820014dceb9d36ea934e.gif?puid=RX-9ec1288d-a6be-4e05-a575-925bfbfcec30-005&us_privacy=1---&rndcb=4646964125:0
[   99759ms] [ERROR] Failed to load resource: net::ERR_NAME_NOT_RESOLVED @ https://x.fidelity-media.com/match.php?dsp=RHTMKUB&uid=RX-9ec1288d-a6be-4e05-a575-925bfbfcec30-005&us_privacy=1---&rndcb=5875170170:0
[   99759ms] [ERROR] Failed to load resource: the server responded with a status of 401 () @ https://sync.ex.co/v1/setuid/copper6/?gdpr=[GDPR]&gdpr_consent=[GDPR_CONSENT]&gpp=[GPP]&gpp_sid=[GPP_SID]&uid=8b40d63c-9b6e-4ae4-8015-10ac1a43d577:0
[   99760ms] [ERROR] Failed to load resource: the server responded with a status of 400 () @ https://cm.mgid.com/m?cdsp=834161&c=RX-9ec1288d-a6be-4e05-a575-925bfbfcec30-005&us_privacy=1---&rndcb=6837296067:0
[   99799ms] [ERROR] Failed to load resource: the server responded with a status of 404 () @ https://match.justpremium.com/match/un?rid=r-4111cedb-72e5-4a0d-8cbd-4b6c3882923c-1687-778229178&jp_uid=lk2-um-bfeb8f08-96fa-4da8-b070-7171050cd12e-1613989936&ex_uid=RX-9ec1288d-a6be-4e05-a575-925bfbfcec30-005&us_privacy=1---&rndcb=6755002177:0
[   99963ms] [ERROR] Failed to load resource: the server responded with a status of 400 () @ https://mfx.mobilefuse.com/setuid?pid=unr&uid=RX-9ec1288d-a6be-4e05-a575-925bfbfcec30-005&us_privacy=1---&rndcb=3485535791:0
[   99983ms] [ERROR] Failed to load resource: net::ERR_NAME_NOT_RESOLVED @ https://sync.spotim.market/csync?t=a&ep=708476&extuid=RX-9ec1288d-a6be-4e05-a575-925bfbfcec30-005&us_privacy=1---&rndcb=2790323897:0
[  101251ms] [ERROR] Failed to load resource: net::ERR_NAME_NOT_RESOLVED @ https://sync.pubwise.io/usersync/unrulydspctv/RX-9ec1288d-a6be-4e05-a575-925bfbfcec30-005?us_privacy=1---&rndcb=431564914:0
[  104426ms] [ERROR] Failed to load resource: net::ERR_TOO_MANY_REDIRECTS @ https://sync-ssp.adsmovil.com/25272641f0ca28f71a7ea277c4985249.gif?puid=2648036472040787691&redir=https%3A%2F%2Fssbsync.smartadserver.com%2Fapi%2Fsync%3FcallerId%3D301&gdpr=0&gdpr_consent=:0
[  104567ms] [ERROR] Failed to load resource: net::ERR_CERT_COMMON_NAME_INVALID @ https://sync.programmaticx.ai/api/cookie?partnerId=progx-unruly&userId=RX-9ec1288d-a6be-4e05-a575-925bfbfcec30-005&us_privacy=1---&rndcb=1162585388:0
[  109092ms] [ERROR] Failed to load resource: net::ERR_TOO_MANY_REDIRECTS @ https://cs.pgammedia.com/bf4103da5f0fb6ae0166419ea1a784aa.gif?gdpr=$$[GDPR]&gdpr_consent=$$[GDPR_CONSENT]&us_privacy=$[CCPA]&uid=$5e8b229a-39dc-4495-8c54-0b4c4d198901&cookie_age=$[COOKIE_AGE]:0
[  109104ms] [ERROR] Failed to load resource: net::ERR_NAME_NOT_RESOLVED @ https://tracker.ortb.vuukle.com/sync?id=35&uid=RX-9ec1288d-a6be-4e05-a575-925bfbfcec30-005&us_privacy=1---&rndcb=4007536479:0
[  109111ms] [ERROR] Failed to load resource: net::ERR_NAME_NOT_RESOLVED @ https://hb.yahoo.net/cksync.php?cs=1&type=56551&ovsid=RX-9ec1288d-a6be-4e05-a575-925bfbfcec30-005&us_privacy=1---&rndcb=1521567313:0
[  109119ms] [ERROR] Failed to load resource: net::ERR_NAME_NOT_RESOLVED @ https://cs.iqzone.com/dad9a774fb4631ad27a2b1e349bf882f.gif?puid=[UID]&redir=[RED]&gdpr=[GDPR]&gdpr_consent=[GDPR_CONSENT]&ccpa=[CCPA]&coppa=[COPPA]&us_privacy=1---&rndcb=5043859670:0
[  109119ms] [ERROR] Failed to load resource: net::ERR_NAME_NOT_RESOLVED @ https://cs.iqzone.com/dad9a774fb4631ad27a2b1e349bf882f.gif?puid=[UID]&redir=[RED]&gdpr=[GDPR]&gdpr_consent=[GDPR_CONSENT]&ccpa=[CCPA]&coppa=[COPPA]&us_privacy=1---&rndcb=743145145:0
[  109760ms] [ERROR] Failed to load resource: net::ERR_NAME_NOT_RESOLVED @ https://tracker-zmd.ortb.net/sync.html?us_privacy=1---&rndcb=1645288100:0
[  109761ms] [ERROR] Failed to load resource: the server responded with a status of 400 (Bad Request) @ https://sync.adkernel.com/user-sync?zone=83074&r=https%3A%2F%2Fsync.1rx.io%2Fusersync3%2Fyieldnexus%2F%2F%7BUID%7D%3Fzcc%3D0%26sspret%3D1%26us_privacy%3D1---&us_privacy=1---&rndcb=2924073219:0
[  109762ms] [ERROR] Failed to load resource: the server responded with a status of 400 (Bad Request) @ https://sync.adkernel.com/user-sync?zone=42861&r=https%3A%2F%2Fsync.1rx.io%2Fusersync3%2Fnativeads%2F%2F%7BUID%7D%3Fzcc%3D0%26sspret%3D1%26us_privacy%3D1---&us_privacy=1---&rndcb=4133114690:0
[  109764ms] [ERROR] Failed to load resource: the server responded with a status of 404 (Not Found) @ https://us.shb-sync.com/70d23a5f-6400-4661-9a33-825cbc2d2a1a.gif?puid=RX-9ec1288d-a6be-4e05-a575-925bfbfcec30-005&redir=[RED]&gdpr=[GDPR]&gdpr_consent=[GDPR_CONSENT]&ccpa=[CCPA]&us_privacy=1---&rndcb=2797034035:0
[  113738ms] [ERROR] Failed to load resource: net::ERR_NAME_NOT_RESOLVED @ https://visitor-gen01.omnitagjs.com/visitor/bsync?uid=5183beddfca39cdc784820fdf854594d&name=gen01&url=https%3A%2F%2Fpbjs.rbstsystems.live%2Fsync_proceed%3Fbn%3Dseat_218%26brk%3D0%26brk2%3D0%26us_privacy%3D%252C%26gdpr%3D%26gdpr_consent%3D%252C%26u%3DPARTNER_USER_ID:0
[  114192ms] [ERROR] Failed to load resource: net::ERR_TOO_MANY_REDIRECTS @ https://sync.intentiq.com/profiles_engine/ProfilesEngineServlet?at=20&dpi=1357991113&mi=10&csh=793790479;1486637409;259151345;1868283820;396218182;1207058874&rnd=816938424&pcid=4263714045655984000V10:0
[  127473ms] [ERROR] Failed to load resource: net::ERR_TIMED_OUT @ https://ittpx.eskimi.com/sync?dp_id=170&user_id=RX-9ec1288d-a6be-4e05-a575-925bfbfcec30-005&us_privacy=1---&rndcb=5712487485:0
[  165754ms] [ERROR] Failed to load resource: net::ERR_CONNECTION_TIMED_OUT @ https://cookie.360playvid.com/e14743b15a44763f7d074962a0ede981.gif?puid=RX-9ec1288d-a6be-4e05-a575-925bfbfcec30-005&us_privacy=1---&rndcb=1023525675:0
[  184022ms] [ERROR] Failed to load resource: net::ERR_CONNECTION_TIMED_OUT @ https://rp.gwallet.com/r1/cm/p121?uuid=RX-9ec1288d-a6be-4e05-a575-925bfbfcec30-005&us_privacy=1---&rndcb=3867747032:0
[  186195ms] [ERROR] Failed to load resource: net::ERR_CONNECTION_TIMED_OUT @ https://ads.stickyadstv.com/user-registering?dataProviderId=1570&userId=RX-9ec1288d-a6be-4e05-a575-925bfbfcec30-005&us_privacy=1---&rndcb=7416659682:0
[   91223ms] [ERROR] Failed to load resource: net::ERR_CONNECTION_CLOSED @ https://sync.connectad.io/umatch/1?dataid=data17&uuid=RX-9ec1288d-a6be-4e05-a575-925bfbfcec30-005&us_privacy=1---&rndcb=359565001:0
[   91839ms] [ERROR] Failed to load resource: the server responded with a status of 400 () @ https://cm.mgid.com/m?cdsp=433142&c=RX-9ec1288d-a6be-4e05-a575-925bfbfcec30-005&us_privacy=1---&rndcb=3460803040:0
[   92364ms] [ERROR] Failed to load resource: net::ERR_CONNECTION_CLOSED @ https://csync.smilewanted.com/set_partner_userid_get/unruly/RX-9ec1288d-a6be-4e05-a575-925bfbfcec30-005?us_privacy=1---&rndcb=8477261241:0
[   92377ms] [ERROR] Failed to load resource: the server responded with a status of 400 (Bad Request) @ https://sync.adkernel.com/user-sync?dsp=11&t=image&uid=RX-9ec1288d-a6be-4e05-a575-925bfbfcec30-005&us_privacy=1---&rndcb=4809021070:0
[   92394ms] [ERROR] Failed to load resource: net::ERR_SOCKET_NOT_CONNECTED @ https://csync.loopme.me/?partner_id=2259&vt=RX-9ec1288d-a6be-4e05-a575-925bfbfcec30-005&us_privacy=1---&rndcb=3695539100:0
[   93148ms] [ERROR] Failed to load resource: the server responded with a status of 404 () @ https://cs.admanmedia.com/cbaf91328596cd8e6c6aac070d7c695b.gif?puid=[UID]&redir=[RED]&gdpr=[GDPR]&gdpr_consent=[GDPR_CONSENT]&ccpa=[CCPA]&coppa=[COPPA]&us_privacy=1---&rndcb=1210572107:0
[   93344ms] [ERROR] Failed to load resource: the server responded with a status of 400 () @ https://match.prod.bidr.io/cookie-sync/ro?us_privacy=1---&rndcb=1144717434:0
[   95954ms] [ERROR] Failed to load resource: net::ERR_SOCKET_NOT_CONNECTED @ https://csync.loopme.me/?redirect=https%3A%2F%2Fsync.1rx.io%2Fusersync3%2Floopme%2F%2F%7Bdevice_id%7D%3Fzcc%3D0%26sspret%3D1%26us_privacy%3D1---&pubid=9718&us_privacy=1---&rndcb=2088199819:0
[   97727ms] [ERROR] Failed to load resource: net::ERR_NAME_NOT_RESOLVED @ https://tracker.pre.vr-tb.com/sync?id=3&uid=RX-9ec1288d-a6be-4e05-a575-925bfbfcec30-005&us_privacy=1---&rndcb=5500735770:0
[   98194ms] [ERROR] Failed to load resource: net::ERR_NAME_NOT_RESOLVED @ https://cs.iqzone.com/cd7df7742ce9820014dceb9d36ea934e.gif?puid=RX-9ec1288d-a6be-4e05-a575-925bfbfcec30-005&us_privacy=1---&rndcb=4646964125:0
[   99759ms] [ERROR] Failed to load resource: net::ERR_NAME_NOT_RESOLVED @ https://x.fidelity-media.com/match.php?dsp=RHTMKUB&uid=RX-9ec1288d-a6be-4e05-a575-925bfbfcec30-005&us_privacy=1---&rndcb=5875170170:0
[   99759ms] [ERROR] Failed to load resource: the server responded with a status of 401 () @ https://sync.ex.co/v1/setuid/copper6/?gdpr=[GDPR]&gdpr_consent=[GDPR_CONSENT]&gpp=[GPP]&gpp_sid=[GPP_SID]&uid=8b40d63c-9b6e-4ae4-8015-10ac1a43d577:0
[   99760ms] [ERROR] Failed to load resource: the server responded with a status of 400 () @ https://cm.mgid.com/m?cdsp=834161&c=RX-9ec1288d-a6be-4e05-a575-925bfbfcec30-005&us_privacy=1---&rndcb=6837296067:0
[   99799ms] [ERROR] Failed to load resource: the server responded with a status of 404 () @ https://match.justpremium.com/match/un?rid=r-4111cedb-72e5-4a0d-8cbd-4b6c3882923c-1687-778229178&jp_uid=lk2-um-bfeb8f08-96fa-4da8-b070-7171050cd12e-1613989936&ex_uid=RX-9ec1288d-a6be-4e05-a575-925bfbfcec30-005&us_privacy=1---&rndcb=6755002177:0
[   99963ms] [ERROR] Failed to load resource: the server responded with a status of 400 () @ https://mfx.mobilefuse.com/setuid?pid=unr&uid=RX-9ec1288d-a6be-4e05-a575-925bfbfcec30-005&us_privacy=1---&rndcb=3485535791:0
[   99983ms] [ERROR] Failed to load resource: net::ERR_NAME_NOT_RESOLVED @ https://sync.spotim.market/csync?t=a&ep=708476&extuid=RX-9ec1288d-a6be-4e05-a575-925bfbfcec30-005&us_privacy=1---&rndcb=2790323897:0
[  101251ms] [ERROR] Failed to load resource: net::ERR_NAME_NOT_RESOLVED @ https://sync.pubwise.io/usersync/unrulydspctv/RX-9ec1288d-a6be-4e05-a575-925bfbfcec30-005?us_privacy=1---&rndcb=431564914:0
[  104426ms] [ERROR] Failed to load resource: net::ERR_TOO_MANY_REDIRECTS @ https://sync-ssp.adsmovil.com/25272641f0ca28f71a7ea277c4985249.gif?puid=2648036472040787691&redir=https%3A%2F%2Fssbsync.smartadserver.com%2Fapi%2Fsync%3FcallerId%3D301&gdpr=0&gdpr_consent=:0
[  104567ms] [ERROR] Failed to load resource: net::ERR_CERT_COMMON_NAME_INVALID @ https://sync.programmaticx.ai/api/cookie?partnerId=progx-unruly&userId=RX-9ec1288d-a6be-4e05-a575-925bfbfcec30-005&us_privacy=1---&rndcb=1162585388:0
[  109092ms] [ERROR] Failed to load resource: net::ERR_TOO_MANY_REDIRECTS @ https://cs.pgammedia.com/bf4103da5f0fb6ae0166419ea1a784aa.gif?gdpr=$$[GDPR]&gdpr_consent=$$[GDPR_CONSENT]&us_privacy=$[CCPA]&uid=$5e8b229a-39dc-4495-8c54-0b4c4d198901&cookie_age=$[COOKIE_AGE]:0
[  109104ms] [ERROR] Failed to load resource: net::ERR_NAME_NOT_RESOLVED @ https://tracker.ortb.vuukle.com/sync?id=35&uid=RX-9ec1288d-a6be-4e05-a575-925bfbfcec30-005&us_privacy=1---&rndcb=4007536479:0
[  109111ms] [ERROR] Failed to load resource: net::ERR_NAME_NOT_RESOLVED @ https://hb.yahoo.net/cksync.php?cs=1&type=56551&ovsid=RX-9ec1288d-a6be-4e05-a575-925bfbfcec30-005&us_privacy=1---&rndcb=1521567313:0
[  109119ms] [ERROR] Failed to load resource: net::ERR_NAME_NOT_RESOLVED @ https://cs.iqzone.com/dad9a774fb4631ad27a2b1e349bf882f.gif?puid=[UID]&redir=[RED]&gdpr=[GDPR]&gdpr_consent=[GDPR_CONSENT]&ccpa=[CCPA]&coppa=[COPPA]&us_privacy=1---&rndcb=5043859670:0
[  109119ms] [ERROR] Failed to load resource: net::ERR_NAME_NOT_RESOLVED @ https://cs.iqzone.com/dad9a774fb4631ad27a2b1e349bf882f.gif?puid=[UID]&redir=[RED]&gdpr=[GDPR]&gdpr_consent=[GDPR_CONSENT]&ccpa=[CCPA]&coppa=[COPPA]&us_privacy=1---&rndcb=743145145:0
[  109760ms] [ERROR] Failed to load resource: net::ERR_NAME_NOT_RESOLVED @ https://tracker-zmd.ortb.net/sync.html?us_privacy=1---&rndcb=1645288100:0
[  109761ms] [ERROR] Failed to load resource: the server responded with a status of 400 (Bad Request) @ https://sync.adkernel.com/user-sync?zone=83074&r=https%3A%2F%2Fsync.1rx.io%2Fusersync3%2Fyieldnexus%2F%2F%7BUID%7D%3Fzcc%3D0%26sspret%3D1%26us_privacy%3D1---&us_privacy=1---&rndcb=2924073219:0
[  109762ms] [ERROR] Failed to load resource: the server responded with a status of 400 (Bad Request) @ https://sync.adkernel.com/user-sync?zone=42861&r=https%3A%2F%2Fsync.1rx.io%2Fusersync3%2Fnativeads%2F%2F%7BUID%7D%3Fzcc%3D0%26sspret%3D1%26us_privacy%3D1---&us_privacy=1---&rndcb=4133114690:0
[  109764ms] [ERROR] Failed to load resource: the server responded with a status of 404 (Not Found) @ https://us.shb-sync.com/70d23a5f-6400-4661-9a33-825cbc2d2a1a.gif?puid=RX-9ec1288d-a6be-4e05-a575-925bfbfcec30-005&redir=[RED]&gdpr=[GDPR]&gdpr_consent=[GDPR_CONSENT]&ccpa=[CCPA]&us_privacy=1---&rndcb=2797034035:0
[  113738ms] [ERROR] Failed to load resource: net::ERR_NAME_NOT_RESOLVED @ https://visitor-gen01.omnitagjs.com/visitor/bsync?uid=5183beddfca39cdc784820fdf854594d&name=gen01&url=https%3A%2F%2Fpbjs.rbstsystems.live%2Fsync_proceed%3Fbn%3Dseat_218%26brk%3D0%26brk2%3D0%26us_privacy%3D%252C%26gdpr%3D%26gdpr_consent%3D%252C%26u%3DPARTNER_USER_ID:0
[  114192ms] [ERROR] Failed to load resource: net::ERR_TOO_MANY_REDIRECTS @ https://sync.intentiq.com/profiles_engine/ProfilesEngineServlet?at=20&dpi=1357991113&mi=10&csh=793790479;1486637409;259151345;1868283820;396218182;1207058874&rnd=816938424&pcid=4263714045655984000V10:0
[  127473ms] [ERROR] Failed to load resource: net::ERR_TIMED_OUT @ https://ittpx.eskimi.com/sync?dp_id=170&user_id=RX-9ec1288d-a6be-4e05-a575-925bfbfcec30-005&us_privacy=1---&rndcb=5712487485:0
[  165754ms] [ERROR] Failed to load resource: net::ERR_CONNECTION_TIMED_OUT @ https://cookie.360playvid.com/e14743b15a44763f7d074962a0ede981.gif?puid=RX-9ec1288d-a6be-4e05-a575-925bfbfcec30-005&us_privacy=1---&rndcb=1023525675:0
[  184022ms] [ERROR] Failed to load resource: net::ERR_CONNECTION_TIMED_OUT @ https://rp.gwallet.com/r1/cm/p121?uuid=RX-9ec1288d-a6be-4e05-a575-925bfbfcec30-005&us_privacy=1---&rndcb=3867747032:0
[  186195ms] [ERROR] Failed to load resource: net::ERR_CONNECTION_TIMED_OUT @ https://ads.stickyadstv.com/user-registering?dataProviderId=1570&userId=RX-9ec1288d-a6be-4e05-a575-925bfbfcec30-005&us_privacy=1---&rndcb=7416659682:0
[   85754ms] [ERROR] Failed to load resource: net::ERR_NAME_NOT_RESOLVED @ https://cookie-sync.api.soundcast.fm/v1/esync?url=https%3A%2F%2Fcm.g.doubleclick.net%2Fpixel%3Fgoogle_nid%3Dsoundcast_dbm%26google_hm%3D%24UID&gdpr=0:0
[   78529ms] [ERROR] Attestation check for Shared Storage on https://www.googleadservices.com failed. @ https://www.googleadservices.com/pagead/managed/js/activeview/current/reach_worklet.html:0
[   80049ms] [ERROR] Attestation check for Shared Storage on https://www.googleadservices.com failed. @ https://www.googleadservices.com/pagead/managed/js/activeview/current/reach_worklet.html:0
[   84334ms] [ERROR] Attestation check for Shared Storage on https://www.googleadservices.com failed. @ https://www.googleadservices.com/pagead/managed/js/activeview/current/reach_worklet.html:0
[   86621ms] [ERROR] Attestation check for Shared Storage on https://www.googleadservices.com failed. @ https://www.googleadservices.com/pagead/managed/js/activeview/current/reach_worklet.html:0
[   88257ms] [ERROR] Attestation check for Shared Storage on https://www.googleadservices.com failed. @ https://www.googleadservices.com/pagead/managed/js/activeview/current/reach_worklet.html:0
[   91243ms] [ERROR] Attestation check for Shared Storage on https://www.googleadservices.com failed. @ https://www.googleadservices.com/pagead/managed/js/activeview/current/reach_worklet.html:0
[   97248ms] [ERROR] Attestation check for Shared Storage on https://www.googleadservices.com failed. @ https://www.googleadservices.com/pagead/managed/js/activeview/current/reach_worklet.html:0
[   98816ms] [ERROR] Attestation check for Shared Storage on https://www.googleadservices.com failed. @ https://www.googleadservices.com/pagead/managed/js/activeview/current/reach_worklet.html:0
[  100343ms] [ERROR] Attestation check for Shared Storage on https://www.googleadservices.com failed. @ https://www.googleadservices.com/pagead/managed/js/activeview/current/reach_worklet.html:0
[  106043ms] [ERROR] Attestation check for Shared Storage on https://www.googleadservices.com failed. @ https://www.googleadservices.com/pagead/managed/js/activeview/current/reach_worklet.html:0
[  109172ms] [ERROR] Attestation check for Shared Storage on https://www.googleadservices.com failed. @ https://www.googleadservices.com/pagead/managed/js/activeview/current/reach_worklet.html:0
[  124379ms] [ERROR] Attestation check for Shared Storage on https://www.googleadservices.com failed. @ https://www.googleadservices.com/pagead/managed/js/activeview/current/reach_worklet.html:0
[  124947ms] [ERROR] Attestation check for Shared Storage on https://www.googleadservices.com failed. @ https://www.googleadservices.com/pagead/managed/js/activeview/current/reach_worklet.html:0
[  138093ms] [ERROR] Attestation check for Shared Storage on https://www.googleadservices.com failed. @ https://www.googleadservices.com/pagead/managed/js/activeview/current/reach_worklet.html:0
[  140951ms] [ERROR] Attestation check for Shared Storage on https://www.googleadservices.com failed. @ https://www.googleadservices.com/pagead/managed/js/activeview/current/reach_worklet.html:0
[  145508ms] [ERROR] Attestation check for Shared Storage on https://www.googleadservices.com failed. @ https://www.googleadservices.com/pagead/managed/js/activeview/current/reach_worklet.html:0
[  149876ms] [ERROR] Attestation check for Shared Storage on https://www.googleadservices.com failed. @ https://www.googleadservices.com/pagead/managed/js/activeview/current/reach_worklet.html:0
[  155200ms] [ERROR] Attestation check for Shared Storage on https://www.googleadservices.com failed. @ https://www.googleadservices.com/pagead/managed/js/activeview/current/reach_worklet.html:0
[  157463ms] [ERROR] Attestation check for Shared Storage on https://www.googleadservices.com failed. @ https://www.googleadservices.com/pagead/managed/js/activeview/current/reach_worklet.html:0
[  160680ms] [ERROR] Attestation check for Shared Storage on https://www.googleadservices.com failed. @ https://www.googleadservices.com/pagead/managed/js/activeview/current/reach_worklet.html:0
[  163140ms] [ERROR] Attestation check for Shared Storage on https://www.googleadservices.com failed. @ https://www.googleadservices.com/pagead/managed/js/activeview/current/reach_worklet.html:0
[  166167ms] [ERROR] Attestation check for Shared Storage on https://www.googleadservices.com failed. @ https://www.googleadservices.com/pagead/managed/js/activeview/current/reach_worklet.html:0
[  168519ms] [ERROR] Attestation check for Shared Storage on https://www.googleadservices.com failed. @ https://www.googleadservices.com/pagead/managed/js/activeview/current/reach_worklet.html:0
[  170847ms] [ERROR] Attestation check for Shared Storage on https://www.googleadservices.com failed. @ https://www.googleadservices.com/pagead/managed/js/activeview/current/reach_worklet.html:0
[  173923ms] [ERROR] Attestation check for Shared Storage on https://www.googleadservices.com failed. @ https://www.googleadservices.com/pagead/managed/js/activeview/current/reach_worklet.html:0
[  177973ms] [ERROR] Attestation check for Shared Storage on https://www.googleadservices.com failed. @ https://www.googleadservices.com/pagead/managed/js/activeview/current/reach_worklet.html:0
[  180303ms] [ERROR] Attestation check for Shared Storage on https://www.googleadservices.com failed. @ https://www.googleadservices.com/pagead/managed/js/activeview/current/reach_worklet.html:0
[  188922ms] [ERROR] Attestation check for Shared Storage on https://www.googleadservices.com failed. @ https://www.googleadservices.com/pagead/managed/js/activeview/current/reach_worklet.html:0
[  193185ms] [ERROR] Attestation check for Shared Storage on https://www.googleadservices.com failed. @ https://www.googleadservices.com/pagead/managed/js/activeview/current/reach_worklet.html:0
[  194786ms] [ERROR] Attestation check for Shared Storage on https://www.googleadservices.com failed. @ https://www.googleadservices.com/pagead/managed/js/activeview/current/reach_worklet.html:0
[  200567ms] [ERROR] Attestation check for Shared Storage on https://www.googleadservices.com failed. @ https://www.googleadservices.com/pagead/managed/js/activeview/current/reach_worklet.html:0
[  201255ms] [ERROR] Attestation check for Shared Storage on https://www.googleadservices.com failed. @ https://www.googleadservices.com/pagead/managed/js/activeview/current/reach_worklet.html:0
[  209361ms] [ERROR] Attestation check for Shared Storage on https://www.googleadservices.com failed. @ https://www.googleadservices.com/pagead/managed/js/activeview/current/reach_worklet.html:0
[  213229ms] [ERROR] Attestation check for Shared Storage on https://www.googleadservices.com failed. @ https://www.googleadservices.com/pagead/managed/js/activeview/current/reach_worklet.html:0
[  214403ms] [ERROR] Attestation check for Shared Storage on https://www.googleadservices.com failed. @ https://www.googleadservices.com/pagead/managed/js/activeview/current/reach_worklet.html:0
[  222422ms] [ERROR] Attestation check for Shared Storage on https://www.googleadservices.com failed. @ https://www.googleadservices.com/pagead/managed/js/activeview/current/reach_worklet.html:0
[  229755ms] [ERROR] Attestation check for Shared Storage on https://www.googleadservices.com failed. @ https://www.googleadservices.com/pagead/managed/js/activeview/current/reach_worklet.html:0
[  236867ms] [ERROR] Attestation check for Shared Storage on https://www.googleadservices.com failed. @ https://www.googleadservices.com/pagead/managed/js/activeview/current/reach_worklet.html:0
[  239503ms] [ERROR] Attestation check for Shared Storage on https://www.googleadservices.com failed. @ https://www.googleadservices.com/pagead/managed/js/activeview/current/reach_worklet.html:0
[  243389ms] [ERROR] Attestation check for Shared Storage on https://www.googleadservices.com failed. @ https://www.googleadservices.com/pagead/managed/js/activeview/current/reach_worklet.html:0
[  249294ms] [ERROR] Attestation check for Shared Storage on https://www.googleadservices.com failed. @ https://www.googleadservices.com/pagead/managed/js/activeview/current/reach_worklet.html:0
[  251253ms] [ERROR] Attestation check for Shared Storage on https://www.googleadservices.com failed. @ https://www.googleadservices.com/pagead/managed/js/activeview/current/reach_worklet.html:0
[  259368ms] [ERROR] Attestation check for Shared Storage on https://www.googleadservices.com failed. @ https://www.googleadservices.com/pagead/managed/js/activeview/current/reach_worklet.html:0
[   78529ms] [ERROR] Attestation check for Shared Storage on https://www.googleadservices.com failed. @ https://www.googleadservices.com/pagead/managed/js/activeview/current/reach_worklet.html:0
[   80049ms] [ERROR] Attestation check for Shared Storage on https://www.googleadservices.com failed. @ https://www.googleadservices.com/pagead/managed/js/activeview/current/reach_worklet.html:0
[   84334ms] [ERROR] Attestation check for Shared Storage on https://www.googleadservices.com failed. @ https://www.googleadservices.com/pagead/managed/js/activeview/current/reach_worklet.html:0
[   86621ms] [ERROR] Attestation check for Shared Storage on https://www.googleadservices.com failed. @ https://www.googleadservices.com/pagead/managed/js/activeview/current/reach_worklet.html:0
[   88257ms] [ERROR] Attestation check for Shared Storage on https://www.googleadservices.com failed. @ https://www.googleadservices.com/pagead/managed/js/activeview/current/reach_worklet.html:0
[   91243ms] [ERROR] Attestation check for Shared Storage on https://www.googleadservices.com failed. @ https://www.googleadservices.com/pagead/managed/js/activeview/current/reach_worklet.html:0
[   97248ms] [ERROR] Attestation check for Shared Storage on https://www.googleadservices.com failed. @ https://www.googleadservices.com/pagead/managed/js/activeview/current/reach_worklet.html:0
[   98816ms] [ERROR] Attestation check for Shared Storage on https://www.googleadservices.com failed. @ https://www.googleadservices.com/pagead/managed/js/activeview/current/reach_worklet.html:0
[  100343ms] [ERROR] Attestation check for Shared Storage on https://www.googleadservices.com failed. @ https://www.googleadservices.com/pagead/managed/js/activeview/current/reach_worklet.html:0
[  106043ms] [ERROR] Attestation check for Shared Storage on https://www.googleadservices.com failed. @ https://www.googleadservices.com/pagead/managed/js/activeview/current/reach_worklet.html:0
[  109172ms] [ERROR] Attestation check for Shared Storage on https://www.googleadservices.com failed. @ https://www.googleadservices.com/pagead/managed/js/activeview/current/reach_worklet.html:0
[  124379ms] [ERROR] Attestation check for Shared Storage on https://www.googleadservices.com failed. @ https://www.googleadservices.com/pagead/managed/js/activeview/current/reach_worklet.html:0
[  124947ms] [ERROR] Attestation check for Shared Storage on https://www.googleadservices.com failed. @ https://www.googleadservices.com/pagead/managed/js/activeview/current/reach_worklet.html:0
[  138093ms] [ERROR] Attestation check for Shared Storage on https://www.googleadservices.com failed. @ https://www.googleadservices.com/pagead/managed/js/activeview/current/reach_worklet.html:0
[  140951ms] [ERROR] Attestation check for Shared Storage on https://www.googleadservices.com failed. @ https://www.googleadservices.com/pagead/managed/js/activeview/current/reach_worklet.html:0
[  145508ms] [ERROR] Attestation check for Shared Storage on https://www.googleadservices.com failed. @ https://www.googleadservices.com/pagead/managed/js/activeview/current/reach_worklet.html:0
[  149876ms] [ERROR] Attestation check for Shared Storage on https://www.googleadservices.com failed. @ https://www.googleadservices.com/pagead/managed/js/activeview/current/reach_worklet.html:0
[  155200ms] [ERROR] Attestation check for Shared Storage on https://www.googleadservices.com failed. @ https://www.googleadservices.com/pagead/managed/js/activeview/current/reach_worklet.html:0
[  157463ms] [ERROR] Attestation check for Shared Storage on https://www.googleadservices.com failed. @ https://www.googleadservices.com/pagead/managed/js/activeview/current/reach_worklet.html:0
[  160680ms] [ERROR] Attestation check for Shared Storage on https://www.googleadservices.com failed. @ https://www.googleadservices.com/pagead/managed/js/activeview/current/reach_worklet.html:0
[  163140ms] [ERROR] Attestation check for Shared Storage on https://www.googleadservices.com failed. @ https://www.googleadservices.com/pagead/managed/js/activeview/current/reach_worklet.html:0
[  166167ms] [ERROR] Attestation check for Shared Storage on https://www.googleadservices.com failed. @ https://www.googleadservices.com/pagead/managed/js/activeview/current/reach_worklet.html:0
[  168519ms] [ERROR] Attestation check for Shared Storage on https://www.googleadservices.com failed. @ https://www.googleadservices.com/pagead/managed/js/activeview/current/reach_worklet.html:0
[  170847ms] [ERROR] Attestation check for Shared Storage on https://www.googleadservices.com failed. @ https://www.googleadservices.com/pagead/managed/js/activeview/current/reach_worklet.html:0
[  173923ms] [ERROR] Attestation check for Shared Storage on https://www.googleadservices.com failed. @ https://www.googleadservices.com/pagead/managed/js/activeview/current/reach_worklet.html:0
[  177973ms] [ERROR] Attestation check for Shared Storage on https://www.googleadservices.com failed. @ https://www.googleadservices.com/pagead/managed/js/activeview/current/reach_worklet.html:0
[  180303ms] [ERROR] Attestation check for Shared Storage on https://www.googleadservices.com failed. @ https://www.googleadservices.com/pagead/managed/js/activeview/current/reach_worklet.html:0
[  188922ms] [ERROR] Attestation check for Shared Storage on https://www.googleadservices.com failed. @ https://www.googleadservices.com/pagead/managed/js/activeview/current/reach_worklet.html:0
[  193185ms] [ERROR] Attestation check for Shared Storage on https://www.googleadservices.com failed. @ https://www.googleadservices.com/pagead/managed/js/activeview/current/reach_worklet.html:0
[  194786ms] [ERROR] Attestation check for Shared Storage on https://www.googleadservices.com failed. @ https://www.googleadservices.com/pagead/managed/js/activeview/current/reach_worklet.html:0
[  200567ms] [ERROR] Attestation check for Shared Storage on https://www.googleadservices.com failed. @ https://www.googleadservices.com/pagead/managed/js/activeview/current/reach_worklet.html:0
[  201255ms] [ERROR] Attestation check for Shared Storage on https://www.googleadservices.com failed. @ https://www.googleadservices.com/pagead/managed/js/activeview/current/reach_worklet.html:0
[  209361ms] [ERROR] Attestation check for Shared Storage on https://www.googleadservices.com failed. @ https://www.googleadservices.com/pagead/managed/js/activeview/current/reach_worklet.html:0
[  213229ms] [ERROR] Attestation check for Shared Storage on https://www.googleadservices.com failed. @ https://www.googleadservices.com/pagead/managed/js/activeview/current/reach_worklet.html:0
[  214403ms] [ERROR] Attestation check for Shared Storage on https://www.googleadservices.com failed. @ https://www.googleadservices.com/pagead/managed/js/activeview/current/reach_worklet.html:0
[  222422ms] [ERROR] Attestation check for Shared Storage on https://www.googleadservices.com failed. @ https://www.googleadservices.com/pagead/managed/js/activeview/current/reach_worklet.html:0
[  229755ms] [ERROR] Attestation check for Shared Storage on https://www.googleadservices.com failed. @ https://www.googleadservices.com/pagead/managed/js/activeview/current/reach_worklet.html:0
[  236867ms] [ERROR] Attestation check for Shared Storage on https://www.googleadservices.com failed. @ https://www.googleadservices.com/pagead/managed/js/activeview/current/reach_worklet.html:0
[  239503ms] [ERROR] Attestation check for Shared Storage on https://www.googleadservices.com failed. @ https://www.googleadservices.com/pagead/managed/js/activeview/current/reach_worklet.html:0
[  243389ms] [ERROR] Attestation check for Shared Storage on https://www.googleadservices.com failed. @ https://www.googleadservices.com/pagead/managed/js/activeview/current/reach_worklet.html:0
[  249294ms] [ERROR] Attestation check for Shared Storage on https://www.googleadservices.com failed. @ https://www.googleadservices.com/pagead/managed/js/activeview/current/reach_worklet.html:0
[  251253ms] [ERROR] Attestation check for Shared Storage on https://www.googleadservices.com failed. @ https://www.googleadservices.com/pagead/managed/js/activeview/current/reach_worklet.html:0
[  259368ms] [ERROR] Attestation check for Shared Storage on https://www.googleadservices.com failed. @ https://www.googleadservices.com/pagead/managed/js/activeview/current/reach_worklet.html:0
[  261016ms] [ERROR] Refused to execute script from 'https://metrics.getrockerbox.com/track/v5?source=semrush&tier_one=dv360&tier_two=${INSERTION_ORDER_ID}&tier_three=${CAMPAIGN_ID}&tier_four=${CREATIVE_ID}&auction_id=${CACHEBUSTER}&referrer=${SOURCE_URL}' because its MIME type ('image/gif') is not executable. @ https://srv.flashb.id/sf/1.1/37dc2490-e69a-50b6-b814-d999fdbee40b/render.html?m=true&csa=1:0
[  261017ms] [ERROR] Attestation check for Shared Storage on https://www.googleadservices.com failed. @ https://www.googleadservices.com/pagead/managed/js/activeview/current/reach_worklet.html:0
[   85754ms] [ERROR] Failed to load resource: net::ERR_NAME_NOT_RESOLVED @ https://cookie-sync.api.soundcast.fm/v1/esync?url=https%3A%2F%2Fcm.g.doubleclick.net%2Fpixel%3Fgoogle_nid%3Dsoundcast_dbm%26google_hm%3D%24UID&gdpr=0:0
[   78529ms] [ERROR] Attestation check for Shared Storage on https://www.googleadservices.com failed. @ https://www.googleadservices.com/pagead/managed/js/activeview/current/reach_worklet.html:0
[   80049ms] [ERROR] Attestation check for Shared Storage on https://www.googleadservices.com failed. @ https://www.googleadservices.com/pagead/managed/js/activeview/current/reach_worklet.html:0
[   84334ms] [ERROR] Attestation check for Shared Storage on https://www.googleadservices.com failed. @ https://www.googleadservices.com/pagead/managed/js/activeview/current/reach_worklet.html:0
[   86621ms] [ERROR] Attestation check for Shared Storage on https://www.googleadservices.com failed. @ https://www.googleadservices.com/pagead/managed/js/activeview/current/reach_worklet.html:0
[   88257ms] [ERROR] Attestation check for Shared Storage on https://www.googleadservices.com failed. @ https://www.googleadservices.com/pagead/managed/js/activeview/current/reach_worklet.html:0
[   91243ms] [ERROR] Attestation check for Shared Storage on https://www.googleadservices.com failed. @ https://www.googleadservices.com/pagead/managed/js/activeview/current/reach_worklet.html:0
[   97248ms] [ERROR] Attestation check for Shared Storage on https://www.googleadservices.com failed. @ https://www.googleadservices.com/pagead/managed/js/activeview/current/reach_worklet.html:0
[   98816ms] [ERROR] Attestation check for Shared Storage on https://www.googleadservices.com failed. @ https://www.googleadservices.com/pagead/managed/js/activeview/current/reach_worklet.html:0
[  100343ms] [ERROR] Attestation check for Shared Storage on https://www.googleadservices.com failed. @ https://www.googleadservices.com/pagead/managed/js/activeview/current/reach_worklet.html:0
[  106043ms] [ERROR] Attestation check for Shared Storage on https://www.googleadservices.com failed. @ https://www.googleadservices.com/pagead/managed/js/activeview/current/reach_worklet.html:0
[  109172ms] [ERROR] Attestation check for Shared Storage on https://www.googleadservices.com failed. @ https://www.googleadservices.com/pagead/managed/js/activeview/current/reach_worklet.html:0
[  124379ms] [ERROR] Attestation check for Shared Storage on https://www.googleadservices.com failed. @ https://www.googleadservices.com/pagead/managed/js/activeview/current/reach_worklet.html:0
[  124947ms] [ERROR] Attestation check for Shared Storage on https://www.googleadservices.com failed. @ https://www.googleadservices.com/pagead/managed/js/activeview/current/reach_worklet.html:0
[  138093ms] [ERROR] Attestation check for Shared Storage on https://www.googleadservices.com failed. @ https://www.googleadservices.com/pagead/managed/js/activeview/current/reach_worklet.html:0
[  140951ms] [ERROR] Attestation check for Shared Storage on https://www.googleadservices.com failed. @ https://www.googleadservices.com/pagead/managed/js/activeview/current/reach_worklet.html:0
[  145508ms] [ERROR] Attestation check for Shared Storage on https://www.googleadservices.com failed. @ https://www.googleadservices.com/pagead/managed/js/activeview/current/reach_worklet.html:0
[  149876ms] [ERROR] Attestation check for Shared Storage on https://www.googleadservices.com failed. @ https://www.googleadservices.com/pagead/managed/js/activeview/current/reach_worklet.html:0
[  155200ms] [ERROR] Attestation check for Shared Storage on https://www.googleadservices.com failed. @ https://www.googleadservices.com/pagead/managed/js/activeview/current/reach_worklet.html:0
[  157463ms] [ERROR] Attestation check for Shared Storage on https://www.googleadservices.com failed. @ https://www.googleadservices.com/pagead/managed/js/activeview/current/reach_worklet.html:0
[  160680ms] [ERROR] Attestation check for Shared Storage on https://www.googleadservices.com failed. @ https://www.googleadservices.com/pagead/managed/js/activeview/current/reach_worklet.html:0
[  163140ms] [ERROR] Attestation check for Shared Storage on https://www.googleadservices.com failed. @ https://www.googleadservices.com/pagead/managed/js/activeview/current/reach_worklet.html:0
[  166167ms] [ERROR] Attestation check for Shared Storage on https://www.googleadservices.com failed. @ https://www.googleadservices.com/pagead/managed/js/activeview/current/reach_worklet.html:0
[  168519ms] [ERROR] Attestation check for Shared Storage on https://www.googleadservices.com failed. @ https://www.googleadservices.com/pagead/managed/js/activeview/current/reach_worklet.html:0
[  170847ms] [ERROR] Attestation check for Shared Storage on https://www.googleadservices.com failed. @ https://www.googleadservices.com/pagead/managed/js/activeview/current/reach_worklet.html:0
[  173923ms] [ERROR] Attestation check for Shared Storage on https://www.googleadservices.com failed. @ https://www.googleadservices.com/pagead/managed/js/activeview/current/reach_worklet.html:0
[  177973ms] [ERROR] Attestation check for Shared Storage on https://www.googleadservices.com failed. @ https://www.googleadservices.com/pagead/managed/js/activeview/current/reach_worklet.html:0
[  180303ms] [ERROR] Attestation check for Shared Storage on https://www.googleadservices.com failed. @ https://www.googleadservices.com/pagead/managed/js/activeview/current/reach_worklet.html:0
[  188922ms] [ERROR] Attestation check for Shared Storage on https://www.googleadservices.com failed. @ https://www.googleadservices.com/pagead/managed/js/activeview/current/reach_worklet.html:0
[  193185ms] [ERROR] Attestation check for Shared Storage on https://www.googleadservices.com failed. @ https://www.googleadservices.com/pagead/managed/js/activeview/current/reach_worklet.html:0
[  194786ms] [ERROR] Attestation check for Shared Storage on https://www.googleadservices.com failed. @ https://www.googleadservices.com/pagead/managed/js/activeview/current/reach_worklet.html:0
[  200567ms] [ERROR] Attestation check for Shared Storage on https://www.googleadservices.com failed. @ https://www.googleadservices.com/pagead/managed/js/activeview/current/reach_worklet.html:0
[  201255ms] [ERROR] Attestation check for Shared Storage on https://www.googleadservices.com failed. @ https://www.googleadservices.com/pagead/managed/js/activeview/current/reach_worklet.html:0
[  209361ms] [ERROR] Attestation check for Shared Storage on https://www.googleadservices.com failed. @ https://www.googleadservices.com/pagead/managed/js/activeview/current/reach_worklet.html:0
[  213229ms] [ERROR] Attestation check for Shared Storage on https://www.googleadservices.com failed. @ https://www.googleadservices.com/pagead/managed/js/activeview/current/reach_worklet.html:0
[  214403ms] [ERROR] Attestation check for Shared Storage on https://www.googleadservices.com failed. @ https://www.googleadservices.com/pagead/managed/js/activeview/current/reach_worklet.html:0
[  222422ms] [ERROR] Attestation check for Shared Storage on https://www.googleadservices.com failed. @ https://www.googleadservices.com/pagead/managed/js/activeview/current/reach_worklet.html:0
[  229755ms] [ERROR] Attestation check for Shared Storage on https://www.googleadservices.com failed. @ https://www.googleadservices.com/pagead/managed/js/activeview/current/reach_worklet.html:0
[  236867ms] [ERROR] Attestation check for Shared Storage on https://www.googleadservices.com failed. @ https://www.googleadservices.com/pagead/managed/js/activeview/current/reach_worklet.html:0
[  239503ms] [ERROR] Attestation check for Shared Storage on https://www.googleadservices.com failed. @ https://www.googleadservices.com/pagead/managed/js/activeview/current/reach_worklet.html:0
[  243389ms] [ERROR] Attestation check for Shared Storage on https://www.googleadservices.com failed. @ https://www.googleadservices.com/pagead/managed/js/activeview/current/reach_worklet.html:0
[  249294ms] [ERROR] Attestation check for Shared Storage on https://www.googleadservices.com failed. @ https://www.googleadservices.com/pagead/managed/js/activeview/current/reach_worklet.html:0
[  251253ms] [ERROR] Attestation check for Shared Storage on https://www.googleadservices.com failed. @ https://www.googleadservices.com/pagead/managed/js/activeview/current/reach_worklet.html:0
[  259368ms] [ERROR] Attestation check for Shared Storage on https://www.googleadservices.com failed. @ https://www.googleadservices.com/pagead/managed/js/activeview/current/reach_worklet.html:0
[  261017ms] [ERROR] Attestation check for Shared Storage on https://www.googleadservices.com failed. @ https://www.googleadservices.com/pagead/managed/js/activeview/current/reach_worklet.html:0
[  267431ms] Failed to read a named property 'document' from 'Window': Blocked a frame with origin "https://lax1-ib.adnxs.com" from accessing a frame with origin "https://srv.flashb.id". Protocols, domains, and ports must match.
[  267160ms] [ERROR] Attestation check for Shared Storage on https://www.googleadservices.com failed. @ https://www.googleadservices.com/pagead/managed/js/activeview/current/reach_worklet.html:0
[  269731ms] [ERROR] Failed to load resource: the server responded with a status of 408 () @ https://pbsj-us-east.bricks-co.com/openrtb2/auction:0
[  270080ms] [WARNING] An iframe which has both allow-scripts and allow-same-origin for its sandbox attribute can escape its sandboxing. @ https://www.flashb.id/assets/js/hbdbrk_fef0c8b2caedfb449c01_m.js:0
[   85754ms] [ERROR] Failed to load resource: net::ERR_NAME_NOT_RESOLVED @ https://cookie-sync.api.soundcast.fm/v1/esync?url=https%3A%2F%2Fcm.g.doubleclick.net%2Fpixel%3Fgoogle_nid%3Dsoundcast_dbm%26google_hm%3D%24UID&gdpr=0:0
[   91223ms] [ERROR] Failed to load resource: net::ERR_CONNECTION_CLOSED @ https://sync.connectad.io/umatch/1?dataid=data17&uuid=RX-9ec1288d-a6be-4e05-a575-925bfbfcec30-005&us_privacy=1---&rndcb=359565001:0
[   91839ms] [ERROR] Failed to load resource: the server responded with a status of 400 () @ https://cm.mgid.com/m?cdsp=433142&c=RX-9ec1288d-a6be-4e05-a575-925bfbfcec30-005&us_privacy=1---&rndcb=3460803040:0
[   92364ms] [ERROR] Failed to load resource: net::ERR_CONNECTION_CLOSED @ https://csync.smilewanted.com/set_partner_userid_get/unruly/RX-9ec1288d-a6be-4e05-a575-925bfbfcec30-005?us_privacy=1---&rndcb=8477261241:0
[   92377ms] [ERROR] Failed to load resource: the server responded with a status of 400 (Bad Request) @ https://sync.adkernel.com/user-sync?dsp=11&t=image&uid=RX-9ec1288d-a6be-4e05-a575-925bfbfcec30-005&us_privacy=1---&rndcb=4809021070:0
[   92394ms] [ERROR] Failed to load resource: net::ERR_SOCKET_NOT_CONNECTED @ https://csync.loopme.me/?partner_id=2259&vt=RX-9ec1288d-a6be-4e05-a575-925bfbfcec30-005&us_privacy=1---&rndcb=3695539100:0
[   93148ms] [ERROR] Failed to load resource: the server responded with a status of 404 () @ https://cs.admanmedia.com/cbaf91328596cd8e6c6aac070d7c695b.gif?puid=[UID]&redir=[RED]&gdpr=[GDPR]&gdpr_consent=[GDPR_CONSENT]&ccpa=[CCPA]&coppa=[COPPA]&us_privacy=1---&rndcb=1210572107:0
[   93344ms] [ERROR] Failed to load resource: the server responded with a status of 400 () @ https://match.prod.bidr.io/cookie-sync/ro?us_privacy=1---&rndcb=1144717434:0
[   95954ms] [ERROR] Failed to load resource: net::ERR_SOCKET_NOT_CONNECTED @ https://csync.loopme.me/?redirect=https%3A%2F%2Fsync.1rx.io%2Fusersync3%2Floopme%2F%2F%7Bdevice_id%7D%3Fzcc%3D0%26sspret%3D1%26us_privacy%3D1---&pubid=9718&us_privacy=1---&rndcb=2088199819:0
[   97727ms] [ERROR] Failed to load resource: net::ERR_NAME_NOT_RESOLVED @ https://tracker.pre.vr-tb.com/sync?id=3&uid=RX-9ec1288d-a6be-4e05-a575-925bfbfcec30-005&us_privacy=1---&rndcb=5500735770:0
[   98194ms] [ERROR] Failed to load resource: net::ERR_NAME_NOT_RESOLVED @ https://cs.iqzone.com/cd7df7742ce9820014dceb9d36ea934e.gif?puid=RX-9ec1288d-a6be-4e05-a575-925bfbfcec30-005&us_privacy=1---&rndcb=4646964125:0
[   99759ms] [ERROR] Failed to load resource: net::ERR_NAME_NOT_RESOLVED @ https://x.fidelity-media.com/match.php?dsp=RHTMKUB&uid=RX-9ec1288d-a6be-4e05-a575-925bfbfcec30-005&us_privacy=1---&rndcb=5875170170:0
[   99759ms] [ERROR] Failed to load resource: the server responded with a status of 401 () @ https://sync.ex.co/v1/setuid/copper6/?gdpr=[GDPR]&gdpr_consent=[GDPR_CONSENT]&gpp=[GPP]&gpp_sid=[GPP_SID]&uid=8b40d63c-9b6e-4ae4-8015-10ac1a43d577:0
[   99760ms] [ERROR] Failed to load resource: the server responded with a status of 400 () @ https://cm.mgid.com/m?cdsp=834161&c=RX-9ec1288d-a6be-4e05-a575-925bfbfcec30-005&us_privacy=1---&rndcb=6837296067:0
[   99799ms] [ERROR] Failed to load resource: the server responded with a status of 404 () @ https://match.justpremium.com/match/un?rid=r-4111cedb-72e5-4a0d-8cbd-4b6c3882923c-1687-778229178&jp_uid=lk2-um-bfeb8f08-96fa-4da8-b070-7171050cd12e-1613989936&ex_uid=RX-9ec1288d-a6be-4e05-a575-925bfbfcec30-005&us_privacy=1---&rndcb=6755002177:0
[   99963ms] [ERROR] Failed to load resource: the server responded with a status of 400 () @ https://mfx.mobilefuse.com/setuid?pid=unr&uid=RX-9ec1288d-a6be-4e05-a575-925bfbfcec30-005&us_privacy=1---&rndcb=3485535791:0
[   99983ms] [ERROR] Failed to load resource: net::ERR_NAME_NOT_RESOLVED @ https://sync.spotim.market/csync?t=a&ep=708476&extuid=RX-9ec1288d-a6be-4e05-a575-925bfbfcec30-005&us_privacy=1---&rndcb=2790323897:0
[  101251ms] [ERROR] Failed to load resource: net::ERR_NAME_NOT_RESOLVED @ https://sync.pubwise.io/usersync/unrulydspctv/RX-9ec1288d-a6be-4e05-a575-925bfbfcec30-005?us_privacy=1---&rndcb=431564914:0
[  104426ms] [ERROR] Failed to load resource: net::ERR_TOO_MANY_REDIRECTS @ https://sync-ssp.adsmovil.com/25272641f0ca28f71a7ea277c4985249.gif?puid=2648036472040787691&redir=https%3A%2F%2Fssbsync.smartadserver.com%2Fapi%2Fsync%3FcallerId%3D301&gdpr=0&gdpr_consent=:0
[  104567ms] [ERROR] Failed to load resource: net::ERR_CERT_COMMON_NAME_INVALID @ https://sync.programmaticx.ai/api/cookie?partnerId=progx-unruly&userId=RX-9ec1288d-a6be-4e05-a575-925bfbfcec30-005&us_privacy=1---&rndcb=1162585388:0
[  109092ms] [ERROR] Failed to load resource: net::ERR_TOO_MANY_REDIRECTS @ https://cs.pgammedia.com/bf4103da5f0fb6ae0166419ea1a784aa.gif?gdpr=$$[GDPR]&gdpr_consent=$$[GDPR_CONSENT]&us_privacy=$[CCPA]&uid=$5e8b229a-39dc-4495-8c54-0b4c4d198901&cookie_age=$[COOKIE_AGE]:0
[  109104ms] [ERROR] Failed to load resource: net::ERR_NAME_NOT_RESOLVED @ https://tracker.ortb.vuukle.com/sync?id=35&uid=RX-9ec1288d-a6be-4e05-a575-925bfbfcec30-005&us_privacy=1---&rndcb=4007536479:0
[  109111ms] [ERROR] Failed to load resource: net::ERR_NAME_NOT_RESOLVED @ https://hb.yahoo.net/cksync.php?cs=1&type=56551&ovsid=RX-9ec1288d-a6be-4e05-a575-925bfbfcec30-005&us_privacy=1---&rndcb=1521567313:0
[  109119ms] [ERROR] Failed to load resource: net::ERR_NAME_NOT_RESOLVED @ https://cs.iqzone.com/dad9a774fb4631ad27a2b1e349bf882f.gif?puid=[UID]&redir=[RED]&gdpr=[GDPR]&gdpr_consent=[GDPR_CONSENT]&ccpa=[CCPA]&coppa=[COPPA]&us_privacy=1---&rndcb=5043859670:0
[  109119ms] [ERROR] Failed to load resource: net::ERR_NAME_NOT_RESOLVED @ https://cs.iqzone.com/dad9a774fb4631ad27a2b1e349bf882f.gif?puid=[UID]&redir=[RED]&gdpr=[GDPR]&gdpr_consent=[GDPR_CONSENT]&ccpa=[CCPA]&coppa=[COPPA]&us_privacy=1---&rndcb=743145145:0
[  109760ms] [ERROR] Failed to load resource: net::ERR_NAME_NOT_RESOLVED @ https://tracker-zmd.ortb.net/sync.html?us_privacy=1---&rndcb=1645288100:0
[  109761ms] [ERROR] Failed to load resource: the server responded with a status of 400 (Bad Request) @ https://sync.adkernel.com/user-sync?zone=83074&r=https%3A%2F%2Fsync.1rx.io%2Fusersync3%2Fyieldnexus%2F%2F%7BUID%7D%3Fzcc%3D0%26sspret%3D1%26us_privacy%3D1---&us_privacy=1---&rndcb=2924073219:0
[  109762ms] [ERROR] Failed to load resource: the server responded with a status of 400 (Bad Request) @ https://sync.adkernel.com/user-sync?zone=42861&r=https%3A%2F%2Fsync.1rx.io%2Fusersync3%2Fnativeads%2F%2F%7BUID%7D%3Fzcc%3D0%26sspret%3D1%26us_privacy%3D1---&us_privacy=1---&rndcb=4133114690:0
[  109764ms] [ERROR] Failed to load resource: the server responded with a status of 404 (Not Found) @ https://us.shb-sync.com/70d23a5f-6400-4661-9a33-825cbc2d2a1a.gif?puid=RX-9ec1288d-a6be-4e05-a575-925bfbfcec30-005&redir=[RED]&gdpr=[GDPR]&gdpr_consent=[GDPR_CONSENT]&ccpa=[CCPA]&us_privacy=1---&rndcb=2797034035:0
[  113738ms] [ERROR] Failed to load resource: net::ERR_NAME_NOT_RESOLVED @ https://visitor-gen01.omnitagjs.com/visitor/bsync?uid=5183beddfca39cdc784820fdf854594d&name=gen01&url=https%3A%2F%2Fpbjs.rbstsystems.live%2Fsync_proceed%3Fbn%3Dseat_218%26brk%3D0%26brk2%3D0%26us_privacy%3D%252C%26gdpr%3D%26gdpr_consent%3D%252C%26u%3DPARTNER_USER_ID:0
[  114192ms] [ERROR] Failed to load resource: net::ERR_TOO_MANY_REDIRECTS @ https://sync.intentiq.com/profiles_engine/ProfilesEngineServlet?at=20&dpi=1357991113&mi=10&csh=793790479;1486637409;259151345;1868283820;396218182;1207058874&rnd=816938424&pcid=4263714045655984000V10:0
[  127473ms] [ERROR] Failed to load resource: net::ERR_TIMED_OUT @ https://ittpx.eskimi.com/sync?dp_id=170&user_id=RX-9ec1288d-a6be-4e05-a575-925bfbfcec30-005&us_privacy=1---&rndcb=5712487485:0
[  165754ms] [ERROR] Failed to load resource: net::ERR_CONNECTION_TIMED_OUT @ https://cookie.360playvid.com/e14743b15a44763f7d074962a0ede981.gif?puid=RX-9ec1288d-a6be-4e05-a575-925bfbfcec30-005&us_privacy=1---&rndcb=1023525675:0
[  184022ms] [ERROR] Failed to load resource: net::ERR_CONNECTION_TIMED_OUT @ https://rp.gwallet.com/r1/cm/p121?uuid=RX-9ec1288d-a6be-4e05-a575-925bfbfcec30-005&us_privacy=1---&rndcb=3867747032:0
[  186195ms] [ERROR] Failed to load resource: net::ERR_CONNECTION_TIMED_OUT @ https://ads.stickyadstv.com/user-registering?dataProviderId=1570&userId=RX-9ec1288d-a6be-4e05-a575-925bfbfcec30-005&us_privacy=1---&rndcb=7416659682:0
[  261016ms] [ERROR] Refused to execute script from 'https://metrics.getrockerbox.com/track/v5?source=semrush&tier_one=dv360&tier_two=${INSERTION_ORDER_ID}&tier_three=${CAMPAIGN_ID}&tier_four=${CREATIVE_ID}&auction_id=${CACHEBUSTER}&referrer=${SOURCE_URL}' because its MIME type ('image/gif') is not executable. @ https://srv.flashb.id/sf/1.1/37dc2490-e69a-50b6-b814-d999fdbee40b/render.html?m=true&csa=1:0
[   78529ms] [ERROR] Attestation check for Shared Storage on https://www.googleadservices.com failed. @ https://www.googleadservices.com/pagead/managed/js/activeview/current/reach_worklet.html:0
[   80049ms] [ERROR] Attestation check for Shared Storage on https://www.googleadservices.com failed. @ https://www.googleadservices.com/pagead/managed/js/activeview/current/reach_worklet.html:0
[   84334ms] [ERROR] Attestation check for Shared Storage on https://www.googleadservices.com failed. @ https://www.googleadservices.com/pagead/managed/js/activeview/current/reach_worklet.html:0
[   86621ms] [ERROR] Attestation check for Shared Storage on https://www.googleadservices.com failed. @ https://www.googleadservices.com/pagead/managed/js/activeview/current/reach_worklet.html:0
[   88257ms] [ERROR] Attestation check for Shared Storage on https://www.googleadservices.com failed. @ https://www.googleadservices.com/pagead/managed/js/activeview/current/reach_worklet.html:0
[   91243ms] [ERROR] Attestation check for Shared Storage on https://www.googleadservices.com failed. @ https://www.googleadservices.com/pagead/managed/js/activeview/current/reach_worklet.html:0
[   97248ms] [ERROR] Attestation check for Shared Storage on https://www.googleadservices.com failed. @ https://www.googleadservices.com/pagead/managed/js/activeview/current/reach_worklet.html:0
[   98816ms] [ERROR] Attestation check for Shared Storage on https://www.googleadservices.com failed. @ https://www.googleadservices.com/pagead/managed/js/activeview/current/reach_worklet.html:0
[  100343ms] [ERROR] Attestation check for Shared Storage on https://www.googleadservices.com failed. @ https://www.googleadservices.com/pagead/managed/js/activeview/current/reach_worklet.html:0
[  106043ms] [ERROR] Attestation check for Shared Storage on https://www.googleadservices.com failed. @ https://www.googleadservices.com/pagead/managed/js/activeview/current/reach_worklet.html:0
[  109172ms] [ERROR] Attestation check for Shared Storage on https://www.googleadservices.com failed. @ https://www.googleadservices.com/pagead/managed/js/activeview/current/reach_worklet.html:0
[  124379ms] [ERROR] Attestation check for Shared Storage on https://www.googleadservices.com failed. @ https://www.googleadservices.com/pagead/managed/js/activeview/current/reach_worklet.html:0
[  124947ms] [ERROR] Attestation check for Shared Storage on https://www.googleadservices.com failed. @ https://www.googleadservices.com/pagead/managed/js/activeview/current/reach_worklet.html:0
[  138093ms] [ERROR] Attestation check for Shared Storage on https://www.googleadservices.com failed. @ https://www.googleadservices.com/pagead/managed/js/activeview/current/reach_worklet.html:0
[  140951ms] [ERROR] Attestation check for Shared Storage on https://www.googleadservices.com failed. @ https://www.googleadservices.com/pagead/managed/js/activeview/current/reach_worklet.html:0
[  145508ms] [ERROR] Attestation check for Shared Storage on https://www.googleadservices.com failed. @ https://www.googleadservices.com/pagead/managed/js/activeview/current/reach_worklet.html:0
[  149876ms] [ERROR] Attestation check for Shared Storage on https://www.googleadservices.com failed. @ https://www.googleadservices.com/pagead/managed/js/activeview/current/reach_worklet.html:0
[  155200ms] [ERROR] Attestation check for Shared Storage on https://www.googleadservices.com failed. @ https://www.googleadservices.com/pagead/managed/js/activeview/current/reach_worklet.html:0
[  157463ms] [ERROR] Attestation check for Shared Storage on https://www.googleadservices.com failed. @ https://www.googleadservices.com/pagead/managed/js/activeview/current/reach_worklet.html:0
[  160680ms] [ERROR] Attestation check for Shared Storage on https://www.googleadservices.com failed. @ https://www.googleadservices.com/pagead/managed/js/activeview/current/reach_worklet.html:0
[  163140ms] [ERROR] Attestation check for Shared Storage on https://www.googleadservices.com failed. @ https://www.googleadservices.com/pagead/managed/js/activeview/current/reach_worklet.html:0
[  166167ms] [ERROR] Attestation check for Shared Storage on https://www.googleadservices.com failed. @ https://www.googleadservices.com/pagead/managed/js/activeview/current/reach_worklet.html:0
[  168519ms] [ERROR] Attestation check for Shared Storage on https://www.googleadservices.com failed. @ https://www.googleadservices.com/pagead/managed/js/activeview/current/reach_worklet.html:0
[  170847ms] [ERROR] Attestation check for Shared Storage on https://www.googleadservices.com failed. @ https://www.googleadservices.com/pagead/managed/js/activeview/current/reach_worklet.html:0
[  173923ms] [ERROR] Attestation check for Shared Storage on https://www.googleadservices.com failed. @ https://www.googleadservices.com/pagead/managed/js/activeview/current/reach_worklet.html:0
[  177973ms] [ERROR] Attestation check for Shared Storage on https://www.googleadservices.com failed. @ https://www.googleadservices.com/pagead/managed/js/activeview/current/reach_worklet.html:0
[  180303ms] [ERROR] Attestation check for Shared Storage on https://www.googleadservices.com failed. @ https://www.googleadservices.com/pagead/managed/js/activeview/current/reach_worklet.html:0
[  188922ms] [ERROR] Attestation check for Shared Storage on https://www.googleadservices.com failed. @ https://www.googleadservices.com/pagead/managed/js/activeview/current/reach_worklet.html:0
[  193185ms] [ERROR] Attestation check for Shared Storage on https://www.googleadservices.com failed. @ https://www.googleadservices.com/pagead/managed/js/activeview/current/reach_worklet.html:0
[  194786ms] [ERROR] Attestation check for Shared Storage on https://www.googleadservices.com failed. @ https://www.googleadservices.com/pagead/managed/js/activeview/current/reach_worklet.html:0
[  200567ms] [ERROR] Attestation check for Shared Storage on https://www.googleadservices.com failed. @ https://www.googleadservices.com/pagead/managed/js/activeview/current/reach_worklet.html:0
[  201255ms] [ERROR] Attestation check for Shared Storage on https://www.googleadservices.com failed. @ https://www.googleadservices.com/pagead/managed/js/activeview/current/reach_worklet.html:0
[  209361ms] [ERROR] Attestation check for Shared Storage on https://www.googleadservices.com failed. @ https://www.googleadservices.com/pagead/managed/js/activeview/current/reach_worklet.html:0
[  213229ms] [ERROR] Attestation check for Shared Storage on https://www.googleadservices.com failed. @ https://www.googleadservices.com/pagead/managed/js/activeview/current/reach_worklet.html:0
[  214403ms] [ERROR] Attestation check for Shared Storage on https://www.googleadservices.com failed. @ https://www.googleadservices.com/pagead/managed/js/activeview/current/reach_worklet.html:0
[  222422ms] [ERROR] Attestation check for Shared Storage on https://www.googleadservices.com failed. @ https://www.googleadservices.com/pagead/managed/js/activeview/current/reach_worklet.html:0
[  229755ms] [ERROR] Attestation check for Shared Storage on https://www.googleadservices.com failed. @ https://www.googleadservices.com/pagead/managed/js/activeview/current/reach_worklet.html:0
[  236867ms] [ERROR] Attestation check for Shared Storage on https://www.googleadservices.com failed. @ https://www.googleadservices.com/pagead/managed/js/activeview/current/reach_worklet.html:0
[  239503ms] [ERROR] Attestation check for Shared Storage on https://www.googleadservices.com failed. @ https://www.googleadservices.com/pagead/managed/js/activeview/current/reach_worklet.html:0
[  243389ms] [ERROR] Attestation check for Shared Storage on https://www.googleadservices.com failed. @ https://www.googleadservices.com/pagead/managed/js/activeview/current/reach_worklet.html:0
[  249294ms] [ERROR] Attestation check for Shared Storage on https://www.googleadservices.com failed. @ https://www.googleadservices.com/pagead/managed/js/activeview/current/reach_worklet.html:0
[  251253ms] [ERROR] Attestation check for Shared Storage on https://www.googleadservices.com failed. @ https://www.googleadservices.com/pagead/managed/js/activeview/current/reach_worklet.html:0
[  259368ms] [ERROR] Attestation check for Shared Storage on https://www.googleadservices.com failed. @ https://www.googleadservices.com/pagead/managed/js/activeview/current/reach_worklet.html:0
[  261017ms] [ERROR] Attestation check for Shared Storage on https://www.googleadservices.com failed. @ https://www.googleadservices.com/pagead/managed/js/activeview/current/reach_worklet.html:0
[  267160ms] [ERROR] Attestation check for Shared Storage on https://www.googleadservices.com failed. @ https://www.googleadservices.com/pagead/managed/js/activeview/current/reach_worklet.html:0
[  271685ms] [ERROR] Attestation check for Shared Storage on https://www.googleadservices.com failed. @ https://www.googleadservices.com/pagead/managed/js/activeview/current/reach_worklet.html:0
[  273665ms] [TIMEEND] a: 0.0009765625 ms @ https://static.adsafeprotected.com/sca.17.6.4.js:31
[  277581ms] Failed to read a named property 'document' from 'Window': Blocked a frame with origin "https://srv.flashb.id" from accessing a frame with origin "https://www.w3schools.com". Protocols, domains, and ports must match.
[  277612ms] [ERROR] Failed to load resource: net::ERR_CONNECTION_CLOSED @ https://pxl.iqm.com/i/ck/equativ?cid=SMART_USER_ID&redir=https%3A%2F%2Frtb-csync.smartadserver.com%2Fredir%2F%3Fissi%3D1%26partnerid%3D154%26partneruserid%3D%7BIQM_COOKIE%7D&gdpr=0&gdpr_consent=:0
[   78529ms] [ERROR] Attestation check for Shared Storage on https://www.googleadservices.com failed. @ https://www.googleadservices.com/pagead/managed/js/activeview/current/reach_worklet.html:0
[   80049ms] [ERROR] Attestation check for Shared Storage on https://www.googleadservices.com failed. @ https://www.googleadservices.com/pagead/managed/js/activeview/current/reach_worklet.html:0
[   84334ms] [ERROR] Attestation check for Shared Storage on https://www.googleadservices.com failed. @ https://www.googleadservices.com/pagead/managed/js/activeview/current/reach_worklet.html:0
[   86621ms] [ERROR] Attestation check for Shared Storage on https://www.googleadservices.com failed. @ https://www.googleadservices.com/pagead/managed/js/activeview/current/reach_worklet.html:0
[   88257ms] [ERROR] Attestation check for Shared Storage on https://www.googleadservices.com failed. @ https://www.googleadservices.com/pagead/managed/js/activeview/current/reach_worklet.html:0
[   91243ms] [ERROR] Attestation check for Shared Storage on https://www.googleadservices.com failed. @ https://www.googleadservices.com/pagead/managed/js/activeview/current/reach_worklet.html:0
[   97248ms] [ERROR] Attestation check for Shared Storage on https://www.googleadservices.com failed. @ https://www.googleadservices.com/pagead/managed/js/activeview/current/reach_worklet.html:0
[   98816ms] [ERROR] Attestation check for Shared Storage on https://www.googleadservices.com failed. @ https://www.googleadservices.com/pagead/managed/js/activeview/current/reach_worklet.html:0
[  100343ms] [ERROR] Attestation check for Shared Storage on https://www.googleadservices.com failed. @ https://www.googleadservices.com/pagead/managed/js/activeview/current/reach_worklet.html:0
[  106043ms] [ERROR] Attestation check for Shared Storage on https://www.googleadservices.com failed. @ https://www.googleadservices.com/pagead/managed/js/activeview/current/reach_worklet.html:0
[  109172ms] [ERROR] Attestation check for Shared Storage on https://www.googleadservices.com failed. @ https://www.googleadservices.com/pagead/managed/js/activeview/current/reach_worklet.html:0
[  124379ms] [ERROR] Attestation check for Shared Storage on https://www.googleadservices.com failed. @ https://www.googleadservices.com/pagead/managed/js/activeview/current/reach_worklet.html:0
[  124947ms] [ERROR] Attestation check for Shared Storage on https://www.googleadservices.com failed. @ https://www.googleadservices.com/pagead/managed/js/activeview/current/reach_worklet.html:0
[  138093ms] [ERROR] Attestation check for Shared Storage on https://www.googleadservices.com failed. @ https://www.googleadservices.com/pagead/managed/js/activeview/current/reach_worklet.html:0
[  140951ms] [ERROR] Attestation check for Shared Storage on https://www.googleadservices.com failed. @ https://www.googleadservices.com/pagead/managed/js/activeview/current/reach_worklet.html:0
[  145508ms] [ERROR] Attestation check for Shared Storage on https://www.googleadservices.com failed. @ https://www.googleadservices.com/pagead/managed/js/activeview/current/reach_worklet.html:0
[  149876ms] [ERROR] Attestation check for Shared Storage on https://www.googleadservices.com failed. @ https://www.googleadservices.com/pagead/managed/js/activeview/current/reach_worklet.html:0
[  155200ms] [ERROR] Attestation check for Shared Storage on https://www.googleadservices.com failed. @ https://www.googleadservices.com/pagead/managed/js/activeview/current/reach_worklet.html:0
[  157463ms] [ERROR] Attestation check for Shared Storage on https://www.googleadservices.com failed. @ https://www.googleadservices.com/pagead/managed/js/activeview/current/reach_worklet.html:0
[  160680ms] [ERROR] Attestation check for Shared Storage on https://www.googleadservices.com failed. @ https://www.googleadservices.com/pagead/managed/js/activeview/current/reach_worklet.html:0
[  163140ms] [ERROR] Attestation check for Shared Storage on https://www.googleadservices.com failed. @ https://www.googleadservices.com/pagead/managed/js/activeview/current/reach_worklet.html:0
[  166167ms] [ERROR] Attestation check for Shared Storage on https://www.googleadservices.com failed. @ https://www.googleadservices.com/pagead/managed/js/activeview/current/reach_worklet.html:0
[  168519ms] [ERROR] Attestation check for Shared Storage on https://www.googleadservices.com failed. @ https://www.googleadservices.com/pagead/managed/js/activeview/current/reach_worklet.html:0
[  170847ms] [ERROR] Attestation check for Shared Storage on https://www.googleadservices.com failed. @ https://www.googleadservices.com/pagead/managed/js/activeview/current/reach_worklet.html:0
[  173923ms] [ERROR] Attestation check for Shared Storage on https://www.googleadservices.com failed. @ https://www.googleadservices.com/pagead/managed/js/activeview/current/reach_worklet.html:0
[  177973ms] [ERROR] Attestation check for Shared Storage on https://www.googleadservices.com failed. @ https://www.googleadservices.com/pagead/managed/js/activeview/current/reach_worklet.html:0
[  180303ms] [ERROR] Attestation check for Shared Storage on https://www.googleadservices.com failed. @ https://www.googleadservices.com/pagead/managed/js/activeview/current/reach_worklet.html:0
[  188922ms] [ERROR] Attestation check for Shared Storage on https://www.googleadservices.com failed. @ https://www.googleadservices.com/pagead/managed/js/activeview/current/reach_worklet.html:0
[  193185ms] [ERROR] Attestation check for Shared Storage on https://www.googleadservices.com failed. @ https://www.googleadservices.com/pagead/managed/js/activeview/current/reach_worklet.html:0
[  194786ms] [ERROR] Attestation check for Shared Storage on https://www.googleadservices.com failed. @ https://www.googleadservices.com/pagead/managed/js/activeview/current/reach_worklet.html:0
[  200567ms] [ERROR] Attestation check for Shared Storage on https://www.googleadservices.com failed. @ https://www.googleadservices.com/pagead/managed/js/activeview/current/reach_worklet.html:0
[  201255ms] [ERROR] Attestation check for Shared Storage on https://www.googleadservices.com failed. @ https://www.googleadservices.com/pagead/managed/js/activeview/current/reach_worklet.html:0
[  209361ms] [ERROR] Attestation check for Shared Storage on https://www.googleadservices.com failed. @ https://www.googleadservices.com/pagead/managed/js/activeview/current/reach_worklet.html:0
[  213229ms] [ERROR] Attestation check for Shared Storage on https://www.googleadservices.com failed. @ https://www.googleadservices.com/pagead/managed/js/activeview/current/reach_worklet.html:0
[  214403ms] [ERROR] Attestation check for Shared Storage on https://www.googleadservices.com failed. @ https://www.googleadservices.com/pagead/managed/js/activeview/current/reach_worklet.html:0
[  222422ms] [ERROR] Attestation check for Shared Storage on https://www.googleadservices.com failed. @ https://www.googleadservices.com/pagead/managed/js/activeview/current/reach_worklet.html:0
[  229755ms] [ERROR] Attestation check for Shared Storage on https://www.googleadservices.com failed. @ https://www.googleadservices.com/pagead/managed/js/activeview/current/reach_worklet.html:0
[  236867ms] [ERROR] Attestation check for Shared Storage on https://www.googleadservices.com failed. @ https://www.googleadservices.com/pagead/managed/js/activeview/current/reach_worklet.html:0
[  239503ms] [ERROR] Attestation check for Shared Storage on https://www.googleadservices.com failed. @ https://www.googleadservices.com/pagead/managed/js/activeview/current/reach_worklet.html:0
[  243389ms] [ERROR] Attestation check for Shared Storage on https://www.googleadservices.com failed. @ https://www.googleadservices.com/pagead/managed/js/activeview/current/reach_worklet.html:0
[  249294ms] [ERROR] Attestation check for Shared Storage on https://www.googleadservices.com failed. @ https://www.googleadservices.com/pagead/managed/js/activeview/current/reach_worklet.html:0
[  251253ms] [ERROR] Attestation check for Shared Storage on https://www.googleadservices.com failed. @ https://www.googleadservices.com/pagead/managed/js/activeview/current/reach_worklet.html:0
[  259368ms] [ERROR] Attestation check for Shared Storage on https://www.googleadservices.com failed. @ https://www.googleadservices.com/pagead/managed/js/activeview/current/reach_worklet.html:0
[  261017ms] [ERROR] Attestation check for Shared Storage on https://www.googleadservices.com failed. @ https://www.googleadservices.com/pagead/managed/js/activeview/current/reach_worklet.html:0
[  267160ms] [ERROR] Attestation check for Shared Storage on https://www.googleadservices.com failed. @ https://www.googleadservices.com/pagead/managed/js/activeview/current/reach_worklet.html:0
[  271685ms] [ERROR] Attestation check for Shared Storage on https://www.googleadservices.com failed. @ https://www.googleadservices.com/pagead/managed/js/activeview/current/reach_worklet.html:0
[  279060ms] [ERROR] Attestation check for Shared Storage on https://www.googleadservices.com failed. @ https://www.googleadservices.com/pagead/managed/js/activeview/current/reach_worklet.html:0
[  279316ms] [ERROR] Failed to load resource: net::ERR_SOCKET_NOT_CONNECTED @ https://csync.loopme.me/?redirect=https%3A%2F%2Frtb-csync.smartadserver.com%2Fredir%2F%3Fissi%3D1%26partnerid%3D124%26partneruserid%3D%7Bdevice_id%7D&pubid=5679&gdpr=0&gdpr_consent=:0
[   78529ms] [ERROR] Attestation check for Shared Storage on https://www.googleadservices.com failed. @ https://www.googleadservices.com/pagead/managed/js/activeview/current/reach_worklet.html:0
[   80049ms] [ERROR] Attestation check for Shared Storage on https://www.googleadservices.com failed. @ https://www.googleadservices.com/pagead/managed/js/activeview/current/reach_worklet.html:0
[   84334ms] [ERROR] Attestation check for Shared Storage on https://www.googleadservices.com failed. @ https://www.googleadservices.com/pagead/managed/js/activeview/current/reach_worklet.html:0
[   86621ms] [ERROR] Attestation check for Shared Storage on https://www.googleadservices.com failed. @ https://www.googleadservices.com/pagead/managed/js/activeview/current/reach_worklet.html:0
[   88257ms] [ERROR] Attestation check for Shared Storage on https://www.googleadservices.com failed. @ https://www.googleadservices.com/pagead/managed/js/activeview/current/reach_worklet.html:0
[   91243ms] [ERROR] Attestation check for Shared Storage on https://www.googleadservices.com failed. @ https://www.googleadservices.com/pagead/managed/js/activeview/current/reach_worklet.html:0
[   97248ms] [ERROR] Attestation check for Shared Storage on https://www.googleadservices.com failed. @ https://www.googleadservices.com/pagead/managed/js/activeview/current/reach_worklet.html:0
[   98816ms] [ERROR] Attestation check for Shared Storage on https://www.googleadservices.com failed. @ https://www.googleadservices.com/pagead/managed/js/activeview/current/reach_worklet.html:0
[  100343ms] [ERROR] Attestation check for Shared Storage on https://www.googleadservices.com failed. @ https://www.googleadservices.com/pagead/managed/js/activeview/current/reach_worklet.html:0
[  106043ms] [ERROR] Attestation check for Shared Storage on https://www.googleadservices.com failed. @ https://www.googleadservices.com/pagead/managed/js/activeview/current/reach_worklet.html:0
[  109172ms] [ERROR] Attestation check for Shared Storage on https://www.googleadservices.com failed. @ https://www.googleadservices.com/pagead/managed/js/activeview/current/reach_worklet.html:0
[  124379ms] [ERROR] Attestation check for Shared Storage on https://www.googleadservices.com failed. @ https://www.googleadservices.com/pagead/managed/js/activeview/current/reach_worklet.html:0
[  124947ms] [ERROR] Attestation check for Shared Storage on https://www.googleadservices.com failed. @ https://www.googleadservices.com/pagead/managed/js/activeview/current/reach_worklet.html:0
[  138093ms] [ERROR] Attestation check for Shared Storage on https://www.googleadservices.com failed. @ https://www.googleadservices.com/pagead/managed/js/activeview/current/reach_worklet.html:0
[  140951ms] [ERROR] Attestation check for Shared Storage on https://www.googleadservices.com failed. @ https://www.googleadservices.com/pagead/managed/js/activeview/current/reach_worklet.html:0
[  145508ms] [ERROR] Attestation check for Shared Storage on https://www.googleadservices.com failed. @ https://www.googleadservices.com/pagead/managed/js/activeview/current/reach_worklet.html:0
[  149876ms] [ERROR] Attestation check for Shared Storage on https://www.googleadservices.com failed. @ https://www.googleadservices.com/pagead/managed/js/activeview/current/reach_worklet.html:0
[  155200ms] [ERROR] Attestation check for Shared Storage on https://www.googleadservices.com failed. @ https://www.googleadservices.com/pagead/managed/js/activeview/current/reach_worklet.html:0
[  157463ms] [ERROR] Attestation check for Shared Storage on https://www.googleadservices.com failed. @ https://www.googleadservices.com/pagead/managed/js/activeview/current/reach_worklet.html:0
[  160680ms] [ERROR] Attestation check for Shared Storage on https://www.googleadservices.com failed. @ https://www.googleadservices.com/pagead/managed/js/activeview/current/reach_worklet.html:0
[  163140ms] [ERROR] Attestation check for Shared Storage on https://www.googleadservices.com failed. @ https://www.googleadservices.com/pagead/managed/js/activeview/current/reach_worklet.html:0
[  166167ms] [ERROR] Attestation check for Shared Storage on https://www.googleadservices.com failed. @ https://www.googleadservices.com/pagead/managed/js/activeview/current/reach_worklet.html:0
[  168519ms] [ERROR] Attestation check for Shared Storage on https://www.googleadservices.com failed. @ https://www.googleadservices.com/pagead/managed/js/activeview/current/reach_worklet.html:0
[  170847ms] [ERROR] Attestation check for Shared Storage on https://www.googleadservices.com failed. @ https://www.googleadservices.com/pagead/managed/js/activeview/current/reach_worklet.html:0
[  173923ms] [ERROR] Attestation check for Shared Storage on https://www.googleadservices.com failed. @ https://www.googleadservices.com/pagead/managed/js/activeview/current/reach_worklet.html:0
[  177973ms] [ERROR] Attestation check for Shared Storage on https://www.googleadservices.com failed. @ https://www.googleadservices.com/pagead/managed/js/activeview/current/reach_worklet.html:0
[  180303ms] [ERROR] Attestation check for Shared Storage on https://www.googleadservices.com failed. @ https://www.googleadservices.com/pagead/managed/js/activeview/current/reach_worklet.html:0
[  188922ms] [ERROR] Attestation check for Shared Storage on https://www.googleadservices.com failed. @ https://www.googleadservices.com/pagead/managed/js/activeview/current/reach_worklet.html:0
[  193185ms] [ERROR] Attestation check for Shared Storage on https://www.googleadservices.com failed. @ https://www.googleadservices.com/pagead/managed/js/activeview/current/reach_worklet.html:0
[  194786ms] [ERROR] Attestation check for Shared Storage on https://www.googleadservices.com failed. @ https://www.googleadservices.com/pagead/managed/js/activeview/current/reach_worklet.html:0
[  200567ms] [ERROR] Attestation check for Shared Storage on https://www.googleadservices.com failed. @ https://www.googleadservices.com/pagead/managed/js/activeview/current/reach_worklet.html:0
[  201255ms] [ERROR] Attestation check for Shared Storage on https://www.googleadservices.com failed. @ https://www.googleadservices.com/pagead/managed/js/activeview/current/reach_worklet.html:0
[  209361ms] [ERROR] Attestation check for Shared Storage on https://www.googleadservices.com failed. @ https://www.googleadservices.com/pagead/managed/js/activeview/current/reach_worklet.html:0
[  213229ms] [ERROR] Attestation check for Shared Storage on https://www.googleadservices.com failed. @ https://www.googleadservices.com/pagead/managed/js/activeview/current/reach_worklet.html:0
[  214403ms] [ERROR] Attestation check for Shared Storage on https://www.googleadservices.com failed. @ https://www.googleadservices.com/pagead/managed/js/activeview/current/reach_worklet.html:0
[  222422ms] [ERROR] Attestation check for Shared Storage on https://www.googleadservices.com failed. @ https://www.googleadservices.com/pagead/managed/js/activeview/current/reach_worklet.html:0
[  229755ms] [ERROR] Attestation check for Shared Storage on https://www.googleadservices.com failed. @ https://www.googleadservices.com/pagead/managed/js/activeview/current/reach_worklet.html:0
[  236867ms] [ERROR] Attestation check for Shared Storage on https://www.googleadservices.com failed. @ https://www.googleadservices.com/pagead/managed/js/activeview/current/reach_worklet.html:0
[  239503ms] [ERROR] Attestation check for Shared Storage on https://www.googleadservices.com failed. @ https://www.googleadservices.com/pagead/managed/js/activeview/current/reach_worklet.html:0
[  243389ms] [ERROR] Attestation check for Shared Storage on https://www.googleadservices.com failed. @ https://www.googleadservices.com/pagead/managed/js/activeview/current/reach_worklet.html:0
[  249294ms] [ERROR] Attestation check for Shared Storage on https://www.googleadservices.com failed. @ https://www.googleadservices.com/pagead/managed/js/activeview/current/reach_worklet.html:0
[  251253ms] [ERROR] Attestation check for Shared Storage on https://www.googleadservices.com failed. @ https://www.googleadservices.com/pagead/managed/js/activeview/current/reach_worklet.html:0
[  259368ms] [ERROR] Attestation check for Shared Storage on https://www.googleadservices.com failed. @ https://www.googleadservices.com/pagead/managed/js/activeview/current/reach_worklet.html:0
[  261017ms] [ERROR] Attestation check for Shared Storage on https://www.googleadservices.com failed. @ https://www.googleadservices.com/pagead/managed/js/activeview/current/reach_worklet.html:0
[  267160ms] [ERROR] Attestation check for Shared Storage on https://www.googleadservices.com failed. @ https://www.googleadservices.com/pagead/managed/js/activeview/current/reach_worklet.html:0
[  271685ms] [ERROR] Attestation check for Shared Storage on https://www.googleadservices.com failed. @ https://www.googleadservices.com/pagead/managed/js/activeview/current/reach_worklet.html:0
[  279060ms] [ERROR] Attestation check for Shared Storage on https://www.googleadservices.com failed. @ https://www.googleadservices.com/pagead/managed/js/activeview/current/reach_worklet.html:0
[   85754ms] [ERROR] Failed to load resource: net::ERR_NAME_NOT_RESOLVED @ https://cookie-sync.api.soundcast.fm/v1/esync?url=https%3A%2F%2Fcm.g.doubleclick.net%2Fpixel%3Fgoogle_nid%3Dsoundcast_dbm%26google_hm%3D%24UID&gdpr=0:0
[  284305ms] [ERROR] Attestation check for Shared Storage on https://www.googleadservices.com failed. @ https://www.googleadservices.com/pagead/managed/js/activeview/current/reach_worklet.html:0
[   85754ms] [ERROR] Failed to load resource: net::ERR_NAME_NOT_RESOLVED @ https://cookie-sync.api.soundcast.fm/v1/esync?url=https%3A%2F%2Fcm.g.doubleclick.net%2Fpixel%3Fgoogle_nid%3Dsoundcast_dbm%26google_hm%3D%24UID&gdpr=0:0
[  285987ms] [ERROR] Failed to load resource: net::ERR_NAME_NOT_RESOLVED @ https://cw.addthis.com/t.gif?pid=88&pidt=0&pdid=8c6c2673-ad32-4577-a82f-6834f0311f1c&cu=:0
[  286845ms] [ERROR] Failed to load resource: net::ERR_NAME_NOT_RESOLVED @ https://cw.addthis.com/t.gif?pid=88&pidt=0&pdid=8c6c2673-ad32-4577-a82f-6834f0311f1c&cu=:0
[  285987ms] [ERROR] Failed to load resource: net::ERR_NAME_NOT_RESOLVED @ https://cw.addthis.com/t.gif?pid=88&pidt=0&pdid=8c6c2673-ad32-4577-a82f-6834f0311f1c&cu=:0
[  286845ms] [ERROR] Failed to load resource: net::ERR_NAME_NOT_RESOLVED @ https://cw.addthis.com/t.gif?pid=88&pidt=0&pdid=8c6c2673-ad32-4577-a82f-6834f0311f1c&cu=:0
[  287132ms] [ERROR] Failed to load resource: the server responded with a status of 408 () @ https://pbsj-us-east.bricks-co.com/openrtb2/auction:0
[   85754ms] [ERROR] Failed to load resource: net::ERR_NAME_NOT_RESOLVED @ https://cookie-sync.api.soundcast.fm/v1/esync?url=https%3A%2F%2Fcm.g.doubleclick.net%2Fpixel%3Fgoogle_nid%3Dsoundcast_dbm%26google_hm%3D%24UID&gdpr=0:0
[   78529ms] [ERROR] Attestation check for Shared Storage on https://www.googleadservices.com failed. @ https://www.googleadservices.com/pagead/managed/js/activeview/current/reach_worklet.html:0
[   80049ms] [ERROR] Attestation check for Shared Storage on https://www.googleadservices.com failed. @ https://www.googleadservices.com/pagead/managed/js/activeview/current/reach_worklet.html:0
[   84334ms] [ERROR] Attestation check for Shared Storage on https://www.googleadservices.com failed. @ https://www.googleadservices.com/pagead/managed/js/activeview/current/reach_worklet.html:0
[   86621ms] [ERROR] Attestation check for Shared Storage on https://www.googleadservices.com failed. @ https://www.googleadservices.com/pagead/managed/js/activeview/current/reach_worklet.html:0
[   88257ms] [ERROR] Attestation check for Shared Storage on https://www.googleadservices.com failed. @ https://www.googleadservices.com/pagead/managed/js/activeview/current/reach_worklet.html:0
[   91243ms] [ERROR] Attestation check for Shared Storage on https://www.googleadservices.com failed. @ https://www.googleadservices.com/pagead/managed/js/activeview/current/reach_worklet.html:0
[   97248ms] [ERROR] Attestation check for Shared Storage on https://www.googleadservices.com failed. @ https://www.googleadservices.com/pagead/managed/js/activeview/current/reach_worklet.html:0
[   98816ms] [ERROR] Attestation check for Shared Storage on https://www.googleadservices.com failed. @ https://www.googleadservices.com/pagead/managed/js/activeview/current/reach_worklet.html:0
[  100343ms] [ERROR] Attestation check for Shared Storage on https://www.googleadservices.com failed. @ https://www.googleadservices.com/pagead/managed/js/activeview/current/reach_worklet.html:0
[  106043ms] [ERROR] Attestation check for Shared Storage on https://www.googleadservices.com failed. @ https://www.googleadservices.com/pagead/managed/js/activeview/current/reach_worklet.html:0
[  109172ms] [ERROR] Attestation check for Shared Storage on https://www.googleadservices.com failed. @ https://www.googleadservices.com/pagead/managed/js/activeview/current/reach_worklet.html:0
[  124379ms] [ERROR] Attestation check for Shared Storage on https://www.googleadservices.com failed. @ https://www.googleadservices.com/pagead/managed/js/activeview/current/reach_worklet.html:0
[  124947ms] [ERROR] Attestation check for Shared Storage on https://www.googleadservices.com failed. @ https://www.googleadservices.com/pagead/managed/js/activeview/current/reach_worklet.html:0
[  138093ms] [ERROR] Attestation check for Shared Storage on https://www.googleadservices.com failed. @ https://www.googleadservices.com/pagead/managed/js/activeview/current/reach_worklet.html:0
[  140951ms] [ERROR] Attestation check for Shared Storage on https://www.googleadservices.com failed. @ https://www.googleadservices.com/pagead/managed/js/activeview/current/reach_worklet.html:0
[  145508ms] [ERROR] Attestation check for Shared Storage on https://www.googleadservices.com failed. @ https://www.googleadservices.com/pagead/managed/js/activeview/current/reach_worklet.html:0
[  149876ms] [ERROR] Attestation check for Shared Storage on https://www.googleadservices.com failed. @ https://www.googleadservices.com/pagead/managed/js/activeview/current/reach_worklet.html:0
[  155200ms] [ERROR] Attestation check for Shared Storage on https://www.googleadservices.com failed. @ https://www.googleadservices.com/pagead/managed/js/activeview/current/reach_worklet.html:0
[  157463ms] [ERROR] Attestation check for Shared Storage on https://www.googleadservices.com failed. @ https://www.googleadservices.com/pagead/managed/js/activeview/current/reach_worklet.html:0
[  160680ms] [ERROR] Attestation check for Shared Storage on https://www.googleadservices.com failed. @ https://www.googleadservices.com/pagead/managed/js/activeview/current/reach_worklet.html:0
[  163140ms] [ERROR] Attestation check for Shared Storage on https://www.googleadservices.com failed. @ https://www.googleadservices.com/pagead/managed/js/activeview/current/reach_worklet.html:0
[  166167ms] [ERROR] Attestation check for Shared Storage on https://www.googleadservices.com failed. @ https://www.googleadservices.com/pagead/managed/js/activeview/current/reach_worklet.html:0
[  168519ms] [ERROR] Attestation check for Shared Storage on https://www.googleadservices.com failed. @ https://www.googleadservices.com/pagead/managed/js/activeview/current/reach_worklet.html:0
[  170847ms] [ERROR] Attestation check for Shared Storage on https://www.googleadservices.com failed. @ https://www.googleadservices.com/pagead/managed/js/activeview/current/reach_worklet.html:0
[  173923ms] [ERROR] Attestation check for Shared Storage on https://www.googleadservices.com failed. @ https://www.googleadservices.com/pagead/managed/js/activeview/current/reach_worklet.html:0
[  177973ms] [ERROR] Attestation check for Shared Storage on https://www.googleadservices.com failed. @ https://www.googleadservices.com/pagead/managed/js/activeview/current/reach_worklet.html:0
[  180303ms] [ERROR] Attestation check for Shared Storage on https://www.googleadservices.com failed. @ https://www.googleadservices.com/pagead/managed/js/activeview/current/reach_worklet.html:0
[  188922ms] [ERROR] Attestation check for Shared Storage on https://www.googleadservices.com failed. @ https://www.googleadservices.com/pagead/managed/js/activeview/current/reach_worklet.html:0
[  193185ms] [ERROR] Attestation check for Shared Storage on https://www.googleadservices.com failed. @ https://www.googleadservices.com/pagead/managed/js/activeview/current/reach_worklet.html:0
[  194786ms] [ERROR] Attestation check for Shared Storage on https://www.googleadservices.com failed. @ https://www.googleadservices.com/pagead/managed/js/activeview/current/reach_worklet.html:0
[  200567ms] [ERROR] Attestation check for Shared Storage on https://www.googleadservices.com failed. @ https://www.googleadservices.com/pagead/managed/js/activeview/current/reach_worklet.html:0
[  201255ms] [ERROR] Attestation check for Shared Storage on https://www.googleadservices.com failed. @ https://www.googleadservices.com/pagead/managed/js/activeview/current/reach_worklet.html:0
[  209361ms] [ERROR] Attestation check for Shared Storage on https://www.googleadservices.com failed. @ https://www.googleadservices.com/pagead/managed/js/activeview/current/reach_worklet.html:0
[  213229ms] [ERROR] Attestation check for Shared Storage on https://www.googleadservices.com failed. @ https://www.googleadservices.com/pagead/managed/js/activeview/current/reach_worklet.html:0
[  214403ms] [ERROR] Attestation check for Shared Storage on https://www.googleadservices.com failed. @ https://www.googleadservices.com/pagead/managed/js/activeview/current/reach_worklet.html:0
[  222422ms] [ERROR] Attestation check for Shared Storage on https://www.googleadservices.com failed. @ https://www.googleadservices.com/pagead/managed/js/activeview/current/reach_worklet.html:0
[  229755ms] [ERROR] Attestation check for Shared Storage on https://www.googleadservices.com failed. @ https://www.googleadservices.com/pagead/managed/js/activeview/current/reach_worklet.html:0
[  236867ms] [ERROR] Attestation check for Shared Storage on https://www.googleadservices.com failed. @ https://www.googleadservices.com/pagead/managed/js/activeview/current/reach_worklet.html:0
[  239503ms] [ERROR] Attestation check for Shared Storage on https://www.googleadservices.com failed. @ https://www.googleadservices.com/pagead/managed/js/activeview/current/reach_worklet.html:0
[  243389ms] [ERROR] Attestation check for Shared Storage on https://www.googleadservices.com failed. @ https://www.googleadservices.com/pagead/managed/js/activeview/current/reach_worklet.html:0
[  249294ms] [ERROR] Attestation check for Shared Storage on https://www.googleadservices.com failed. @ https://www.googleadservices.com/pagead/managed/js/activeview/current/reach_worklet.html:0
[  251253ms] [ERROR] Attestation check for Shared Storage on https://www.googleadservices.com failed. @ https://www.googleadservices.com/pagead/managed/js/activeview/current/reach_worklet.html:0
[  259368ms] [ERROR] Attestation check for Shared Storage on https://www.googleadservices.com failed. @ https://www.googleadservices.com/pagead/managed/js/activeview/current/reach_worklet.html:0
[  261017ms] [ERROR] Attestation check for Shared Storage on https://www.googleadservices.com failed. @ https://www.googleadservices.com/pagead/managed/js/activeview/current/reach_worklet.html:0
[  267160ms] [ERROR] Attestation check for Shared Storage on https://www.googleadservices.com failed. @ https://www.googleadservices.com/pagead/managed/js/activeview/current/reach_worklet.html:0
[  271685ms] [ERROR] Attestation check for Shared Storage on https://www.googleadservices.com failed. @ https://www.googleadservices.com/pagead/managed/js/activeview/current/reach_worklet.html:0
[  279060ms] [ERROR] Attestation check for Shared Storage on https://www.googleadservices.com failed. @ https://www.googleadservices.com/pagead/managed/js/activeview/current/reach_worklet.html:0
[  284305ms] [ERROR] Attestation check for Shared Storage on https://www.googleadservices.com failed. @ https://www.googleadservices.com/pagead/managed/js/activeview/current/reach_worklet.html:0
[  290249ms] [ERROR] Attestation check for Shared Storage on https://www.googleadservices.com failed. @ https://www.googleadservices.com/pagead/managed/js/activeview/current/reach_worklet.html:0
[   78529ms] [ERROR] Attestation check for Shared Storage on https://www.googleadservices.com failed. @ https://www.googleadservices.com/pagead/managed/js/activeview/current/reach_worklet.html:0
[   80049ms] [ERROR] Attestation check for Shared Storage on https://www.googleadservices.com failed. @ https://www.googleadservices.com/pagead/managed/js/activeview/current/reach_worklet.html:0
[   84334ms] [ERROR] Attestation check for Shared Storage on https://www.googleadservices.com failed. @ https://www.googleadservices.com/pagead/managed/js/activeview/current/reach_worklet.html:0
[   86621ms] [ERROR] Attestation check for Shared Storage on https://www.googleadservices.com failed. @ https://www.googleadservices.com/pagead/managed/js/activeview/current/reach_worklet.html:0
[   88257ms] [ERROR] Attestation check for Shared Storage on https://www.googleadservices.com failed. @ https://www.googleadservices.com/pagead/managed/js/activeview/current/reach_worklet.html:0
[   91243ms] [ERROR] Attestation check for Shared Storage on https://www.googleadservices.com failed. @ https://www.googleadservices.com/pagead/managed/js/activeview/current/reach_worklet.html:0
[   97248ms] [ERROR] Attestation check for Shared Storage on https://www.googleadservices.com failed. @ https://www.googleadservices.com/pagead/managed/js/activeview/current/reach_worklet.html:0
[   98816ms] [ERROR] Attestation check for Shared Storage on https://www.googleadservices.com failed. @ https://www.googleadservices.com/pagead/managed/js/activeview/current/reach_worklet.html:0
[  100343ms] [ERROR] Attestation check for Shared Storage on https://www.googleadservices.com failed. @ https://www.googleadservices.com/pagead/managed/js/activeview/current/reach_worklet.html:0
[  106043ms] [ERROR] Attestation check for Shared Storage on https://www.googleadservices.com failed. @ https://www.googleadservices.com/pagead/managed/js/activeview/current/reach_worklet.html:0
[  109172ms] [ERROR] Attestation check for Shared Storage on https://www.googleadservices.com failed. @ https://www.googleadservices.com/pagead/managed/js/activeview/current/reach_worklet.html:0
[  124379ms] [ERROR] Attestation check for Shared Storage on https://www.googleadservices.com failed. @ https://www.googleadservices.com/pagead/managed/js/activeview/current/reach_worklet.html:0
[  124947ms] [ERROR] Attestation check for Shared Storage on https://www.googleadservices.com failed. @ https://www.googleadservices.com/pagead/managed/js/activeview/current/reach_worklet.html:0
[  138093ms] [ERROR] Attestation check for Shared Storage on https://www.googleadservices.com failed. @ https://www.googleadservices.com/pagead/managed/js/activeview/current/reach_worklet.html:0
[  140951ms] [ERROR] Attestation check for Shared Storage on https://www.googleadservices.com failed. @ https://www.googleadservices.com/pagead/managed/js/activeview/current/reach_worklet.html:0
[  145508ms] [ERROR] Attestation check for Shared Storage on https://www.googleadservices.com failed. @ https://www.googleadservices.com/pagead/managed/js/activeview/current/reach_worklet.html:0
[  149876ms] [ERROR] Attestation check for Shared Storage on https://www.googleadservices.com failed. @ https://www.googleadservices.com/pagead/managed/js/activeview/current/reach_worklet.html:0
[  155200ms] [ERROR] Attestation check for Shared Storage on https://www.googleadservices.com failed. @ https://www.googleadservices.com/pagead/managed/js/activeview/current/reach_worklet.html:0
[  157463ms] [ERROR] Attestation check for Shared Storage on https://www.googleadservices.com failed. @ https://www.googleadservices.com/pagead/managed/js/activeview/current/reach_worklet.html:0
[  160680ms] [ERROR] Attestation check for Shared Storage on https://www.googleadservices.com failed. @ https://www.googleadservices.com/pagead/managed/js/activeview/current/reach_worklet.html:0
[  163140ms] [ERROR] Attestation check for Shared Storage on https://www.googleadservices.com failed. @ https://www.googleadservices.com/pagead/managed/js/activeview/current/reach_worklet.html:0
[  166167ms] [ERROR] Attestation check for Shared Storage on https://www.googleadservices.com failed. @ https://www.googleadservices.com/pagead/managed/js/activeview/current/reach_worklet.html:0
[  168519ms] [ERROR] Attestation check for Shared Storage on https://www.googleadservices.com failed. @ https://www.googleadservices.com/pagead/managed/js/activeview/current/reach_worklet.html:0
[  170847ms] [ERROR] Attestation check for Shared Storage on https://www.googleadservices.com failed. @ https://www.googleadservices.com/pagead/managed/js/activeview/current/reach_worklet.html:0
[  173923ms] [ERROR] Attestation check for Shared Storage on https://www.googleadservices.com failed. @ https://www.googleadservices.com/pagead/managed/js/activeview/current/reach_worklet.html:0
[  177973ms] [ERROR] Attestation check for Shared Storage on https://www.googleadservices.com failed. @ https://www.googleadservices.com/pagead/managed/js/activeview/current/reach_worklet.html:0
[  180303ms] [ERROR] Attestation check for Shared Storage on https://www.googleadservices.com failed. @ https://www.googleadservices.com/pagead/managed/js/activeview/current/reach_worklet.html:0
[  188922ms] [ERROR] Attestation check for Shared Storage on https://www.googleadservices.com failed. @ https://www.googleadservices.com/pagead/managed/js/activeview/current/reach_worklet.html:0
[  193185ms] [ERROR] Attestation check for Shared Storage on https://www.googleadservices.com failed. @ https://www.googleadservices.com/pagead/managed/js/activeview/current/reach_worklet.html:0
[  194786ms] [ERROR] Attestation check for Shared Storage on https://www.googleadservices.com failed. @ https://www.googleadservices.com/pagead/managed/js/activeview/current/reach_worklet.html:0
[  200567ms] [ERROR] Attestation check for Shared Storage on https://www.googleadservices.com failed. @ https://www.googleadservices.com/pagead/managed/js/activeview/current/reach_worklet.html:0
[  201255ms] [ERROR] Attestation check for Shared Storage on https://www.googleadservices.com failed. @ https://www.googleadservices.com/pagead/managed/js/activeview/current/reach_worklet.html:0
[  209361ms] [ERROR] Attestation check for Shared Storage on https://www.googleadservices.com failed. @ https://www.googleadservices.com/pagead/managed/js/activeview/current/reach_worklet.html:0
[  213229ms] [ERROR] Attestation check for Shared Storage on https://www.googleadservices.com failed. @ https://www.googleadservices.com/pagead/managed/js/activeview/current/reach_worklet.html:0
[  214403ms] [ERROR] Attestation check for Shared Storage on https://www.googleadservices.com failed. @ https://www.googleadservices.com/pagead/managed/js/activeview/current/reach_worklet.html:0
[  222422ms] [ERROR] Attestation check for Shared Storage on https://www.googleadservices.com failed. @ https://www.googleadservices.com/pagead/managed/js/activeview/current/reach_worklet.html:0
[  229755ms] [ERROR] Attestation check for Shared Storage on https://www.googleadservices.com failed. @ https://www.googleadservices.com/pagead/managed/js/activeview/current/reach_worklet.html:0
[  236867ms] [ERROR] Attestation check for Shared Storage on https://www.googleadservices.com failed. @ https://www.googleadservices.com/pagead/managed/js/activeview/current/reach_worklet.html:0
[  239503ms] [ERROR] Attestation check for Shared Storage on https://www.googleadservices.com failed. @ https://www.googleadservices.com/pagead/managed/js/activeview/current/reach_worklet.html:0
[  243389ms] [ERROR] Attestation check for Shared Storage on https://www.googleadservices.com failed. @ https://www.googleadservices.com/pagead/managed/js/activeview/current/reach_worklet.html:0
[  249294ms] [ERROR] Attestation check for Shared Storage on https://www.googleadservices.com failed. @ https://www.googleadservices.com/pagead/managed/js/activeview/current/reach_worklet.html:0
[  251253ms] [ERROR] Attestation check for Shared Storage on https://www.googleadservices.com failed. @ https://www.googleadservices.com/pagead/managed/js/activeview/current/reach_worklet.html:0
[  259368ms] [ERROR] Attestation check for Shared Storage on https://www.googleadservices.com failed. @ https://www.googleadservices.com/pagead/managed/js/activeview/current/reach_worklet.html:0
[  261017ms] [ERROR] Attestation check for Shared Storage on https://www.googleadservices.com failed. @ https://www.googleadservices.com/pagead/managed/js/activeview/current/reach_worklet.html:0
[  267160ms] [ERROR] Attestation check for Shared Storage on https://www.googleadservices.com failed. @ https://www.googleadservices.com/pagead/managed/js/activeview/current/reach_worklet.html:0
[  271685ms] [ERROR] Attestation check for Shared Storage on https://www.googleadservices.com failed. @ https://www.googleadservices.com/pagead/managed/js/activeview/current/reach_worklet.html:0
[  279060ms] [ERROR] Attestation check for Shared Storage on https://www.googleadservices.com failed. @ https://www.googleadservices.com/pagead/managed/js/activeview/current/reach_worklet.html:0
[  284305ms] [ERROR] Attestation check for Shared Storage on https://www.googleadservices.com failed. @ https://www.googleadservices.com/pagead/managed/js/activeview/current/reach_worklet.html:0
[  290249ms] [ERROR] Attestation check for Shared Storage on https://www.googleadservices.com failed. @ https://www.googleadservices.com/pagead/managed/js/activeview/current/reach_worklet.html:0
[  291550ms] [ERROR] Attestation check for Shared Storage on https://www.googleadservices.com failed. @ https://www.googleadservices.com/pagead/managed/js/activeview/current/reach_worklet.html:0
[  292283ms] [ERROR] Access to fetch at 'https://pbsj-us-east.bricks-co.com/openrtb2/auction' from origin 'https://www.w3schools.com' has been blocked by CORS policy: No 'Access-Control-Allow-Origin' header is present on the requested resource. @ https://www.w3schools.com/colors/colors_hsl.asp?color=hsl(195,%201,%200.5):0
[  292283ms] [ERROR] Failed to load resource: net::ERR_FAILED @ https://pbsj-us-east.bricks-co.com/openrtb2/auction:0
[   78529ms] [ERROR] Attestation check for Shared Storage on https://www.googleadservices.com failed. @ https://www.googleadservices.com/pagead/managed/js/activeview/current/reach_worklet.html:0
[   80049ms] [ERROR] Attestation check for Shared Storage on https://www.googleadservices.com failed. @ https://www.googleadservices.com/pagead/managed/js/activeview/current/reach_worklet.html:0
[   84334ms] [ERROR] Attestation check for Shared Storage on https://www.googleadservices.com failed. @ https://www.googleadservices.com/pagead/managed/js/activeview/current/reach_worklet.html:0
[   86621ms] [ERROR] Attestation check for Shared Storage on https://www.googleadservices.com failed. @ https://www.googleadservices.com/pagead/managed/js/activeview/current/reach_worklet.html:0
[   88257ms] [ERROR] Attestation check for Shared Storage on https://www.googleadservices.com failed. @ https://www.googleadservices.com/pagead/managed/js/activeview/current/reach_worklet.html:0
[   91243ms] [ERROR] Attestation check for Shared Storage on https://www.googleadservices.com failed. @ https://www.googleadservices.com/pagead/managed/js/activeview/current/reach_worklet.html:0
[   97248ms] [ERROR] Attestation check for Shared Storage on https://www.googleadservices.com failed. @ https://www.googleadservices.com/pagead/managed/js/activeview/current/reach_worklet.html:0
[   98816ms] [ERROR] Attestation check for Shared Storage on https://www.googleadservices.com failed. @ https://www.googleadservices.com/pagead/managed/js/activeview/current/reach_worklet.html:0
[  100343ms] [ERROR] Attestation check for Shared Storage on https://www.googleadservices.com failed. @ https://www.googleadservices.com/pagead/managed/js/activeview/current/reach_worklet.html:0
[  106043ms] [ERROR] Attestation check for Shared Storage on https://www.googleadservices.com failed. @ https://www.googleadservices.com/pagead/managed/js/activeview/current/reach_worklet.html:0
[  109172ms] [ERROR] Attestation check for Shared Storage on https://www.googleadservices.com failed. @ https://www.googleadservices.com/pagead/managed/js/activeview/current/reach_worklet.html:0
[  124379ms] [ERROR] Attestation check for Shared Storage on https://www.googleadservices.com failed. @ https://www.googleadservices.com/pagead/managed/js/activeview/current/reach_worklet.html:0
[  124947ms] [ERROR] Attestation check for Shared Storage on https://www.googleadservices.com failed. @ https://www.googleadservices.com/pagead/managed/js/activeview/current/reach_worklet.html:0
[  138093ms] [ERROR] Attestation check for Shared Storage on https://www.googleadservices.com failed. @ https://www.googleadservices.com/pagead/managed/js/activeview/current/reach_worklet.html:0
[  140951ms] [ERROR] Attestation check for Shared Storage on https://www.googleadservices.com failed. @ https://www.googleadservices.com/pagead/managed/js/activeview/current/reach_worklet.html:0
[  145508ms] [ERROR] Attestation check for Shared Storage on https://www.googleadservices.com failed. @ https://www.googleadservices.com/pagead/managed/js/activeview/current/reach_worklet.html:0
[  149876ms] [ERROR] Attestation check for Shared Storage on https://www.googleadservices.com failed. @ https://www.googleadservices.com/pagead/managed/js/activeview/current/reach_worklet.html:0
[  155200ms] [ERROR] Attestation check for Shared Storage on https://www.googleadservices.com failed. @ https://www.googleadservices.com/pagead/managed/js/activeview/current/reach_worklet.html:0
[  157463ms] [ERROR] Attestation check for Shared Storage on https://www.googleadservices.com failed. @ https://www.googleadservices.com/pagead/managed/js/activeview/current/reach_worklet.html:0
[  160680ms] [ERROR] Attestation check for Shared Storage on https://www.googleadservices.com failed. @ https://www.googleadservices.com/pagead/managed/js/activeview/current/reach_worklet.html:0
[  163140ms] [ERROR] Attestation check for Shared Storage on https://www.googleadservices.com failed. @ https://www.googleadservices.com/pagead/managed/js/activeview/current/reach_worklet.html:0
[  166167ms] [ERROR] Attestation check for Shared Storage on https://www.googleadservices.com failed. @ https://www.googleadservices.com/pagead/managed/js/activeview/current/reach_worklet.html:0
[  168519ms] [ERROR] Attestation check for Shared Storage on https://www.googleadservices.com failed. @ https://www.googleadservices.com/pagead/managed/js/activeview/current/reach_worklet.html:0
[  170847ms] [ERROR] Attestation check for Shared Storage on https://www.googleadservices.com failed. @ https://www.googleadservices.com/pagead/managed/js/activeview/current/reach_worklet.html:0
[  173923ms] [ERROR] Attestation check for Shared Storage on https://www.googleadservices.com failed. @ https://www.googleadservices.com/pagead/managed/js/activeview/current/reach_worklet.html:0
[  177973ms] [ERROR] Attestation check for Shared Storage on https://www.googleadservices.com failed. @ https://www.googleadservices.com/pagead/managed/js/activeview/current/reach_worklet.html:0
[  180303ms] [ERROR] Attestation check for Shared Storage on https://www.googleadservices.com failed. @ https://www.googleadservices.com/pagead/managed/js/activeview/current/reach_worklet.html:0
[  188922ms] [ERROR] Attestation check for Shared Storage on https://www.googleadservices.com failed. @ https://www.googleadservices.com/pagead/managed/js/activeview/current/reach_worklet.html:0
[  193185ms] [ERROR] Attestation check for Shared Storage on https://www.googleadservices.com failed. @ https://www.googleadservices.com/pagead/managed/js/activeview/current/reach_worklet.html:0
[  194786ms] [ERROR] Attestation check for Shared Storage on https://www.googleadservices.com failed. @ https://www.googleadservices.com/pagead/managed/js/activeview/current/reach_worklet.html:0
[  200567ms] [ERROR] Attestation check for Shared Storage on https://www.googleadservices.com failed. @ https://www.googleadservices.com/pagead/managed/js/activeview/current/reach_worklet.html:0
[  201255ms] [ERROR] Attestation check for Shared Storage on https://www.googleadservices.com failed. @ https://www.googleadservices.com/pagead/managed/js/activeview/current/reach_worklet.html:0
[  209361ms] [ERROR] Attestation check for Shared Storage on https://www.googleadservices.com failed. @ https://www.googleadservices.com/pagead/managed/js/activeview/current/reach_worklet.html:0
[  213229ms] [ERROR] Attestation check for Shared Storage on https://www.googleadservices.com failed. @ https://www.googleadservices.com/pagead/managed/js/activeview/current/reach_worklet.html:0
[  214403ms] [ERROR] Attestation check for Shared Storage on https://www.googleadservices.com failed. @ https://www.googleadservices.com/pagead/managed/js/activeview/current/reach_worklet.html:0
[  222422ms] [ERROR] Attestation check for Shared Storage on https://www.googleadservices.com failed. @ https://www.googleadservices.com/pagead/managed/js/activeview/current/reach_worklet.html:0
[  229755ms] [ERROR] Attestation check for Shared Storage on https://www.googleadservices.com failed. @ https://www.googleadservices.com/pagead/managed/js/activeview/current/reach_worklet.html:0
[  236867ms] [ERROR] Attestation check for Shared Storage on https://www.googleadservices.com failed. @ https://www.googleadservices.com/pagead/managed/js/activeview/current/reach_worklet.html:0
[  239503ms] [ERROR] Attestation check for Shared Storage on https://www.googleadservices.com failed. @ https://www.googleadservices.com/pagead/managed/js/activeview/current/reach_worklet.html:0
[  243389ms] [ERROR] Attestation check for Shared Storage on https://www.googleadservices.com failed. @ https://www.googleadservices.com/pagead/managed/js/activeview/current/reach_worklet.html:0
[  249294ms] [ERROR] Attestation check for Shared Storage on https://www.googleadservices.com failed. @ https://www.googleadservices.com/pagead/managed/js/activeview/current/reach_worklet.html:0
[  251253ms] [ERROR] Attestation check for Shared Storage on https://www.googleadservices.com failed. @ https://www.googleadservices.com/pagead/managed/js/activeview/current/reach_worklet.html:0
[  259368ms] [ERROR] Attestation check for Shared Storage on https://www.googleadservices.com failed. @ https://www.googleadservices.com/pagead/managed/js/activeview/current/reach_worklet.html:0
[  261017ms] [ERROR] Attestation check for Shared Storage on https://www.googleadservices.com failed. @ https://www.googleadservices.com/pagead/managed/js/activeview/current/reach_worklet.html:0
[  267160ms] [ERROR] Attestation check for Shared Storage on https://www.googleadservices.com failed. @ https://www.googleadservices.com/pagead/managed/js/activeview/current/reach_worklet.html:0
[  271685ms] [ERROR] Attestation check for Shared Storage on https://www.googleadservices.com failed. @ https://www.googleadservices.com/pagead/managed/js/activeview/current/reach_worklet.html:0
[  279060ms] [ERROR] Attestation check for Shared Storage on https://www.googleadservices.com failed. @ https://www.googleadservices.com/pagead/managed/js/activeview/current/reach_worklet.html:0
[  284305ms] [ERROR] Attestation check for Shared Storage on https://www.googleadservices.com failed. @ https://www.googleadservices.com/pagead/managed/js/activeview/current/reach_worklet.html:0
[  290249ms] [ERROR] Attestation check for Shared Storage on https://www.googleadservices.com failed. @ https://www.googleadservices.com/pagead/managed/js/activeview/current/reach_worklet.html:0
[  291550ms] [ERROR] Attestation check for Shared Storage on https://www.googleadservices.com failed. @ https://www.googleadservices.com/pagead/managed/js/activeview/current/reach_worklet.html:0
[  294703ms] [ERROR] Attestation check for Shared Storage on https://www.googleadservices.com failed. @ https://www.googleadservices.com/pagead/managed/js/activeview/current/reach_worklet.html:0
[  297769ms] [ERROR] Failed to load resource: net::ERR_CONNECTION_CLOSED @ https://pxl.iqm.com/i/ck/equativ?cid=SMART_USER_ID&redir=https%3A%2F%2Frtb-csync.smartadserver.com%2Fredir%2F%3Fissi%3D1%26partnerid%3D154%26partneruserid%3D%7BIQM_COOKIE%7D&gdpr=0&gdpr_consent=:0
[   85754ms] [ERROR] Failed to load resource: net::ERR_NAME_NOT_RESOLVED @ https://cookie-sync.api.soundcast.fm/v1/esync?url=https%3A%2F%2Fcm.g.doubleclick.net%2Fpixel%3Fgoogle_nid%3Dsoundcast_dbm%26google_hm%3D%24UID&gdpr=0:0
[  302763ms] [ERROR] Failed to load resource: net::ERR_CONNECTION_CLOSED @ https://pxl.iqm.com/i/ck/mnet?cid=4263714045655984000V10&gdpr=0&gdpr_consent=&gpp_string=&gpp_sid=&redirect=https%3A%2F%2Fcs.media.net%2Fcksync%3Fcs%3D3%26type%3Diqm%26ovsid%3D%7B%24PARTNER_UID%7D&cs=25:0
[   78529ms] [ERROR] Attestation check for Shared Storage on https://www.googleadservices.com failed. @ https://www.googleadservices.com/pagead/managed/js/activeview/current/reach_worklet.html:0
[   80049ms] [ERROR] Attestation check for Shared Storage on https://www.googleadservices.com failed. @ https://www.googleadservices.com/pagead/managed/js/activeview/current/reach_worklet.html:0
[   84334ms] [ERROR] Attestation check for Shared Storage on https://www.googleadservices.com failed. @ https://www.googleadservices.com/pagead/managed/js/activeview/current/reach_worklet.html:0
[   86621ms] [ERROR] Attestation check for Shared Storage on https://www.googleadservices.com failed. @ https://www.googleadservices.com/pagead/managed/js/activeview/current/reach_worklet.html:0
[   88257ms] [ERROR] Attestation check for Shared Storage on https://www.googleadservices.com failed. @ https://www.googleadservices.com/pagead/managed/js/activeview/current/reach_worklet.html:0
[   91243ms] [ERROR] Attestation check for Shared Storage on https://www.googleadservices.com failed. @ https://www.googleadservices.com/pagead/managed/js/activeview/current/reach_worklet.html:0
[   97248ms] [ERROR] Attestation check for Shared Storage on https://www.googleadservices.com failed. @ https://www.googleadservices.com/pagead/managed/js/activeview/current/reach_worklet.html:0
[   98816ms] [ERROR] Attestation check for Shared Storage on https://www.googleadservices.com failed. @ https://www.googleadservices.com/pagead/managed/js/activeview/current/reach_worklet.html:0
[  100343ms] [ERROR] Attestation check for Shared Storage on https://www.googleadservices.com failed. @ https://www.googleadservices.com/pagead/managed/js/activeview/current/reach_worklet.html:0
[  106043ms] [ERROR] Attestation check for Shared Storage on https://www.googleadservices.com failed. @ https://www.googleadservices.com/pagead/managed/js/activeview/current/reach_worklet.html:0
[  109172ms] [ERROR] Attestation check for Shared Storage on https://www.googleadservices.com failed. @ https://www.googleadservices.com/pagead/managed/js/activeview/current/reach_worklet.html:0
[  124379ms] [ERROR] Attestation check for Shared Storage on https://www.googleadservices.com failed. @ https://www.googleadservices.com/pagead/managed/js/activeview/current/reach_worklet.html:0
[  124947ms] [ERROR] Attestation check for Shared Storage on https://www.googleadservices.com failed. @ https://www.googleadservices.com/pagead/managed/js/activeview/current/reach_worklet.html:0
[  138093ms] [ERROR] Attestation check for Shared Storage on https://www.googleadservices.com failed. @ https://www.googleadservices.com/pagead/managed/js/activeview/current/reach_worklet.html:0
[  140951ms] [ERROR] Attestation check for Shared Storage on https://www.googleadservices.com failed. @ https://www.googleadservices.com/pagead/managed/js/activeview/current/reach_worklet.html:0
[  145508ms] [ERROR] Attestation check for Shared Storage on https://www.googleadservices.com failed. @ https://www.googleadservices.com/pagead/managed/js/activeview/current/reach_worklet.html:0
[  149876ms] [ERROR] Attestation check for Shared Storage on https://www.googleadservices.com failed. @ https://www.googleadservices.com/pagead/managed/js/activeview/current/reach_worklet.html:0
[  155200ms] [ERROR] Attestation check for Shared Storage on https://www.googleadservices.com failed. @ https://www.googleadservices.com/pagead/managed/js/activeview/current/reach_worklet.html:0
[  157463ms] [ERROR] Attestation check for Shared Storage on https://www.googleadservices.com failed. @ https://www.googleadservices.com/pagead/managed/js/activeview/current/reach_worklet.html:0
[  160680ms] [ERROR] Attestation check for Shared Storage on https://www.googleadservices.com failed. @ https://www.googleadservices.com/pagead/managed/js/activeview/current/reach_worklet.html:0
[  163140ms] [ERROR] Attestation check for Shared Storage on https://www.googleadservices.com failed. @ https://www.googleadservices.com/pagead/managed/js/activeview/current/reach_worklet.html:0
[  166167ms] [ERROR] Attestation check for Shared Storage on https://www.googleadservices.com failed. @ https://www.googleadservices.com/pagead/managed/js/activeview/current/reach_worklet.html:0
[  168519ms] [ERROR] Attestation check for Shared Storage on https://www.googleadservices.com failed. @ https://www.googleadservices.com/pagead/managed/js/activeview/current/reach_worklet.html:0
[  170847ms] [ERROR] Attestation check for Shared Storage on https://www.googleadservices.com failed. @ https://www.googleadservices.com/pagead/managed/js/activeview/current/reach_worklet.html:0
[  173923ms] [ERROR] Attestation check for Shared Storage on https://www.googleadservices.com failed. @ https://www.googleadservices.com/pagead/managed/js/activeview/current/reach_worklet.html:0
[  177973ms] [ERROR] Attestation check for Shared Storage on https://www.googleadservices.com failed. @ https://www.googleadservices.com/pagead/managed/js/activeview/current/reach_worklet.html:0
[  180303ms] [ERROR] Attestation check for Shared Storage on https://www.googleadservices.com failed. @ https://www.googleadservices.com/pagead/managed/js/activeview/current/reach_worklet.html:0
[  188922ms] [ERROR] Attestation check for Shared Storage on https://www.googleadservices.com failed. @ https://www.googleadservices.com/pagead/managed/js/activeview/current/reach_worklet.html:0
[  193185ms] [ERROR] Attestation check for Shared Storage on https://www.googleadservices.com failed. @ https://www.googleadservices.com/pagead/managed/js/activeview/current/reach_worklet.html:0
[  194786ms] [ERROR] Attestation check for Shared Storage on https://www.googleadservices.com failed. @ https://www.googleadservices.com/pagead/managed/js/activeview/current/reach_worklet.html:0
[  200567ms] [ERROR] Attestation check for Shared Storage on https://www.googleadservices.com failed. @ https://www.googleadservices.com/pagead/managed/js/activeview/current/reach_worklet.html:0
[  201255ms] [ERROR] Attestation check for Shared Storage on https://www.googleadservices.com failed. @ https://www.googleadservices.com/pagead/managed/js/activeview/current/reach_worklet.html:0
[  209361ms] [ERROR] Attestation check for Shared Storage on https://www.googleadservices.com failed. @ https://www.googleadservices.com/pagead/managed/js/activeview/current/reach_worklet.html:0
[  213229ms] [ERROR] Attestation check for Shared Storage on https://www.googleadservices.com failed. @ https://www.googleadservices.com/pagead/managed/js/activeview/current/reach_worklet.html:0
[  214403ms] [ERROR] Attestation check for Shared Storage on https://www.googleadservices.com failed. @ https://www.googleadservices.com/pagead/managed/js/activeview/current/reach_worklet.html:0
[  222422ms] [ERROR] Attestation check for Shared Storage on https://www.googleadservices.com failed. @ https://www.googleadservices.com/pagead/managed/js/activeview/current/reach_worklet.html:0
[  229755ms] [ERROR] Attestation check for Shared Storage on https://www.googleadservices.com failed. @ https://www.googleadservices.com/pagead/managed/js/activeview/current/reach_worklet.html:0
[  236867ms] [ERROR] Attestation check for Shared Storage on https://www.googleadservices.com failed. @ https://www.googleadservices.com/pagead/managed/js/activeview/current/reach_worklet.html:0
[  239503ms] [ERROR] Attestation check for Shared Storage on https://www.googleadservices.com failed. @ https://www.googleadservices.com/pagead/managed/js/activeview/current/reach_worklet.html:0
[  243389ms] [ERROR] Attestation check for Shared Storage on https://www.googleadservices.com failed. @ https://www.googleadservices.com/pagead/managed/js/activeview/current/reach_worklet.html:0
[  249294ms] [ERROR] Attestation check for Shared Storage on https://www.googleadservices.com failed. @ https://www.googleadservices.com/pagead/managed/js/activeview/current/reach_worklet.html:0
[  251253ms] [ERROR] Attestation check for Shared Storage on https://www.googleadservices.com failed. @ https://www.googleadservices.com/pagead/managed/js/activeview/current/reach_worklet.html:0
[  259368ms] [ERROR] Attestation check for Shared Storage on https://www.googleadservices.com failed. @ https://www.googleadservices.com/pagead/managed/js/activeview/current/reach_worklet.html:0
[  261017ms] [ERROR] Attestation check for Shared Storage on https://www.googleadservices.com failed. @ https://www.googleadservices.com/pagead/managed/js/activeview/current/reach_worklet.html:0
[  267160ms] [ERROR] Attestation check for Shared Storage on https://www.googleadservices.com failed. @ https://www.googleadservices.com/pagead/managed/js/activeview/current/reach_worklet.html:0
[  271685ms] [ERROR] Attestation check for Shared Storage on https://www.googleadservices.com failed. @ https://www.googleadservices.com/pagead/managed/js/activeview/current/reach_worklet.html:0
[  279060ms] [ERROR] Attestation check for Shared Storage on https://www.googleadservices.com failed. @ https://www.googleadservices.com/pagead/managed/js/activeview/current/reach_worklet.html:0
[  284305ms] [ERROR] Attestation check for Shared Storage on https://www.googleadservices.com failed. @ https://www.googleadservices.com/pagead/managed/js/activeview/current/reach_worklet.html:0
[  290249ms] [ERROR] Attestation check for Shared Storage on https://www.googleadservices.com failed. @ https://www.googleadservices.com/pagead/managed/js/activeview/current/reach_worklet.html:0
[  291550ms] [ERROR] Attestation check for Shared Storage on https://www.googleadservices.com failed. @ https://www.googleadservices.com/pagead/managed/js/activeview/current/reach_worklet.html:0
[  294703ms] [ERROR] Attestation check for Shared Storage on https://www.googleadservices.com failed. @ https://www.googleadservices.com/pagead/managed/js/activeview/current/reach_worklet.html:0
[  303282ms] [ERROR] Access to fetch at 'https://pbsj-us-east.bricks-co.com/openrtb2/auction' from origin 'https://www.w3schools.com' has been blocked by CORS policy: No 'Access-Control-Allow-Origin' header is present on the requested resource. @ https://www.w3schools.com/colors/colors_hsl.asp?color=hsl(195,%201,%200.5):0
[  303282ms] [ERROR] Failed to load resource: net::ERR_FAILED @ https://pbsj-us-east.bricks-co.com/openrtb2/auction:0
[  303367ms] [ERROR] Attestation check for Shared Storage on https://www.googleadservices.com failed. @ https://www.googleadservices.com/pagead/managed/js/activeview/current/reach_worklet.html:0
[  308246ms] [DIR] SyntaxError @ https://js.ad-score.com/score.min.js?pid=1000925&tt=g:1
[  309196ms] Failed to read a named property 'document' from 'Window': Blocked a frame with origin "https://lax1-ib.adnxs.com" from accessing a frame with origin "https://srv.flashb.id". Protocols, domains, and ports must match.
[  310070ms] [ERROR] Access to fetch at 'https://pbsj-us-east.bricks-co.com/openrtb2/auction' from origin 'https://www.w3schools.com' has been blocked by CORS policy: No 'Access-Control-Allow-Origin' header is present on the requested resource. @ https://www.w3schools.com/colors/colors_hsl.asp?color=hsl(195,%201,%200.5):0
[  310070ms] [ERROR] Failed to load resource: net::ERR_FAILED @ https://pbsj-us-east.bricks-co.com/openrtb2/auction:0
[   85754ms] [ERROR] Failed to load resource: net::ERR_NAME_NOT_RESOLVED @ https://cookie-sync.api.soundcast.fm/v1/esync?url=https%3A%2F%2Fcm.g.doubleclick.net%2Fpixel%3Fgoogle_nid%3Dsoundcast_dbm%26google_hm%3D%24UID&gdpr=0:0
[   78529ms] [ERROR] Attestation check for Shared Storage on https://www.googleadservices.com failed. @ https://www.googleadservices.com/pagead/managed/js/activeview/current/reach_worklet.html:0
[   80049ms] [ERROR] Attestation check for Shared Storage on https://www.googleadservices.com failed. @ https://www.googleadservices.com/pagead/managed/js/activeview/current/reach_worklet.html:0
[   84334ms] [ERROR] Attestation check for Shared Storage on https://www.googleadservices.com failed. @ https://www.googleadservices.com/pagead/managed/js/activeview/current/reach_worklet.html:0
[   86621ms] [ERROR] Attestation check for Shared Storage on https://www.googleadservices.com failed. @ https://www.googleadservices.com/pagead/managed/js/activeview/current/reach_worklet.html:0
[   88257ms] [ERROR] Attestation check for Shared Storage on https://www.googleadservices.com failed. @ https://www.googleadservices.com/pagead/managed/js/activeview/current/reach_worklet.html:0
[   91243ms] [ERROR] Attestation check for Shared Storage on https://www.googleadservices.com failed. @ https://www.googleadservices.com/pagead/managed/js/activeview/current/reach_worklet.html:0
[   97248ms] [ERROR] Attestation check for Shared Storage on https://www.googleadservices.com failed. @ https://www.googleadservices.com/pagead/managed/js/activeview/current/reach_worklet.html:0
[   98816ms] [ERROR] Attestation check for Shared Storage on https://www.googleadservices.com failed. @ https://www.googleadservices.com/pagead/managed/js/activeview/current/reach_worklet.html:0
[  100343ms] [ERROR] Attestation check for Shared Storage on https://www.googleadservices.com failed. @ https://www.googleadservices.com/pagead/managed/js/activeview/current/reach_worklet.html:0
[  106043ms] [ERROR] Attestation check for Shared Storage on https://www.googleadservices.com failed. @ https://www.googleadservices.com/pagead/managed/js/activeview/current/reach_worklet.html:0
[  109172ms] [ERROR] Attestation check for Shared Storage on https://www.googleadservices.com failed. @ https://www.googleadservices.com/pagead/managed/js/activeview/current/reach_worklet.html:0
[  124379ms] [ERROR] Attestation check for Shared Storage on https://www.googleadservices.com failed. @ https://www.googleadservices.com/pagead/managed/js/activeview/current/reach_worklet.html:0
[  124947ms] [ERROR] Attestation check for Shared Storage on https://www.googleadservices.com failed. @ https://www.googleadservices.com/pagead/managed/js/activeview/current/reach_worklet.html:0
[  138093ms] [ERROR] Attestation check for Shared Storage on https://www.googleadservices.com failed. @ https://www.googleadservices.com/pagead/managed/js/activeview/current/reach_worklet.html:0
[  140951ms] [ERROR] Attestation check for Shared Storage on https://www.googleadservices.com failed. @ https://www.googleadservices.com/pagead/managed/js/activeview/current/reach_worklet.html:0
[  145508ms] [ERROR] Attestation check for Shared Storage on https://www.googleadservices.com failed. @ https://www.googleadservices.com/pagead/managed/js/activeview/current/reach_worklet.html:0
[  149876ms] [ERROR] Attestation check for Shared Storage on https://www.googleadservices.com failed. @ https://www.googleadservices.com/pagead/managed/js/activeview/current/reach_worklet.html:0
[  155200ms] [ERROR] Attestation check for Shared Storage on https://www.googleadservices.com failed. @ https://www.googleadservices.com/pagead/managed/js/activeview/current/reach_worklet.html:0
[  157463ms] [ERROR] Attestation check for Shared Storage on https://www.googleadservices.com failed. @ https://www.googleadservices.com/pagead/managed/js/activeview/current/reach_worklet.html:0
[  160680ms] [ERROR] Attestation check for Shared Storage on https://www.googleadservices.com failed. @ https://www.googleadservices.com/pagead/managed/js/activeview/current/reach_worklet.html:0
[  163140ms] [ERROR] Attestation check for Shared Storage on https://www.googleadservices.com failed. @ https://www.googleadservices.com/pagead/managed/js/activeview/current/reach_worklet.html:0
[  166167ms] [ERROR] Attestation check for Shared Storage on https://www.googleadservices.com failed. @ https://www.googleadservices.com/pagead/managed/js/activeview/current/reach_worklet.html:0
[  168519ms] [ERROR] Attestation check for Shared Storage on https://www.googleadservices.com failed. @ https://www.googleadservices.com/pagead/managed/js/activeview/current/reach_worklet.html:0
[  170847ms] [ERROR] Attestation check for Shared Storage on https://www.googleadservices.com failed. @ https://www.googleadservices.com/pagead/managed/js/activeview/current/reach_worklet.html:0
[  173923ms] [ERROR] Attestation check for Shared Storage on https://www.googleadservices.com failed. @ https://www.googleadservices.com/pagead/managed/js/activeview/current/reach_worklet.html:0
[  177973ms] [ERROR] Attestation check for Shared Storage on https://www.googleadservices.com failed. @ https://www.googleadservices.com/pagead/managed/js/activeview/current/reach_worklet.html:0
[  180303ms] [ERROR] Attestation check for Shared Storage on https://www.googleadservices.com failed. @ https://www.googleadservices.com/pagead/managed/js/activeview/current/reach_worklet.html:0
[  188922ms] [ERROR] Attestation check for Shared Storage on https://www.googleadservices.com failed. @ https://www.googleadservices.com/pagead/managed/js/activeview/current/reach_worklet.html:0
[  193185ms] [ERROR] Attestation check for Shared Storage on https://www.googleadservices.com failed. @ https://www.googleadservices.com/pagead/managed/js/activeview/current/reach_worklet.html:0
[  194786ms] [ERROR] Attestation check for Shared Storage on https://www.googleadservices.com failed. @ https://www.googleadservices.com/pagead/managed/js/activeview/current/reach_worklet.html:0
[  200567ms] [ERROR] Attestation check for Shared Storage on https://www.googleadservices.com failed. @ https://www.googleadservices.com/pagead/managed/js/activeview/current/reach_worklet.html:0
[  201255ms] [ERROR] Attestation check for Shared Storage on https://www.googleadservices.com failed. @ https://www.googleadservices.com/pagead/managed/js/activeview/current/reach_worklet.html:0
[  209361ms] [ERROR] Attestation check for Shared Storage on https://www.googleadservices.com failed. @ https://www.googleadservices.com/pagead/managed/js/activeview/current/reach_worklet.html:0
[  213229ms] [ERROR] Attestation check for Shared Storage on https://www.googleadservices.com failed. @ https://www.googleadservices.com/pagead/managed/js/activeview/current/reach_worklet.html:0
[  214403ms] [ERROR] Attestation check for Shared Storage on https://www.googleadservices.com failed. @ https://www.googleadservices.com/pagead/managed/js/activeview/current/reach_worklet.html:0
[  222422ms] [ERROR] Attestation check for Shared Storage on https://www.googleadservices.com failed. @ https://www.googleadservices.com/pagead/managed/js/activeview/current/reach_worklet.html:0
[  229755ms] [ERROR] Attestation check for Shared Storage on https://www.googleadservices.com failed. @ https://www.googleadservices.com/pagead/managed/js/activeview/current/reach_worklet.html:0
[  236867ms] [ERROR] Attestation check for Shared Storage on https://www.googleadservices.com failed. @ https://www.googleadservices.com/pagead/managed/js/activeview/current/reach_worklet.html:0
[  239503ms] [ERROR] Attestation check for Shared Storage on https://www.googleadservices.com failed. @ https://www.googleadservices.com/pagead/managed/js/activeview/current/reach_worklet.html:0
[  243389ms] [ERROR] Attestation check for Shared Storage on https://www.googleadservices.com failed. @ https://www.googleadservices.com/pagead/managed/js/activeview/current/reach_worklet.html:0
[  249294ms] [ERROR] Attestation check for Shared Storage on https://www.googleadservices.com failed. @ https://www.googleadservices.com/pagead/managed/js/activeview/current/reach_worklet.html:0
[  251253ms] [ERROR] Attestation check for Shared Storage on https://www.googleadservices.com failed. @ https://www.googleadservices.com/pagead/managed/js/activeview/current/reach_worklet.html:0
[  259368ms] [ERROR] Attestation check for Shared Storage on https://www.googleadservices.com failed. @ https://www.googleadservices.com/pagead/managed/js/activeview/current/reach_worklet.html:0
[  261017ms] [ERROR] Attestation check for Shared Storage on https://www.googleadservices.com failed. @ https://www.googleadservices.com/pagead/managed/js/activeview/current/reach_worklet.html:0
[  267160ms] [ERROR] Attestation check for Shared Storage on https://www.googleadservices.com failed. @ https://www.googleadservices.com/pagead/managed/js/activeview/current/reach_worklet.html:0
[  271685ms] [ERROR] Attestation check for Shared Storage on https://www.googleadservices.com failed. @ https://www.googleadservices.com/pagead/managed/js/activeview/current/reach_worklet.html:0
[  279060ms] [ERROR] Attestation check for Shared Storage on https://www.googleadservices.com failed. @ https://www.googleadservices.com/pagead/managed/js/activeview/current/reach_worklet.html:0
[  284305ms] [ERROR] Attestation check for Shared Storage on https://www.googleadservices.com failed. @ https://www.googleadservices.com/pagead/managed/js/activeview/current/reach_worklet.html:0
[  290249ms] [ERROR] Attestation check for Shared Storage on https://www.googleadservices.com failed. @ https://www.googleadservices.com/pagead/managed/js/activeview/current/reach_worklet.html:0
[  291550ms] [ERROR] Attestation check for Shared Storage on https://www.googleadservices.com failed. @ https://www.googleadservices.com/pagead/managed/js/activeview/current/reach_worklet.html:0
[  294703ms] [ERROR] Attestation check for Shared Storage on https://www.googleadservices.com failed. @ https://www.googleadservices.com/pagead/managed/js/activeview/current/reach_worklet.html:0
[  303367ms] [ERROR] Attestation check for Shared Storage on https://www.googleadservices.com failed. @ https://www.googleadservices.com/pagead/managed/js/activeview/current/reach_worklet.html:0
[  312246ms] [ERROR] Attestation check for Shared Storage on https://www.googleadservices.com failed. @ https://www.googleadservices.com/pagead/managed/js/activeview/current/reach_worklet.html:0
[  313294ms] [ERROR] Attestation check for Attribution Reporting on https://ad.doubleclick.net failed. @ https://www.w3schools.com/colors/colors_hsl.asp?color=hsl(195,%201,%200.5):0
[  315791ms] [DIR] SyntaxError @ https://js.ad-score.com/score.min.js?pid=1000925&tt=g:1
[  316637ms] Failed to read a named property 'document' from 'Window': Blocked a frame with origin "https://lax1-ib.adnxs.com" from accessing a frame with origin "https://srv.flashb.id". Protocols, domains, and ports must match.
[  319803ms] [ERROR] Access to fetch at 'https://pbsj-us-east.bricks-co.com/openrtb2/auction' from origin 'https://www.w3schools.com' has been blocked by CORS policy: No 'Access-Control-Allow-Origin' header is present on the requested resource. @ https://www.w3schools.com/colors/colors_hsl.asp?color=hsl(195,%201,%200.5):0
[  319804ms] [ERROR] Failed to load resource: net::ERR_FAILED @ https://pbsj-us-east.bricks-co.com/openrtb2/auction:0
[  324165ms] [DIR] SyntaxError @ https://js.ad-score.com/score.min.js?pid=1000925&tt=g:1
[  324680ms] Failed to read a named property 'document' from 'Window': Blocked a frame with origin "https://lax1-ib.adnxs.com" from accessing a frame with origin "https://srv.flashb.id". Protocols, domains, and ports must match.
[  326506ms] [ERROR] Access to fetch at 'https://pbsj-us-east.bricks-co.com/openrtb2/auction' from origin 'https://www.w3schools.com' has been blocked by CORS policy: No 'Access-Control-Allow-Origin' header is present on the requested resource. @ https://www.w3schools.com/colors/colors_hsl.asp?color=hsl(195,%201,%200.5):0
[  326506ms] [ERROR] Failed to load resource: net::ERR_FAILED @ https://pbsj-us-east.bricks-co.com/openrtb2/auction:0
[  327515ms] [WARNING] An iframe which has both allow-scripts and allow-same-origin for its sandbox attribute can escape its sandboxing. @ https://www.flashb.id/assets/js/hbdbrk_fef0c8b2caedfb449c01_m.js:0
[   91223ms] [ERROR] Failed to load resource: net::ERR_CONNECTION_CLOSED @ https://sync.connectad.io/umatch/1?dataid=data17&uuid=RX-9ec1288d-a6be-4e05-a575-925bfbfcec30-005&us_privacy=1---&rndcb=359565001:0
[   91839ms] [ERROR] Failed to load resource: the server responded with a status of 400 () @ https://cm.mgid.com/m?cdsp=433142&c=RX-9ec1288d-a6be-4e05-a575-925bfbfcec30-005&us_privacy=1---&rndcb=3460803040:0
[   92364ms] [ERROR] Failed to load resource: net::ERR_CONNECTION_CLOSED @ https://csync.smilewanted.com/set_partner_userid_get/unruly/RX-9ec1288d-a6be-4e05-a575-925bfbfcec30-005?us_privacy=1---&rndcb=8477261241:0
[   92377ms] [ERROR] Failed to load resource: the server responded with a status of 400 (Bad Request) @ https://sync.adkernel.com/user-sync?dsp=11&t=image&uid=RX-9ec1288d-a6be-4e05-a575-925bfbfcec30-005&us_privacy=1---&rndcb=4809021070:0
[   92394ms] [ERROR] Failed to load resource: net::ERR_SOCKET_NOT_CONNECTED @ https://csync.loopme.me/?partner_id=2259&vt=RX-9ec1288d-a6be-4e05-a575-925bfbfcec30-005&us_privacy=1---&rndcb=3695539100:0
[   93148ms] [ERROR] Failed to load resource: the server responded with a status of 404 () @ https://cs.admanmedia.com/cbaf91328596cd8e6c6aac070d7c695b.gif?puid=[UID]&redir=[RED]&gdpr=[GDPR]&gdpr_consent=[GDPR_CONSENT]&ccpa=[CCPA]&coppa=[COPPA]&us_privacy=1---&rndcb=1210572107:0
[   93344ms] [ERROR] Failed to load resource: the server responded with a status of 400 () @ https://match.prod.bidr.io/cookie-sync/ro?us_privacy=1---&rndcb=1144717434:0
[   95954ms] [ERROR] Failed to load resource: net::ERR_SOCKET_NOT_CONNECTED @ https://csync.loopme.me/?redirect=https%3A%2F%2Fsync.1rx.io%2Fusersync3%2Floopme%2F%2F%7Bdevice_id%7D%3Fzcc%3D0%26sspret%3D1%26us_privacy%3D1---&pubid=9718&us_privacy=1---&rndcb=2088199819:0
[   97727ms] [ERROR] Failed to load resource: net::ERR_NAME_NOT_RESOLVED @ https://tracker.pre.vr-tb.com/sync?id=3&uid=RX-9ec1288d-a6be-4e05-a575-925bfbfcec30-005&us_privacy=1---&rndcb=5500735770:0
[   98194ms] [ERROR] Failed to load resource: net::ERR_NAME_NOT_RESOLVED @ https://cs.iqzone.com/cd7df7742ce9820014dceb9d36ea934e.gif?puid=RX-9ec1288d-a6be-4e05-a575-925bfbfcec30-005&us_privacy=1---&rndcb=4646964125:0
[   99759ms] [ERROR] Failed to load resource: net::ERR_NAME_NOT_RESOLVED @ https://x.fidelity-media.com/match.php?dsp=RHTMKUB&uid=RX-9ec1288d-a6be-4e05-a575-925bfbfcec30-005&us_privacy=1---&rndcb=5875170170:0
[   99759ms] [ERROR] Failed to load resource: the server responded with a status of 401 () @ https://sync.ex.co/v1/setuid/copper6/?gdpr=[GDPR]&gdpr_consent=[GDPR_CONSENT]&gpp=[GPP]&gpp_sid=[GPP_SID]&uid=8b40d63c-9b6e-4ae4-8015-10ac1a43d577:0
[   99760ms] [ERROR] Failed to load resource: the server responded with a status of 400 () @ https://cm.mgid.com/m?cdsp=834161&c=RX-9ec1288d-a6be-4e05-a575-925bfbfcec30-005&us_privacy=1---&rndcb=6837296067:0
[   99799ms] [ERROR] Failed to load resource: the server responded with a status of 404 () @ https://match.justpremium.com/match/un?rid=r-4111cedb-72e5-4a0d-8cbd-4b6c3882923c-1687-778229178&jp_uid=lk2-um-bfeb8f08-96fa-4da8-b070-7171050cd12e-1613989936&ex_uid=RX-9ec1288d-a6be-4e05-a575-925bfbfcec30-005&us_privacy=1---&rndcb=6755002177:0
[   99963ms] [ERROR] Failed to load resource: the server responded with a status of 400 () @ https://mfx.mobilefuse.com/setuid?pid=unr&uid=RX-9ec1288d-a6be-4e05-a575-925bfbfcec30-005&us_privacy=1---&rndcb=3485535791:0
[   99983ms] [ERROR] Failed to load resource: net::ERR_NAME_NOT_RESOLVED @ https://sync.spotim.market/csync?t=a&ep=708476&extuid=RX-9ec1288d-a6be-4e05-a575-925bfbfcec30-005&us_privacy=1---&rndcb=2790323897:0
[  101251ms] [ERROR] Failed to load resource: net::ERR_NAME_NOT_RESOLVED @ https://sync.pubwise.io/usersync/unrulydspctv/RX-9ec1288d-a6be-4e05-a575-925bfbfcec30-005?us_privacy=1---&rndcb=431564914:0
[  104426ms] [ERROR] Failed to load resource: net::ERR_TOO_MANY_REDIRECTS @ https://sync-ssp.adsmovil.com/25272641f0ca28f71a7ea277c4985249.gif?puid=2648036472040787691&redir=https%3A%2F%2Fssbsync.smartadserver.com%2Fapi%2Fsync%3FcallerId%3D301&gdpr=0&gdpr_consent=:0
[  104567ms] [ERROR] Failed to load resource: net::ERR_CERT_COMMON_NAME_INVALID @ https://sync.programmaticx.ai/api/cookie?partnerId=progx-unruly&userId=RX-9ec1288d-a6be-4e05-a575-925bfbfcec30-005&us_privacy=1---&rndcb=1162585388:0
[  109092ms] [ERROR] Failed to load resource: net::ERR_TOO_MANY_REDIRECTS @ https://cs.pgammedia.com/bf4103da5f0fb6ae0166419ea1a784aa.gif?gdpr=$$[GDPR]&gdpr_consent=$$[GDPR_CONSENT]&us_privacy=$[CCPA]&uid=$5e8b229a-39dc-4495-8c54-0b4c4d198901&cookie_age=$[COOKIE_AGE]:0
[  109104ms] [ERROR] Failed to load resource: net::ERR_NAME_NOT_RESOLVED @ https://tracker.ortb.vuukle.com/sync?id=35&uid=RX-9ec1288d-a6be-4e05-a575-925bfbfcec30-005&us_privacy=1---&rndcb=4007536479:0
[  109111ms] [ERROR] Failed to load resource: net::ERR_NAME_NOT_RESOLVED @ https://hb.yahoo.net/cksync.php?cs=1&type=56551&ovsid=RX-9ec1288d-a6be-4e05-a575-925bfbfcec30-005&us_privacy=1---&rndcb=1521567313:0
[  109119ms] [ERROR] Failed to load resource: net::ERR_NAME_NOT_RESOLVED @ https://cs.iqzone.com/dad9a774fb4631ad27a2b1e349bf882f.gif?puid=[UID]&redir=[RED]&gdpr=[GDPR]&gdpr_consent=[GDPR_CONSENT]&ccpa=[CCPA]&coppa=[COPPA]&us_privacy=1---&rndcb=5043859670:0
[  109119ms] [ERROR] Failed to load resource: net::ERR_NAME_NOT_RESOLVED @ https://cs.iqzone.com/dad9a774fb4631ad27a2b1e349bf882f.gif?puid=[UID]&redir=[RED]&gdpr=[GDPR]&gdpr_consent=[GDPR_CONSENT]&ccpa=[CCPA]&coppa=[COPPA]&us_privacy=1---&rndcb=743145145:0
[  109760ms] [ERROR] Failed to load resource: net::ERR_NAME_NOT_RESOLVED @ https://tracker-zmd.ortb.net/sync.html?us_privacy=1---&rndcb=1645288100:0
[  109761ms] [ERROR] Failed to load resource: the server responded with a status of 400 (Bad Request) @ https://sync.adkernel.com/user-sync?zone=83074&r=https%3A%2F%2Fsync.1rx.io%2Fusersync3%2Fyieldnexus%2F%2F%7BUID%7D%3Fzcc%3D0%26sspret%3D1%26us_privacy%3D1---&us_privacy=1---&rndcb=2924073219:0
[  109762ms] [ERROR] Failed to load resource: the server responded with a status of 400 (Bad Request) @ https://sync.adkernel.com/user-sync?zone=42861&r=https%3A%2F%2Fsync.1rx.io%2Fusersync3%2Fnativeads%2F%2F%7BUID%7D%3Fzcc%3D0%26sspret%3D1%26us_privacy%3D1---&us_privacy=1---&rndcb=4133114690:0
[  109764ms] [ERROR] Failed to load resource: the server responded with a status of 404 (Not Found) @ https://us.shb-sync.com/70d23a5f-6400-4661-9a33-825cbc2d2a1a.gif?puid=RX-9ec1288d-a6be-4e05-a575-925bfbfcec30-005&redir=[RED]&gdpr=[GDPR]&gdpr_consent=[GDPR_CONSENT]&ccpa=[CCPA]&us_privacy=1---&rndcb=2797034035:0
[  113738ms] [ERROR] Failed to load resource: net::ERR_NAME_NOT_RESOLVED @ https://visitor-gen01.omnitagjs.com/visitor/bsync?uid=5183beddfca39cdc784820fdf854594d&name=gen01&url=https%3A%2F%2Fpbjs.rbstsystems.live%2Fsync_proceed%3Fbn%3Dseat_218%26brk%3D0%26brk2%3D0%26us_privacy%3D%252C%26gdpr%3D%26gdpr_consent%3D%252C%26u%3DPARTNER_USER_ID:0
[  114192ms] [ERROR] Failed to load resource: net::ERR_TOO_MANY_REDIRECTS @ https://sync.intentiq.com/profiles_engine/ProfilesEngineServlet?at=20&dpi=1357991113&mi=10&csh=793790479;1486637409;259151345;1868283820;396218182;1207058874&rnd=816938424&pcid=4263714045655984000V10:0
[  127473ms] [ERROR] Failed to load resource: net::ERR_TIMED_OUT @ https://ittpx.eskimi.com/sync?dp_id=170&user_id=RX-9ec1288d-a6be-4e05-a575-925bfbfcec30-005&us_privacy=1---&rndcb=5712487485:0
[  165754ms] [ERROR] Failed to load resource: net::ERR_CONNECTION_TIMED_OUT @ https://cookie.360playvid.com/e14743b15a44763f7d074962a0ede981.gif?puid=RX-9ec1288d-a6be-4e05-a575-925bfbfcec30-005&us_privacy=1---&rndcb=1023525675:0
[  184022ms] [ERROR] Failed to load resource: net::ERR_CONNECTION_TIMED_OUT @ https://rp.gwallet.com/r1/cm/p121?uuid=RX-9ec1288d-a6be-4e05-a575-925bfbfcec30-005&us_privacy=1---&rndcb=3867747032:0
[  186195ms] [ERROR] Failed to load resource: net::ERR_CONNECTION_TIMED_OUT @ https://ads.stickyadstv.com/user-registering?dataProviderId=1570&userId=RX-9ec1288d-a6be-4e05-a575-925bfbfcec30-005&us_privacy=1---&rndcb=7416659682:0
[  261016ms] [ERROR] Refused to execute script from 'https://metrics.getrockerbox.com/track/v5?source=semrush&tier_one=dv360&tier_two=${INSERTION_ORDER_ID}&tier_three=${CAMPAIGN_ID}&tier_four=${CREATIVE_ID}&auction_id=${CACHEBUSTER}&referrer=${SOURCE_URL}' because its MIME type ('image/gif') is not executable. @ https://srv.flashb.id/sf/1.1/37dc2490-e69a-50b6-b814-d999fdbee40b/render.html?m=true&csa=1:0
[   78529ms] [ERROR] Attestation check for Shared Storage on https://www.googleadservices.com failed. @ https://www.googleadservices.com/pagead/managed/js/activeview/current/reach_worklet.html:0
[   80049ms] [ERROR] Attestation check for Shared Storage on https://www.googleadservices.com failed. @ https://www.googleadservices.com/pagead/managed/js/activeview/current/reach_worklet.html:0
[   84334ms] [ERROR] Attestation check for Shared Storage on https://www.googleadservices.com failed. @ https://www.googleadservices.com/pagead/managed/js/activeview/current/reach_worklet.html:0
[   86621ms] [ERROR] Attestation check for Shared Storage on https://www.googleadservices.com failed. @ https://www.googleadservices.com/pagead/managed/js/activeview/current/reach_worklet.html:0
[   88257ms] [ERROR] Attestation check for Shared Storage on https://www.googleadservices.com failed. @ https://www.googleadservices.com/pagead/managed/js/activeview/current/reach_worklet.html:0
[   91243ms] [ERROR] Attestation check for Shared Storage on https://www.googleadservices.com failed. @ https://www.googleadservices.com/pagead/managed/js/activeview/current/reach_worklet.html:0
[   97248ms] [ERROR] Attestation check for Shared Storage on https://www.googleadservices.com failed. @ https://www.googleadservices.com/pagead/managed/js/activeview/current/reach_worklet.html:0
[   98816ms] [ERROR] Attestation check for Shared Storage on https://www.googleadservices.com failed. @ https://www.googleadservices.com/pagead/managed/js/activeview/current/reach_worklet.html:0
[  100343ms] [ERROR] Attestation check for Shared Storage on https://www.googleadservices.com failed. @ https://www.googleadservices.com/pagead/managed/js/activeview/current/reach_worklet.html:0
[  106043ms] [ERROR] Attestation check for Shared Storage on https://www.googleadservices.com failed. @ https://www.googleadservices.com/pagead/managed/js/activeview/current/reach_worklet.html:0
[  109172ms] [ERROR] Attestation check for Shared Storage on https://www.googleadservices.com failed. @ https://www.googleadservices.com/pagead/managed/js/activeview/current/reach_worklet.html:0
[  124379ms] [ERROR] Attestation check for Shared Storage on https://www.googleadservices.com failed. @ https://www.googleadservices.com/pagead/managed/js/activeview/current/reach_worklet.html:0
[  124947ms] [ERROR] Attestation check for Shared Storage on https://www.googleadservices.com failed. @ https://www.googleadservices.com/pagead/managed/js/activeview/current/reach_worklet.html:0
[  138093ms] [ERROR] Attestation check for Shared Storage on https://www.googleadservices.com failed. @ https://www.googleadservices.com/pagead/managed/js/activeview/current/reach_worklet.html:0
[  140951ms] [ERROR] Attestation check for Shared Storage on https://www.googleadservices.com failed. @ https://www.googleadservices.com/pagead/managed/js/activeview/current/reach_worklet.html:0
[  145508ms] [ERROR] Attestation check for Shared Storage on https://www.googleadservices.com failed. @ https://www.googleadservices.com/pagead/managed/js/activeview/current/reach_worklet.html:0
[  149876ms] [ERROR] Attestation check for Shared Storage on https://www.googleadservices.com failed. @ https://www.googleadservices.com/pagead/managed/js/activeview/current/reach_worklet.html:0
[  155200ms] [ERROR] Attestation check for Shared Storage on https://www.googleadservices.com failed. @ https://www.googleadservices.com/pagead/managed/js/activeview/current/reach_worklet.html:0
[  157463ms] [ERROR] Attestation check for Shared Storage on https://www.googleadservices.com failed. @ https://www.googleadservices.com/pagead/managed/js/activeview/current/reach_worklet.html:0
[  160680ms] [ERROR] Attestation check for Shared Storage on https://www.googleadservices.com failed. @ https://www.googleadservices.com/pagead/managed/js/activeview/current/reach_worklet.html:0
[  163140ms] [ERROR] Attestation check for Shared Storage on https://www.googleadservices.com failed. @ https://www.googleadservices.com/pagead/managed/js/activeview/current/reach_worklet.html:0
[  166167ms] [ERROR] Attestation check for Shared Storage on https://www.googleadservices.com failed. @ https://www.googleadservices.com/pagead/managed/js/activeview/current/reach_worklet.html:0
[  168519ms] [ERROR] Attestation check for Shared Storage on https://www.googleadservices.com failed. @ https://www.googleadservices.com/pagead/managed/js/activeview/current/reach_worklet.html:0
[  170847ms] [ERROR] Attestation check for Shared Storage on https://www.googleadservices.com failed. @ https://www.googleadservices.com/pagead/managed/js/activeview/current/reach_worklet.html:0
[  173923ms] [ERROR] Attestation check for Shared Storage on https://www.googleadservices.com failed. @ https://www.googleadservices.com/pagead/managed/js/activeview/current/reach_worklet.html:0
[  177973ms] [ERROR] Attestation check for Shared Storage on https://www.googleadservices.com failed. @ https://www.googleadservices.com/pagead/managed/js/activeview/current/reach_worklet.html:0
[  180303ms] [ERROR] Attestation check for Shared Storage on https://www.googleadservices.com failed. @ https://www.googleadservices.com/pagead/managed/js/activeview/current/reach_worklet.html:0
[  188922ms] [ERROR] Attestation check for Shared Storage on https://www.googleadservices.com failed. @ https://www.googleadservices.com/pagead/managed/js/activeview/current/reach_worklet.html:0
[  193185ms] [ERROR] Attestation check for Shared Storage on https://www.googleadservices.com failed. @ https://www.googleadservices.com/pagead/managed/js/activeview/current/reach_worklet.html:0
[  194786ms] [ERROR] Attestation check for Shared Storage on https://www.googleadservices.com failed. @ https://www.googleadservices.com/pagead/managed/js/activeview/current/reach_worklet.html:0
[  200567ms] [ERROR] Attestation check for Shared Storage on https://www.googleadservices.com failed. @ https://www.googleadservices.com/pagead/managed/js/activeview/current/reach_worklet.html:0
[  201255ms] [ERROR] Attestation check for Shared Storage on https://www.googleadservices.com failed. @ https://www.googleadservices.com/pagead/managed/js/activeview/current/reach_worklet.html:0
[  209361ms] [ERROR] Attestation check for Shared Storage on https://www.googleadservices.com failed. @ https://www.googleadservices.com/pagead/managed/js/activeview/current/reach_worklet.html:0
[  213229ms] [ERROR] Attestation check for Shared Storage on https://www.googleadservices.com failed. @ https://www.googleadservices.com/pagead/managed/js/activeview/current/reach_worklet.html:0
[  214403ms] [ERROR] Attestation check for Shared Storage on https://www.googleadservices.com failed. @ https://www.googleadservices.com/pagead/managed/js/activeview/current/reach_worklet.html:0
[  222422ms] [ERROR] Attestation check for Shared Storage on https://www.googleadservices.com failed. @ https://www.googleadservices.com/pagead/managed/js/activeview/current/reach_worklet.html:0
[  229755ms] [ERROR] Attestation check for Shared Storage on https://www.googleadservices.com failed. @ https://www.googleadservices.com/pagead/managed/js/activeview/current/reach_worklet.html:0
[  236867ms] [ERROR] Attestation check for Shared Storage on https://www.googleadservices.com failed. @ https://www.googleadservices.com/pagead/managed/js/activeview/current/reach_worklet.html:0
[  239503ms] [ERROR] Attestation check for Shared Storage on https://www.googleadservices.com failed. @ https://www.googleadservices.com/pagead/managed/js/activeview/current/reach_worklet.html:0
[  243389ms] [ERROR] Attestation check for Shared Storage on https://www.googleadservices.com failed. @ https://www.googleadservices.com/pagead/managed/js/activeview/current/reach_worklet.html:0
[  249294ms] [ERROR] Attestation check for Shared Storage on https://www.googleadservices.com failed. @ https://www.googleadservices.com/pagead/managed/js/activeview/current/reach_worklet.html:0
[  251253ms] [ERROR] Attestation check for Shared Storage on https://www.googleadservices.com failed. @ https://www.googleadservices.com/pagead/managed/js/activeview/current/reach_worklet.html:0
[  259368ms] [ERROR] Attestation check for Shared Storage on https://www.googleadservices.com failed. @ https://www.googleadservices.com/pagead/managed/js/activeview/current/reach_worklet.html:0
[  261017ms] [ERROR] Attestation check for Shared Storage on https://www.googleadservices.com failed. @ https://www.googleadservices.com/pagead/managed/js/activeview/current/reach_worklet.html:0
[  267160ms] [ERROR] Attestation check for Shared Storage on https://www.googleadservices.com failed. @ https://www.googleadservices.com/pagead/managed/js/activeview/current/reach_worklet.html:0
[  271685ms] [ERROR] Attestation check for Shared Storage on https://www.googleadservices.com failed. @ https://www.googleadservices.com/pagead/managed/js/activeview/current/reach_worklet.html:0
[  279060ms] [ERROR] Attestation check for Shared Storage on https://www.googleadservices.com failed. @ https://www.googleadservices.com/pagead/managed/js/activeview/current/reach_worklet.html:0
[  284305ms] [ERROR] Attestation check for Shared Storage on https://www.googleadservices.com failed. @ https://www.googleadservices.com/pagead/managed/js/activeview/current/reach_worklet.html:0
[  290249ms] [ERROR] Attestation check for Shared Storage on https://www.googleadservices.com failed. @ https://www.googleadservices.com/pagead/managed/js/activeview/current/reach_worklet.html:0
[  291550ms] [ERROR] Attestation check for Shared Storage on https://www.googleadservices.com failed. @ https://www.googleadservices.com/pagead/managed/js/activeview/current/reach_worklet.html:0
[  294703ms] [ERROR] Attestation check for Shared Storage on https://www.googleadservices.com failed. @ https://www.googleadservices.com/pagead/managed/js/activeview/current/reach_worklet.html:0
[  303367ms] [ERROR] Attestation check for Shared Storage on https://www.googleadservices.com failed. @ https://www.googleadservices.com/pagead/managed/js/activeview/current/reach_worklet.html:0
[  312246ms] [ERROR] Attestation check for Shared Storage on https://www.googleadservices.com failed. @ https://www.googleadservices.com/pagead/managed/js/activeview/current/reach_worklet.html:0
[  331226ms] [ERROR] Attestation check for Shared Storage on https://www.googleadservices.com failed. @ https://www.googleadservices.com/pagead/managed/js/activeview/current/reach_worklet.html:0
[  344787ms] Uncaught (in promise) TypeError: Cannot read properties of undefined (reading 'j')
    at <anonymous> (https://imasdk.googleapis.com/js/sdkloader/ima3.js:591:148)
    at Ca (https://imasdk.googleapis.com/js/sdkloader/ima3.js:12:418)
    at Fa.next (https://imasdk.googleapis.com/js/sdkloader/ima3.js:13:202)
    at <anonymous> (https://imasdk.googleapis.com/js/sdkloader/ima3.js:14:84)
    at Ga (https://imasdk.googleapis.com/js/sdkloader/ima3.js:13:489)
    at Ha (https://imasdk.googleapis.com/js/sdkloader/ima3.js:14:117)
    at KM (https://imasdk.googleapis.com/js/sdkloader/ima3.js:591:85)
    at <anonymous> (https://imasdk.googleapis.com/js/sdkloader/ima3.js:739:203)
    at Ca (https://imasdk.googleapis.com/js/sdkloader/ima3.js:12:418)
    at Fa.next (https://imasdk.googleapis.com/js/sdkloader/ima3.js:13:202)
    at <anonymous> (https://imasdk.googleapis.com/js/sdkloader/ima3.js:14:84)
    at Ga (https://imasdk.googleapis.com/js/sdkloader/ima3.js:13:489)
    at Ha (https://imasdk.googleapis.com/js/sdkloader/ima3.js:14:117)
    at gW (https://imasdk.googleapis.com/js/sdkloader/ima3.js:739:64)
    at hW (https://imasdk.googleapis.com/js/sdkloader/ima3.js:743:250)
    at jW (https://imasdk.googleapis.com/js/sdkloader/ima3.js:740:367)
    at ZW (https://imasdk.googleapis.com/js/sdkloader/ima3.js:786:294)
    at value (https://cdn.viously.com/player/2117/js/core_sdk.js:2:291968)
    at value (https://cdn.viously.com/player/2117/js/core_sdk.js:2:287933)
    at <anonymous> (https://cdn.viously.com/player/2117/js/core_sdk.js:2:287640)
    at l.onload (https://cdn.viously.com/player/2117/js/core_sdk.js:2:48533)
[  345189ms] Uncaught (in promise) TypeError: Cannot read properties of undefined (reading 'j')
    at <anonymous> (https://imasdk.googleapis.com/js/sdkloader/ima3.js:591:148)
    at Ca (https://imasdk.googleapis.com/js/sdkloader/ima3.js:12:418)
    at Fa.next (https://imasdk.googleapis.com/js/sdkloader/ima3.js:13:202)
    at <anonymous> (https://imasdk.googleapis.com/js/sdkloader/ima3.js:14:84)
    at Ga (https://imasdk.googleapis.com/js/sdkloader/ima3.js:13:489)
    at Ha (https://imasdk.googleapis.com/js/sdkloader/ima3.js:14:117)
    at KM (https://imasdk.googleapis.com/js/sdkloader/ima3.js:591:85)
    at <anonymous> (https://imasdk.googleapis.com/js/sdkloader/ima3.js:739:203)
    at Ca (https://imasdk.googleapis.com/js/sdkloader/ima3.js:12:418)
    at Fa.next (https://imasdk.googleapis.com/js/sdkloader/ima3.js:13:202)
    at <anonymous> (https://imasdk.googleapis.com/js/sdkloader/ima3.js:14:84)
    at Ga (https://imasdk.googleapis.com/js/sdkloader/ima3.js:13:489)
    at Ha (https://imasdk.googleapis.com/js/sdkloader/ima3.js:14:117)
    at gW (https://imasdk.googleapis.com/js/sdkloader/ima3.js:739:64)
    at hW (https://imasdk.googleapis.com/js/sdkloader/ima3.js:743:250)
    at jW (https://imasdk.googleapis.com/js/sdkloader/ima3.js:740:367)
    at ZW (https://imasdk.googleapis.com/js/sdkloader/ima3.js:786:294)
    at value (https://cdn.viously.com/player/2117/js/core_sdk.js:2:291968)
    at value (https://cdn.viously.com/player/2117/js/core_sdk.js:2:287933)
    at <anonymous> (https://cdn.viously.com/player/2117/js/core_sdk.js:2:287640)
    at l.onload (https://cdn.viously.com/player/2117/js/core_sdk.js:2:48533)
[  345506ms] [WARNING] An iframe which has both allow-scripts and allow-same-origin for its sandbox attribute can escape its sandboxing. @ https://www.flashb.id/assets/js/hbdbrk_fef0c8b2caedfb449c01_m.js:0
[  350001ms] [ERROR] Access to fetch at 'https://pbsj-us-east.bricks-co.com/openrtb2/auction' from origin 'https://www.w3schools.com' has been blocked by CORS policy: No 'Access-Control-Allow-Origin' header is present on the requested resource. @ https://www.w3schools.com/colors/colors_hsl.asp?color=hsl(195,%201,%200.5):0
[  350002ms] [ERROR] Failed to load resource: net::ERR_FAILED @ https://pbsj-us-east.bricks-co.com/openrtb2/auction:0
[  351013ms] [WARNING] An iframe which has both allow-scripts and allow-same-origin for its sandbox attribute can escape its sandboxing. @ https://www.flashb.id/assets/js/hbdbrk_fef0c8b2caedfb449c01_m.js:0
[  351100ms] [WARNING] An iframe which has both allow-scripts and allow-same-origin for its sandbox attribute can escape its sandboxing. @ https://www.flashb.id/assets/js/hbdbrk_fef0c8b2caedfb449c01_m.js:0
[  351789ms] [ERROR] Access to fetch at 'https://pbsj-us-east.bricks-co.com/openrtb2/auction' from origin 'https://www.w3schools.com' has been blocked by CORS policy: No 'Access-Control-Allow-Origin' header is present on the requested resource. @ https://www.w3schools.com/colors/colors_hsl.asp?color=hsl(195,%201,%200.5):0
[  351790ms] [ERROR] Failed to load resource: net::ERR_FAILED @ https://pbsj-us-east.bricks-co.com/openrtb2/auction:0
[  366519ms] [WARNING] An iframe which has both allow-scripts and allow-same-origin for its sandbox attribute can escape its sandboxing. @ https://www.flashb.id/assets/js/hbdbrk_fef0c8b2caedfb449c01_m.js:0
[  366721ms] [WARNING] An iframe which has both allow-scripts and allow-same-origin for its sandbox attribute can escape its sandboxing. @ https://www.flashb.id/assets/js/hbdbrk_fef0c8b2caedfb449c01_m.js:0
[  371085ms] [ERROR] Failed to load resource: net::ERR_SOCKET_NOT_CONNECTED @ https://csync.loopme.me/?pubid=11466&redirect=https%3A%2F%2Fdsum-sec.casalemedia.com%2Frum%3Fcm_dsp_id%3D24%26external_user_id%3D%7Bviewer_token%7D&us_privacy=1---&gdpr=&gdpr_consent=&gpp=&gpp_sid=:0
[  373396ms] [ERROR] Attestation check for Shared Storage on https://www.googleadservices.com failed. @ https://www.googleadservices.com/pagead/managed/js/activeview/current/reach_worklet.html:0
[  373941ms] Failed to read a named property 'addEventListener' from 'Window': Blocked a frame with origin "https://srv.flashb.id" from accessing a cross-origin frame.
[  375224ms] Failed to read a named property 'addEventListener' from 'Window': Blocked a frame with origin "https://srv.flashb.id" from accessing a cross-origin frame.
[  384086ms] [WARNING] An iframe which has both allow-scripts and allow-same-origin for its sandbox attribute can escape its sandboxing. @ https://www.flashb.id/assets/js/hbdbrk_fef0c8b2caedfb449c01_m.js:0
[  384114ms] [WARNING] An iframe which has both allow-scripts and allow-same-origin for its sandbox attribute can escape its sandboxing. @ https://www.flashb.id/assets/js/hbdbrk_fef0c8b2caedfb449c01_m.js:0
[  384950ms] [ERROR] Attestation check for Shared Storage on https://www.googleadservices.com failed. @ https://www.googleadservices.com/pagead/managed/js/activeview/current/reach_worklet.html:0
[  384950ms] [ERROR] Attestation check for Shared Storage on https://www.googleadservices.com failed. @ https://www.googleadservices.com/pagead/managed/js/activeview/current/reach_worklet.html:0
[  387279ms] [ERROR] Attestation check for Shared Storage on https://www.googleadservices.com failed. @ https://www.googleadservices.com/pagead/managed/js/activeview/current/reach_worklet.html:0
[  399699ms] [WARNING] An iframe which has both allow-scripts and allow-same-origin for its sandbox attribute can escape its sandboxing. @ https://www.flashb.id/assets/js/hbdbrk_fef0c8b2caedfb449c01_m.js:0
[  399751ms] [WARNING] An iframe which has both allow-scripts and allow-same-origin for its sandbox attribute can escape its sandboxing. @ https://www.flashb.id/assets/js/hbdbrk_fef0c8b2caedfb449c01_m.js:0
[  406985ms] Failed to read a named property 'document' from 'Window': Blocked a frame with origin "https://lax1-ib.adnxs.com" from accessing a frame with origin "https://srv.flashb.id". Protocols, domains, and ports must match.
[  410238ms] [ERROR] Failed to load resource: net::ERR_CONNECTION_CLOSED @ https://pxl.iqm.com/i/ck/equativ?cid=SMART_USER_ID&redir=https%3A%2F%2Frtb-csync.smartadserver.com%2Fredir%2F%3Fissi%3D1%26partnerid%3D154%26partneruserid%3D%7BIQM_COOKIE%7D&gdpr=0&gdpr_consent=:0
[  414829ms] Uncaught TypeError: Cannot read properties of undefined (reading 'ownerDocument')
    at nodeIsInWindow (https://fw.adsafeprotected.com/amtjs?ias_tId=187&ias_cId=139252&ias_campId=9087382&ias_placementId=9239273&ias_advId=9000039&ias_creativeId=10727182&ias_impId=1398722647391602688&custom=463abfd8-a253-4f33-a815-bbcf576d8d25&custom2=8a1eebd6-c570-484c-b31a-5a1435359f20&custom3=p-1RYxePXT9bCS2&xbundleId=&bidurl=https%3A%2F%2Fwww.w3schools.com%2Fcolors%2Fcolors_hsl.asp%3Fcolor%3Dhsl%28195%2C%25201%2C%25200.5%29&ias_bundleId=:0:162763)
    at isApplicable (https://fw.adsafeprotected.com/amtjs?ias_tId=187&ias_cId=139252&ias_campId=9087382&ias_placementId=9239273&ias_advId=9000039&ias_creativeId=10727182&ias_impId=1398722647391602688&custom=463abfd8-a253-4f33-a815-bbcf576d8d25&custom2=8a1eebd6-c570-484c-b31a-5a1435359f20&custom3=p-1RYxePXT9bCS2&xbundleId=&bidurl=https%3A%2F%2Fwww.w3schools.com%2Fcolors%2Fcolors_hsl.asp%3Fcolor%3Dhsl%28195%2C%25201%2C%25200.5%29&ias_bundleId=:0:283085)
    at <anonymous> (https://fw.adsafeprotected.com/amtjs?ias_tId=187&ias_cId=139252&ias_campId=9087382&ias_placementId=9239273&ias_advId=9000039&ias_creativeId=10727182&ias_impId=1398722647391602688&custom=463abfd8-a253-4f33-a815-bbcf576d8d25&custom2=8a1eebd6-c570-484c-b31a-5a1435359f20&custom3=p-1RYxePXT9bCS2&xbundleId=&bidurl=https%3A%2F%2Fwww.w3schools.com%2Fcolors%2Fcolors_hsl.asp%3Fcolor%3Dhsl%28195%2C%25201%2C%25200.5%29&ias_bundleId=:0:281911)
    at <anonymous> (https://fw.adsafeprotected.com/amtjs?ias_tId=187&ias_cId=139252&ias_campId=9087382&ias_placementId=9239273&ias_advId=9000039&ias_creativeId=10727182&ias_impId=1398722647391602688&custom=463abfd8-a253-4f33-a815-bbcf576d8d25&custom2=8a1eebd6-c570-484c-b31a-5a1435359f20&custom3=p-1RYxePXT9bCS2&xbundleId=&bidurl=https%3A%2F%2Fwww.w3schools.com%2Fcolors%2Fcolors_hsl.asp%3Fcolor%3Dhsl%28195%2C%25201%2C%25200.5%29&ias_bundleId=:0:89927)
    at Ce.each (https://fw.adsafeprotected.com/amtjs?ias_tId=187&ias_cId=139252&ias_campId=9087382&ias_placementId=9239273&ias_advId=9000039&ias_creativeId=10727182&ias_impId=1398722647391602688&custom=463abfd8-a253-4f33-a815-bbcf576d8d25&custom2=8a1eebd6-c570-484c-b31a-5a1435359f20&custom3=p-1RYxePXT9bCS2&xbundleId=&bidurl=https%3A%2F%2Fwww.w3schools.com%2Fcolors%2Fcolors_hsl.asp%3Fcolor%3Dhsl%28195%2C%25201%2C%25200.5%29&ias_bundleId=:0:88218)
    at Ce.findFirst (https://fw.adsafeprotected.com/amtjs?ias_tId=187&ias_cId=139252&ias_campId=9087382&ias_placementId=9239273&ias_advId=9000039&ias_creativeId=10727182&ias_impId=1398722647391602688&custom=463abfd8-a253-4f33-a815-bbcf576d8d25&custom2=8a1eebd6-c570-484c-b31a-5a1435359f20&custom3=p-1RYxePXT9bCS2&xbundleId=&bidurl=https%3A%2F%2Fwww.w3schools.com%2Fcolors%2Fcolors_hsl.asp%3Fcolor%3Dhsl%28195%2C%25201%2C%25200.5%29&ias_bundleId=:0:89903)
    at nr (https://fw.adsafeprotected.com/amtjs?ias_tId=187&ias_cId=139252&ias_campId=9087382&ias_placementId=9239273&ias_advId=9000039&ias_creativeId=10727182&ias_impId=1398722647391602688&custom=463abfd8-a253-4f33-a815-bbcf576d8d25&custom2=8a1eebd6-c570-484c-b31a-5a1435359f20&custom3=p-1RYxePXT9bCS2&xbundleId=&bidurl=https%3A%2F%2Fwww.w3schools.com%2Fcolors%2Fcolors_hsl.asp%3Fcolor%3Dhsl%28195%2C%25201%2C%25200.5%29&ias_bundleId=:0:281877)
    at Fo (https://fw.adsafeprotected.com/amtjs?ias_tId=187&ias_cId=139252&ias_campId=9087382&ias_placementId=9239273&ias_advId=9000039&ias_creativeId=10727182&ias_impId=1398722647391602688&custom=463abfd8-a253-4f33-a815-bbcf576d8d25&custom2=8a1eebd6-c570-484c-b31a-5a1435359f20&custom3=p-1RYxePXT9bCS2&xbundleId=&bidurl=https%3A%2F%2Fwww.w3schools.com%2Fcolors%2Fcolors_hsl.asp%3Fcolor%3Dhsl%28195%2C%25201%2C%25200.5%29&ias_bundleId=:0:267966)
    at s (https://fw.adsafeprotected.com/amtjs?ias_tId=187&ias_cId=139252&ias_campId=9087382&ias_placementId=9239273&ias_advId=9000039&ias_creativeId=10727182&ias_impId=1398722647391602688&custom=463abfd8-a253-4f33-a815-bbcf576d8d25&custom2=8a1eebd6-c570-484c-b31a-5a1435359f20&custom3=p-1RYxePXT9bCS2&xbundleId=&bidurl=https%3A%2F%2Fwww.w3schools.com%2Fcolors%2Fcolors_hsl.asp%3Fcolor%3Dhsl%28195%2C%25201%2C%25200.5%29&ias_bundleId=:0:271432)
    at <anonymous> (https://fw.adsafeprotected.com/amtjs?ias_tId=187&ias_cId=139252&ias_campId=9087382&ias_placementId=9239273&ias_advId=9000039&ias_creativeId=10727182&ias_impId=1398722647391602688&custom=463abfd8-a253-4f33-a815-bbcf576d8d25&custom2=8a1eebd6-c570-484c-b31a-5a1435359f20&custom3=p-1RYxePXT9bCS2&xbundleId=&bidurl=https%3A%2F%2Fwww.w3schools.com%2Fcolors%2Fcolors_hsl.asp%3Fcolor%3Dhsl%28195%2C%25201%2C%25200.5%29&ias_bundleId=:0:272524)
    at Ce.each (https://fw.adsafeprotected.com/amtjs?ias_tId=187&ias_cId=139252&ias_campId=9087382&ias_placementId=9239273&ias_advId=9000039&ias_creativeId=10727182&ias_impId=1398722647391602688&custom=463abfd8-a253-4f33-a815-bbcf576d8d25&custom2=8a1eebd6-c570-484c-b31a-5a1435359f20&custom3=p-1RYxePXT9bCS2&xbundleId=&bidurl=https%3A%2F%2Fwww.w3schools.com%2Fcolors%2Fcolors_hsl.asp%3Fcolor%3Dhsl%28195%2C%25201%2C%25200.5%29&ias_bundleId=:0:88218)
    at m (https://fw.adsafeprotected.com/amtjs?ias_tId=187&ias_cId=139252&ias_campId=9087382&ias_placementId=9239273&ias_advId=9000039&ias_creativeId=10727182&ias_impId=1398722647391602688&custom=463abfd8-a253-4f33-a815-bbcf576d8d25&custom2=8a1eebd6-c570-484c-b31a-5a1435359f20&custom3=p-1RYxePXT9bCS2&xbundleId=&bidurl=https%3A%2F%2Fwww.w3schools.com%2Fcolors%2Fcolors_hsl.asp%3Fcolor%3Dhsl%28195%2C%25201%2C%25200.5%29&ias_bundleId=:0:272411)
    at e.<computed> (https://fw.adsafeprotected.com/amtjs?ias_tId=187&ias_cId=139252&ias_campId=9087382&ias_placementId=9239273&ias_advId=9000039&ias_creativeId=10727182&ias_impId=1398722647391602688&custom=463abfd8-a253-4f33-a815-bbcf576d8d25&custom2=8a1eebd6-c570-484c-b31a-5a1435359f20&custom3=p-1RYxePXT9bCS2&xbundleId=&bidurl=https%3A%2F%2Fwww.w3schools.com%2Fcolors%2Fcolors_hsl.asp%3Fcolor%3Dhsl%28195%2C%25201%2C%25200.5%29&ias_bundleId=:0:122644)
    at <anonymous> (https://fw.adsafeprotected.com/amtjs?ias_tId=187&ias_cId=139252&ias_campId=9087382&ias_placementId=9239273&ias_advId=9000039&ias_creativeId=10727182&ias_impId=1398722647391602688&custom=463abfd8-a253-4f33-a815-bbcf576d8d25&custom2=8a1eebd6-c570-484c-b31a-5a1435359f20&custom3=p-1RYxePXT9bCS2&xbundleId=&bidurl=https%3A%2F%2Fwww.w3schools.com%2Fcolors%2Fcolors_hsl.asp%3Fcolor%3Dhsl%28195%2C%25201%2C%25200.5%29&ias_bundleId=:0:122728)
    at Ce.each (https://fw.adsafeprotected.com/amtjs?ias_tId=187&ias_cId=139252&ias_campId=9087382&ias_placementId=9239273&ias_advId=9000039&ias_creativeId=10727182&ias_impId=1398722647391602688&custom=463abfd8-a253-4f33-a815-bbcf576d8d25&custom2=8a1eebd6-c570-484c-b31a-5a1435359f20&custom3=p-1RYxePXT9bCS2&xbundleId=&bidurl=https%3A%2F%2Fwww.w3schools.com%2Fcolors%2Fcolors_hsl.asp%3Fcolor%3Dhsl%28195%2C%25201%2C%25200.5%29&ias_bundleId=:0:88218)
    at run (https://fw.adsafeprotected.com/amtjs?ias_tId=187&ias_cId=139252&ias_campId=9087382&ias_placementId=9239273&ias_advId=9000039&ias_creativeId=10727182&ias_impId=1398722647391602688&custom=463abfd8-a253-4f33-a815-bbcf576d8d25&custom2=8a1eebd6-c570-484c-b31a-5a1435359f20&custom3=p-1RYxePXT9bCS2&xbundleId=&bidurl=https%3A%2F%2Fwww.w3schools.com%2Fcolors%2Fcolors_hsl.asp%3Fcolor%3Dhsl%28195%2C%25201%2C%25200.5%29&ias_bundleId=:0:122706)
    at i (https://fw.adsafeprotected.com/amtjs?ias_tId=187&ias_cId=139252&ias_campId=9087382&ias_placementId=9239273&ias_advId=9000039&ias_creativeId=10727182&ias_impId=1398722647391602688&custom=463abfd8-a253-4f33-a815-bbcf576d8d25&custom2=8a1eebd6-c570-484c-b31a-5a1435359f20&custom3=p-1RYxePXT9bCS2&xbundleId=&bidurl=https%3A%2F%2Fwww.w3schools.com%2Fcolors%2Fcolors_hsl.asp%3Fcolor%3Dhsl%28195%2C%25201%2C%25200.5%29&ias_bundleId=:0:121590)
    at trigger (https://fw.adsafeprotected.com/amtjs?ias_tId=187&ias_cId=139252&ias_campId=9087382&ias_placementId=9239273&ias_advId=9000039&ias_creativeId=10727182&ias_impId=1398722647391602688&custom=463abfd8-a253-4f33-a815-bbcf576d8d25&custom2=8a1eebd6-c570-484c-b31a-5a1435359f20&custom3=p-1RYxePXT9bCS2&xbundleId=&bidurl=https%3A%2F%2Fwww.w3schools.com%2Fcolors%2Fcolors_hsl.asp%3Fcolor%3Dhsl%28195%2C%25201%2C%25200.5%29&ias_bundleId=:0:121947)
    at <anonymous> (https://fw.adsafeprotected.com/amtjs?ias_tId=187&ias_cId=139252&ias_campId=9087382&ias_placementId=9239273&ias_advId=9000039&ias_creativeId=10727182&ias_impId=1398722647391602688&custom=463abfd8-a253-4f33-a815-bbcf576d8d25&custom2=8a1eebd6-c570-484c-b31a-5a1435359f20&custom3=p-1RYxePXT9bCS2&xbundleId=&bidurl=https%3A%2F%2Fwww.w3schools.com%2Fcolors%2Fcolors_hsl.asp%3Fcolor%3Dhsl%28195%2C%25201%2C%25200.5%29&ias_bundleId=:0:287374)
    at Ce.each (https://fw.adsafeprotected.com/amtjs?ias_tId=187&ias_cId=139252&ias_campId=9087382&ias_placementId=9239273&ias_advId=9000039&ias_creativeId=10727182&ias_impId=1398722647391602688&custom=463abfd8-a253-4f33-a815-bbcf576d8d25&custom2=8a1eebd6-c570-484c-b31a-5a1435359f20&custom3=p-1RYxePXT9bCS2&xbundleId=&bidurl=https%3A%2F%2Fwww.w3schools.com%2Fcolors%2Fcolors_hsl.asp%3Fcolor%3Dhsl%28195%2C%25201%2C%25200.5%29&ias_bundleId=:0:88218)
    at <anonymous> (https://fw.adsafeprotected.com/amtjs?ias_tId=187&ias_cId=139252&ias_campId=9087382&ias_placementId=9239273&ias_advId=9000039&ias_creativeId=10727182&ias_impId=1398722647391602688&custom=463abfd8-a253-4f33-a815-bbcf576d8d25&custom2=8a1eebd6-c570-484c-b31a-5a1435359f20&custom3=p-1RYxePXT9bCS2&xbundleId=&bidurl=https%3A%2F%2Fwww.w3schools.com%2Fcolors%2Fcolors_hsl.asp%3Fcolor%3Dhsl%28195%2C%25201%2C%25200.5%29&ias_bundleId=:0:287314)
[  415594ms] Uncaught TypeError: Cannot read properties of undefined (reading 'ownerDocument')
    at nodeIsInWindow (https://fw.adsafeprotected.com/amtjs?ias_tId=187&ias_cId=139252&ias_campId=9087382&ias_placementId=9239273&ias_advId=9000039&ias_creativeId=10727182&ias_impId=1398722647391602688&custom=463abfd8-a253-4f33-a815-bbcf576d8d25&custom2=8a1eebd6-c570-484c-b31a-5a1435359f20&custom3=p-1RYxePXT9bCS2&xbundleId=&bidurl=https%3A%2F%2Fwww.w3schools.com%2Fcolors%2Fcolors_hsl.asp%3Fcolor%3Dhsl%28195%2C%25201%2C%25200.5%29&ias_bundleId=:0:162763)
    at isApplicable (https://fw.adsafeprotected.com/amtjs?ias_tId=187&ias_cId=139252&ias_campId=9087382&ias_placementId=9239273&ias_advId=9000039&ias_creativeId=10727182&ias_impId=1398722647391602688&custom=463abfd8-a253-4f33-a815-bbcf576d8d25&custom2=8a1eebd6-c570-484c-b31a-5a1435359f20&custom3=p-1RYxePXT9bCS2&xbundleId=&bidurl=https%3A%2F%2Fwww.w3schools.com%2Fcolors%2Fcolors_hsl.asp%3Fcolor%3Dhsl%28195%2C%25201%2C%25200.5%29&ias_bundleId=:0:283085)
    at <anonymous> (https://fw.adsafeprotected.com/amtjs?ias_tId=187&ias_cId=139252&ias_campId=9087382&ias_placementId=9239273&ias_advId=9000039&ias_creativeId=10727182&ias_impId=1398722647391602688&custom=463abfd8-a253-4f33-a815-bbcf576d8d25&custom2=8a1eebd6-c570-484c-b31a-5a1435359f20&custom3=p-1RYxePXT9bCS2&xbundleId=&bidurl=https%3A%2F%2Fwww.w3schools.com%2Fcolors%2Fcolors_hsl.asp%3Fcolor%3Dhsl%28195%2C%25201%2C%25200.5%29&ias_bundleId=:0:281911)
    at <anonymous> (https://fw.adsafeprotected.com/amtjs?ias_tId=187&ias_cId=139252&ias_campId=9087382&ias_placementId=9239273&ias_advId=9000039&ias_creativeId=10727182&ias_impId=1398722647391602688&custom=463abfd8-a253-4f33-a815-bbcf576d8d25&custom2=8a1eebd6-c570-484c-b31a-5a1435359f20&custom3=p-1RYxePXT9bCS2&xbundleId=&bidurl=https%3A%2F%2Fwww.w3schools.com%2Fcolors%2Fcolors_hsl.asp%3Fcolor%3Dhsl%28195%2C%25201%2C%25200.5%29&ias_bundleId=:0:89927)
    at Ce.each (https://fw.adsafeprotected.com/amtjs?ias_tId=187&ias_cId=139252&ias_campId=9087382&ias_placementId=9239273&ias_advId=9000039&ias_creativeId=10727182&ias_impId=1398722647391602688&custom=463abfd8-a253-4f33-a815-bbcf576d8d25&custom2=8a1eebd6-c570-484c-b31a-5a1435359f20&custom3=p-1RYxePXT9bCS2&xbundleId=&bidurl=https%3A%2F%2Fwww.w3schools.com%2Fcolors%2Fcolors_hsl.asp%3Fcolor%3Dhsl%28195%2C%25201%2C%25200.5%29&ias_bundleId=:0:88218)
    at Ce.findFirst (https://fw.adsafeprotected.com/amtjs?ias_tId=187&ias_cId=139252&ias_campId=9087382&ias_placementId=9239273&ias_advId=9000039&ias_creativeId=10727182&ias_impId=1398722647391602688&custom=463abfd8-a253-4f33-a815-bbcf576d8d25&custom2=8a1eebd6-c570-484c-b31a-5a1435359f20&custom3=p-1RYxePXT9bCS2&xbundleId=&bidurl=https%3A%2F%2Fwww.w3schools.com%2Fcolors%2Fcolors_hsl.asp%3Fcolor%3Dhsl%28195%2C%25201%2C%25200.5%29&ias_bundleId=:0:89903)
    at nr (https://fw.adsafeprotected.com/amtjs?ias_tId=187&ias_cId=139252&ias_campId=9087382&ias_placementId=9239273&ias_advId=9000039&ias_creativeId=10727182&ias_impId=1398722647391602688&custom=463abfd8-a253-4f33-a815-bbcf576d8d25&custom2=8a1eebd6-c570-484c-b31a-5a1435359f20&custom3=p-1RYxePXT9bCS2&xbundleId=&bidurl=https%3A%2F%2Fwww.w3schools.com%2Fcolors%2Fcolors_hsl.asp%3Fcolor%3Dhsl%28195%2C%25201%2C%25200.5%29&ias_bundleId=:0:281877)
    at Fo (https://fw.adsafeprotected.com/amtjs?ias_tId=187&ias_cId=139252&ias_campId=9087382&ias_placementId=9239273&ias_advId=9000039&ias_creativeId=10727182&ias_impId=1398722647391602688&custom=463abfd8-a253-4f33-a815-bbcf576d8d25&custom2=8a1eebd6-c570-484c-b31a-5a1435359f20&custom3=p-1RYxePXT9bCS2&xbundleId=&bidurl=https%3A%2F%2Fwww.w3schools.com%2Fcolors%2Fcolors_hsl.asp%3Fcolor%3Dhsl%28195%2C%25201%2C%25200.5%29&ias_bundleId=:0:267966)
    at s (https://fw.adsafeprotected.com/amtjs?ias_tId=187&ias_cId=139252&ias_campId=9087382&ias_placementId=9239273&ias_advId=9000039&ias_creativeId=10727182&ias_impId=1398722647391602688&custom=463abfd8-a253-4f33-a815-bbcf576d8d25&custom2=8a1eebd6-c570-484c-b31a-5a1435359f20&custom3=p-1RYxePXT9bCS2&xbundleId=&bidurl=https%3A%2F%2Fwww.w3schools.com%2Fcolors%2Fcolors_hsl.asp%3Fcolor%3Dhsl%28195%2C%25201%2C%25200.5%29&ias_bundleId=:0:271432)
    at <anonymous> (https://fw.adsafeprotected.com/amtjs?ias_tId=187&ias_cId=139252&ias_campId=9087382&ias_placementId=9239273&ias_advId=9000039&ias_creativeId=10727182&ias_impId=1398722647391602688&custom=463abfd8-a253-4f33-a815-bbcf576d8d25&custom2=8a1eebd6-c570-484c-b31a-5a1435359f20&custom3=p-1RYxePXT9bCS2&xbundleId=&bidurl=https%3A%2F%2Fwww.w3schools.com%2Fcolors%2Fcolors_hsl.asp%3Fcolor%3Dhsl%28195%2C%25201%2C%25200.5%29&ias_bundleId=:0:272524)
    at Ce.each (https://fw.adsafeprotected.com/amtjs?ias_tId=187&ias_cId=139252&ias_campId=9087382&ias_placementId=9239273&ias_advId=9000039&ias_creativeId=10727182&ias_impId=1398722647391602688&custom=463abfd8-a253-4f33-a815-bbcf576d8d25&custom2=8a1eebd6-c570-484c-b31a-5a1435359f20&custom3=p-1RYxePXT9bCS2&xbundleId=&bidurl=https%3A%2F%2Fwww.w3schools.com%2Fcolors%2Fcolors_hsl.asp%3Fcolor%3Dhsl%28195%2C%25201%2C%25200.5%29&ias_bundleId=:0:88218)
    at m (https://fw.adsafeprotected.com/amtjs?ias_tId=187&ias_cId=139252&ias_campId=9087382&ias_placementId=9239273&ias_advId=9000039&ias_creativeId=10727182&ias_impId=1398722647391602688&custom=463abfd8-a253-4f33-a815-bbcf576d8d25&custom2=8a1eebd6-c570-484c-b31a-5a1435359f20&custom3=p-1RYxePXT9bCS2&xbundleId=&bidurl=https%3A%2F%2Fwww.w3schools.com%2Fcolors%2Fcolors_hsl.asp%3Fcolor%3Dhsl%28195%2C%25201%2C%25200.5%29&ias_bundleId=:0:272411)
    at e.<computed> (https://fw.adsafeprotected.com/amtjs?ias_tId=187&ias_cId=139252&ias_campId=9087382&ias_placementId=9239273&ias_advId=9000039&ias_creativeId=10727182&ias_impId=1398722647391602688&custom=463abfd8-a253-4f33-a815-bbcf576d8d25&custom2=8a1eebd6-c570-484c-b31a-5a1435359f20&custom3=p-1RYxePXT9bCS2&xbundleId=&bidurl=https%3A%2F%2Fwww.w3schools.com%2Fcolors%2Fcolors_hsl.asp%3Fcolor%3Dhsl%28195%2C%25201%2C%25200.5%29&ias_bundleId=:0:122644)
    at <anonymous> (https://fw.adsafeprotected.com/amtjs?ias_tId=187&ias_cId=139252&ias_campId=9087382&ias_placementId=9239273&ias_advId=9000039&ias_creativeId=10727182&ias_impId=1398722647391602688&custom=463abfd8-a253-4f33-a815-bbcf576d8d25&custom2=8a1eebd6-c570-484c-b31a-5a1435359f20&custom3=p-1RYxePXT9bCS2&xbundleId=&bidurl=https%3A%2F%2Fwww.w3schools.com%2Fcolors%2Fcolors_hsl.asp%3Fcolor%3Dhsl%28195%2C%25201%2C%25200.5%29&ias_bundleId=:0:122728)
    at Ce.each (https://fw.adsafeprotected.com/amtjs?ias_tId=187&ias_cId=139252&ias_campId=9087382&ias_placementId=9239273&ias_advId=9000039&ias_creativeId=10727182&ias_impId=1398722647391602688&custom=463abfd8-a253-4f33-a815-bbcf576d8d25&custom2=8a1eebd6-c570-484c-b31a-5a1435359f20&custom3=p-1RYxePXT9bCS2&xbundleId=&bidurl=https%3A%2F%2Fwww.w3schools.com%2Fcolors%2Fcolors_hsl.asp%3Fcolor%3Dhsl%28195%2C%25201%2C%25200.5%29&ias_bundleId=:0:88218)
    at run (https://fw.adsafeprotected.com/amtjs?ias_tId=187&ias_cId=139252&ias_campId=9087382&ias_placementId=9239273&ias_advId=9000039&ias_creativeId=10727182&ias_impId=1398722647391602688&custom=463abfd8-a253-4f33-a815-bbcf576d8d25&custom2=8a1eebd6-c570-484c-b31a-5a1435359f20&custom3=p-1RYxePXT9bCS2&xbundleId=&bidurl=https%3A%2F%2Fwww.w3schools.com%2Fcolors%2Fcolors_hsl.asp%3Fcolor%3Dhsl%28195%2C%25201%2C%25200.5%29&ias_bundleId=:0:122706)
    at i (https://fw.adsafeprotected.com/amtjs?ias_tId=187&ias_cId=139252&ias_campId=9087382&ias_placementId=9239273&ias_advId=9000039&ias_creativeId=10727182&ias_impId=1398722647391602688&custom=463abfd8-a253-4f33-a815-bbcf576d8d25&custom2=8a1eebd6-c570-484c-b31a-5a1435359f20&custom3=p-1RYxePXT9bCS2&xbundleId=&bidurl=https%3A%2F%2Fwww.w3schools.com%2Fcolors%2Fcolors_hsl.asp%3Fcolor%3Dhsl%28195%2C%25201%2C%25200.5%29&ias_bundleId=:0:121590)
    at trigger (https://fw.adsafeprotected.com/amtjs?ias_tId=187&ias_cId=139252&ias_campId=9087382&ias_placementId=9239273&ias_advId=9000039&ias_creativeId=10727182&ias_impId=1398722647391602688&custom=463abfd8-a253-4f33-a815-bbcf576d8d25&custom2=8a1eebd6-c570-484c-b31a-5a1435359f20&custom3=p-1RYxePXT9bCS2&xbundleId=&bidurl=https%3A%2F%2Fwww.w3schools.com%2Fcolors%2Fcolors_hsl.asp%3Fcolor%3Dhsl%28195%2C%25201%2C%25200.5%29&ias_bundleId=:0:121947)
    at <anonymous> (https://fw.adsafeprotected.com/amtjs?ias_tId=187&ias_cId=139252&ias_campId=9087382&ias_placementId=9239273&ias_advId=9000039&ias_creativeId=10727182&ias_impId=1398722647391602688&custom=463abfd8-a253-4f33-a815-bbcf576d8d25&custom2=8a1eebd6-c570-484c-b31a-5a1435359f20&custom3=p-1RYxePXT9bCS2&xbundleId=&bidurl=https%3A%2F%2Fwww.w3schools.com%2Fcolors%2Fcolors_hsl.asp%3Fcolor%3Dhsl%28195%2C%25201%2C%25200.5%29&ias_bundleId=:0:287374)
    at Ce.each (https://fw.adsafeprotected.com/amtjs?ias_tId=187&ias_cId=139252&ias_campId=9087382&ias_placementId=9239273&ias_advId=9000039&ias_creativeId=10727182&ias_impId=1398722647391602688&custom=463abfd8-a253-4f33-a815-bbcf576d8d25&custom2=8a1eebd6-c570-484c-b31a-5a1435359f20&custom3=p-1RYxePXT9bCS2&xbundleId=&bidurl=https%3A%2F%2Fwww.w3schools.com%2Fcolors%2Fcolors_hsl.asp%3Fcolor%3Dhsl%28195%2C%25201%2C%25200.5%29&ias_bundleId=:0:88218)
    at <anonymous> (https://fw.adsafeprotected.com/amtjs?ias_tId=187&ias_cId=139252&ias_campId=9087382&ias_placementId=9239273&ias_advId=9000039&ias_creativeId=10727182&ias_impId=1398722647391602688&custom=463abfd8-a253-4f33-a815-bbcf576d8d25&custom2=8a1eebd6-c570-484c-b31a-5a1435359f20&custom3=p-1RYxePXT9bCS2&xbundleId=&bidurl=https%3A%2F%2Fwww.w3schools.com%2Fcolors%2Fcolors_hsl.asp%3Fcolor%3Dhsl%28195%2C%25201%2C%25200.5%29&ias_bundleId=:0:287314)
[  415616ms] [ERROR] Failed to load resource: net::ERR_CONNECTION_RESET @ https://pxl.iqm.com/i/ck/mnet?cid=4263714045655984000V10&gdpr=0&gdpr_consent=&gpp_string=&gpp_sid=&redirect=https%3A%2F%2Fcs.media.net%2Fcksync%3Fcs%3D3%26type%3Diqm%26ovsid%3D%7B%24PARTNER_UID%7D&cs=9:0
[  419012ms] [WARNING] An iframe which has both allow-scripts and allow-same-origin for its sandbox attribute can escape its sandboxing. @ https://www.flashb.id/assets/js/hbdbrk_fef0c8b2caedfb449c01_m.js:0
[  419510ms] [WARNING] An iframe which has both allow-scripts and allow-same-origin for its sandbox attribute can escape its sandboxing. @ https://www.flashb.id/assets/js/hbdbrk_fef0c8b2caedfb449c01_m.js:0
[  422469ms] [ERROR] Attestation check for Shared Storage on https://www.googleadservices.com failed. @ https://www.googleadservices.com/pagead/managed/js/activeview/current/reach_worklet.html:0
[  422616ms] [WARNING] Mixed Content: The page at 'https://ssum-sec.casalemedia.com/usermatch?ix_um=1&cb=https%3A%2F%2Fjs-sec.indexww.com%2Fht%2Fhtw-pixel.gif%3F&s=195671&gdpr=0&us_privacy=1---' was loaded over HTTPS, but requested an insecure element 'http://rtb2-useast.delivrdsp.ai/sync?exchange=1378&r=https%3A%2F%2Fdsum-sec.casalemedia.com%2Fcrum%3Fcm_dsp_id%3D282%26external_user_id%3D%7BUID%7D&us_privacy=1---'. This request was automatically upgraded to HTTPS, For more information see https://blog.chromium.org/2019/10/no-more-mixed-messages-about-https.html @ https://ssum-sec.casalemedia.com/usermatch?ix_um=1&cb=https%3A%2F%2Fjs-sec.indexww.com%2Fht%2Fhtw-pixel.gif%3F&s=195671&gdpr=0&us_privacy=1---:0
[  422621ms] [WARNING] Mixed Content: The page at 'https://ssum-sec.casalemedia.com/usermatch?ix_um=1&cb=https%3A%2F%2Fjs-sec.indexww.com%2Fht%2Fhtw-pixel.gif%3F&s=195671&gdpr=0&us_privacy=1---' was loaded over HTTPS, but requested an insecure element 'http://rtb2-useast.delivrdsp.ai/sync?exchange=1378&r=https%3A%2F%2Fdsum-sec.casalemedia.com%2Fcrum%3Fcm_dsp_id%3D282%26external_user_id%3D%7BUID%7D&us_privacy=1---'. This request was automatically upgraded to HTTPS, For more information see https://blog.chromium.org/2019/10/no-more-mixed-messages-about-https.html @ https://ssum-sec.casalemedia.com/usermatch?ix_um=1&cb=https%3A%2F%2Fjs-sec.indexww.com%2Fht%2Fhtw-pixel.gif%3F&s=195671&gdpr=0&us_privacy=1---:0
[  423947ms] [DIR] SyntaxError @ https://js.ad-score.com/score.min.js?pid=1000925&tt=g:1
[  424130ms] Failed to read a named property 'addEventListener' from 'Window': Blocked a frame with origin "https://srv.flashb.id" from accessing a cross-origin frame.
[  424390ms] Failed to read a named property 'document' from 'Window': Blocked a frame with origin "https://lax1-ib.adnxs.com" from accessing a frame with origin "https://srv.flashb.id". Protocols, domains, and ports must match.
[  435953ms] [WARNING] An iframe which has both allow-scripts and allow-same-origin for its sandbox attribute can escape its sandboxing. @ https://www.flashb.id/assets/js/hbdbrk_fef0c8b2caedfb449c01_m.js:0
[  435996ms] [WARNING] An iframe which has both allow-scripts and allow-same-origin for its sandbox attribute can escape its sandboxing. @ https://www.flashb.id/assets/js/hbdbrk_fef0c8b2caedfb449c01_m.js:0
[  439532ms] [ERROR] Failed to load resource: net::ERR_CONNECTION_CLOSED @ https://pxl.iqm.com/i/ck/equativ?cid=SMART_USER_ID&redir=https%3A%2F%2Frtb-csync.smartadserver.com%2Fredir%2F%3Fissi%3D1%26partnerid%3D154%26partneruserid%3D%7BIQM_COOKIE%7D&gdpr=0&gdpr_consent=:0
[  439743ms] [ERROR] Attestation check for Shared Storage on https://www.googleadservices.com failed. @ https://www.googleadservices.com/pagead/managed/js/activeview/current/reach_worklet.html:0
[  440510ms] Failed to read a named property 'addEventListener' from 'Window': Blocked a frame with origin "https://srv.flashb.id" from accessing a cross-origin frame.
[  439743ms] [ERROR] Attestation check for Shared Storage on https://www.googleadservices.com failed. @ https://www.googleadservices.com/pagead/managed/js/activeview/current/reach_worklet.html:0
[  440945ms] [ERROR] Attestation check for Shared Storage on https://www.googleadservices.com failed. @ https://www.googleadservices.com/pagead/managed/js/activeview/current/reach_worklet.html:0
[  452591ms] [WARNING] An iframe which has both allow-scripts and allow-same-origin for its sandbox attribute can escape its sandboxing. @ https://www.flashb.id/assets/js/hbdbrk_fef0c8b2caedfb449c01_m.js:0
[  452666ms] [WARNING] An iframe which has both allow-scripts and allow-same-origin for its sandbox attribute can escape its sandboxing. @ https://www.flashb.id/assets/js/hbdbrk_fef0c8b2caedfb449c01_m.js:0
[  457223ms] Failed to read a named property 'document' from 'Window': Blocked a frame with origin "https://lax1-ib.adnxs.com" from accessing a frame with origin "https://srv.flashb.id". Protocols, domains, and ports must match.
[  465013ms] [ERROR] Attestation check for Shared Storage on https://www.googleadservices.com failed. @ https://www.googleadservices.com/pagead/managed/js/activeview/current/reach_worklet.html:0
[  469367ms] [DIR] SyntaxError @ https://js.ad-score.com/score.min.js?pid=1000925&tt=g:1
[  470431ms] [TIMEEND] a: 0.001953125 ms @ https://static.adsafeprotected.com/sca.17.6.4.js:31
[  470528ms] [ERROR] Failed to load resource: net::ERR_CONNECTION_CLOSED @ https://pxl.iqm.com/i/ck/equativ?cid=SMART_USER_ID&redir=https%3A%2F%2Frtb-csync.smartadserver.com%2Fredir%2F%3Fissi%3D1%26partnerid%3D154%26partneruserid%3D%7BIQM_COOKIE%7D&gdpr=0&gdpr_consent=:0
[  471192ms] Failed to read a named property 'document' from 'Window': Blocked a frame with origin "https://lax1-ib.adnxs.com" from accessing a frame with origin "https://srv.flashb.id". Protocols, domains, and ports must match.
[  473879ms] TypeError: Cannot read properties of null (reading 'parent')
    at detect_visibility (eval at <anonymous> (:18:499), <anonymous>:96:71)
    at on_safeframe_scroll (eval at <anonymous> (:18:499), <anonymous>:104:46)
    at https://www.flashb.id/assets/js/sf_1_6_3_m.js:1:107842
    at Array.filter (<anonymous>)
    at https://www.flashb.id/assets/js/sf_1_6_3_m.js:1:107823
    at https://www.flashb.id/assets/js/sf_1_6_3_m.js:1:105469
    at Array.filter (<anonymous>)
    at m.trigger (https://www.flashb.id/assets/js/sf_1_6_3_m.js:1:105450)
    at https://www.flashb.id/assets/js/sf_1_6_3_m.js:1:107762
    at https://www.flashb.id/assets/js/sf_1_6_3_m.js:1:105469
[  473968ms] TypeError: Cannot read properties of null (reading 'parent')
    at detect_visibility (eval at <anonymous> (:18:499), <anonymous>:96:71)
    at on_safeframe_scroll (eval at <anonymous> (:18:499), <anonymous>:104:46)
    at https://www.flashb.id/assets/js/sf_1_6_3_m.js:1:107842
    at Array.filter (<anonymous>)
    at https://www.flashb.id/assets/js/sf_1_6_3_m.js:1:107823
    at https://www.flashb.id/assets/js/sf_1_6_3_m.js:1:105469
    at Array.filter (<anonymous>)
    at m.trigger (https://www.flashb.id/assets/js/sf_1_6_3_m.js:1:105450)
    at https://www.flashb.id/assets/js/sf_1_6_3_m.js:1:107762
    at https://www.flashb.id/assets/js/sf_1_6_3_m.js:1:105469
[  475318ms] [WARNING] An iframe which has both allow-scripts and allow-same-origin for its sandbox attribute can escape its sandboxing. @ https://www.flashb.id/assets/js/hbdbrk_fef0c8b2caedfb449c01_m.js:0
[  478134ms] [ERROR] Attestation check for Shared Storage on https://www.googleadservices.com failed. @ https://www.googleadservices.com/pagead/managed/js/activeview/current/reach_worklet.html:0
[  479830ms] [ERROR] Attestation check for Attribution Reporting on https://ad.doubleclick.net failed. @ https://www.w3schools.com/colors/colors_hsl.asp?color=hsl(195,%201,%200.5):0
[  478134ms] [ERROR] Attestation check for Shared Storage on https://www.googleadservices.com failed. @ https://www.googleadservices.com/pagead/managed/js/activeview/current/reach_worklet.html:0
[  481869ms] [ERROR] Attestation check for Shared Storage on https://www.googleadservices.com failed. @ https://www.googleadservices.com/pagead/managed/js/activeview/current/reach_worklet.html:0
[  482817ms] [DIR] SyntaxError @ https://js.ad-score.com/score.min.js?pid=1000925&tt=g:1
[  478134ms] [ERROR] Attestation check for Shared Storage on https://www.googleadservices.com failed. @ https://www.googleadservices.com/pagead/managed/js/activeview/current/reach_worklet.html:0
[  481869ms] [ERROR] Attestation check for Shared Storage on https://www.googleadservices.com failed. @ https://www.googleadservices.com/pagead/managed/js/activeview/current/reach_worklet.html:0
[  484050ms] [ERROR] Attestation check for Shared Storage on https://www.googleadservices.com failed. @ https://www.googleadservices.com/pagead/managed/js/activeview/current/reach_worklet.html:0
[  484286ms] Failed to read a named property 'document' from 'Window': Blocked a frame with origin "https://lax1-ib.adnxs.com" from accessing a frame with origin "https://srv.flashb.id". Protocols, domains, and ports must match.
[  486001ms] TypeError: Cannot read properties of undefined (reading 'play')
    at lib._300x600_NA_WealthManagement_SDI_Evergreen_LevelUpBangs0525N82S_2025.frame_197 (https://s0.2mdn.net/sadbundle/16708486605144326144/300x600_NA_WealthManagement_SDI_Evergreen_LevelUpBangs0525N82S_2025.js?1746817404201:1000:21)
    at d._runActionsRange (https://code.createjs.com/1.0.0/createjs.min.js:19:7215)
    at b._runActions (https://code.createjs.com/1.0.0/createjs.min.js:19:3229)
    at b._runActionsRange (https://code.createjs.com/1.0.0/createjs.min.js:19:10055)
    at b._runActions (https://code.createjs.com/1.0.0/createjs.min.js:19:3229)
    at b.setPosition (https://code.createjs.com/1.0.0/createjs.min.js:19:1519)
    at c._updateTimeline (https://code.createjs.com/1.0.0/createjs.min.js:14:29260)
    at c.advance (https://code.createjs.com/1.0.0/createjs.min.js:14:28504)
    at c._tick (https://code.createjs.com/1.0.0/createjs.min.js:14:28796)
    at b._tick (https://code.createjs.com/1.0.0/createjs.min.js:13:11081)
[  488418ms] TypeError: Cannot read properties of null (reading 'parent')
    at detect_visibility (eval at <anonymous> (:18:499), <anonymous>:96:71)
    at on_safeframe_scroll (eval at <anonymous> (:18:499), <anonymous>:104:46)
    at https://www.flashb.id/assets/js/sf_1_6_3_m.js:1:107842
    at Array.filter (<anonymous>)
    at https://www.flashb.id/assets/js/sf_1_6_3_m.js:1:107823
    at https://www.flashb.id/assets/js/sf_1_6_3_m.js:1:105469
    at Array.filter (<anonymous>)
    at m.trigger (https://www.flashb.id/assets/js/sf_1_6_3_m.js:1:105450)
    at https://www.flashb.id/assets/js/sf_1_6_3_m.js:1:107762
    at https://www.flashb.id/assets/js/sf_1_6_3_m.js:1:105469
[  490453ms] [WARNING] An iframe which has both allow-scripts and allow-same-origin for its sandbox attribute can escape its sandboxing. @ https://www.flashb.id/assets/js/hbdbrk_fef0c8b2caedfb449c01_m.js:0
